id,station_name,street_address,city,state,zip,latitude,longitude,ev_network,access_code,status_code,ev_level1_evse_num,ev_level2_evse_num,ev_dc_fast_count,ev_connector_types,open_date,facility_type
37097,Baker Electric Building,7100 Euclid Ave,Cleveland,OH,44103,41.503373,-81.639054,Non-Networked,public,E,0.0,1.0,0.0,J1772,2010-12-15,PARKING_LOT
42640,Ohio Statehouse Parking Garage,60 E State St,Columbus,OH,43215,39.960356,-82.998458,Non-Networked,public,E,0.0,8.0,0.0,J1772,2011-11-04,PARKING_GARAGE
45716,Thayer Nissan,18039 N Dixie Hwy,Bowling Green,OH,43402,41.41606,-83.65173,Non-Networked,public,E,0.0,1.0,0.0,J1772,2012-01-31,CAR_DEALER
45718,Busam Motor Sales,1501 E Kemper Rd,Cincinnati,OH,45246,39.285136,-84.447192,Non-Networked,public,E,0.0,1.0,0.0,J1772,2012-12-01,CAR_DEALER
45720,Jeff Wyler Nissan - Cincinnati,8680 Colerain Ave,Cincinnati,OH,45251,39.228991,-84.588623,Non-Networked,public,E,0.0,1.0,0.0,J1772,2011-11-29,CAR_DEALER
45734,Jeff Wyler Nissan - Fairfield,5829 Dixie Hwy,Fairfield,OH,45014,39.329217,-84.517152,Non-Networked,public,E,0.0,2.0,1.0,CHADEMO J1772,2012-01-31,CAR_DEALER
45756,I-90 Nissan,5013 Detroit Rd,Sheffield Village,OH,44054,41.423584,-82.088115,Non-Networked,public,E,0.0,1.0,0.0,J1772,2012-01-31,CAR_DEALER
46423,Diehl Automotive,3710 Lincoln Way E,Massillon,OH,44646,40.794689,-81.462403,Non-Networked,public,E,0.0,2.0,0.0,J1772,2012-04-15,CAR_DEALER
47399,City of Columbus - City Hall,50 W Gay St,Columbus,OH,43215,39.963572,-83.0025,Non-Networked,public,E,0.0,1.0,0.0,J1772,2011-12-31,MUNI_GOV
47452,City of Columbus - Goodale Park,120 W Goodale St,Columbus,OH,43215,39.973748,-83.006367,Non-Networked,public,E,0.0,1.0,0.0,J1772,2016-10-07,MUNI_GOV
49042,Bowling Green State University - Parking Lot 20,E Wooster St,Bowling Green,OH,43403,41.375435,-83.623149,Non-Networked,public,E,0.0,1.0,0.0,J1772,2012-07-15,COLLEGE_CAMPUS
49043,Bowling Green State University - Parking Lot 8,707 E Merry Ave,Bowling Green,OH,43403,41.382179,-83.642274,Non-Networked,public,E,0.0,1.0,0.0,J1772,2012-07-15,COLLEGE_CAMPUS
49044,Bowling Green State University - Parking Lot E,Pike St & Thurstin Ave,Bowling Green,OH,43403,41.376854,-83.644407,Non-Networked,public,E,0.0,1.0,0.0,J1772,2012-07-15,COLLEGE_CAMPUS
49045,City of Bowling Green - Parking Lot 1,119 E Court St,Bowling Green,OH,43402,41.375364,-83.649802,Non-Networked,public,E,0.0,1.0,0.0,J1772,2012-07-15,PARKING_LOT
49046,City of Bowling Green - Parking Lot 2,125 S Prospect St,Bowling Green,OH,43402,41.373994,-83.649364,Non-Networked,public,E,0.0,1.0,0.0,J1772,2012-07-15,PARKING_LOT
49047,City of Bowling Green - Parking Lot 3,132 S Church St,Bowling Green,OH,43402,41.373695,-83.651523,Non-Networked,public,E,0.0,1.0,0.0,J1772,2012-07-15,PARKING_LOT
49680,Jeff Wyler Nissan,1117 State Route 32,Batavia,OH,45103,39.09142,-84.25488,Non-Networked,public,E,0.0,1.0,0.0,J1772,2012-10-25,CAR_DEALER
51096,City of Centerville - City Hall,100 W Spring Valley Rd,Centerville,OH,45458,39.613576,-84.161878,Non-Networked,public,E,0.0,1.0,0.0,J1772,2019-11-27,MUNI_GOV
51697,Bob Boyd Ford,2840 N Columbus St,Lancaster,OH,43130,39.746087,-82.647696,Non-Networked,public,E,0.0,2.0,0.0,J1772,2016-12-27,CAR_DEALER
52033,Akron Centre Parking Deck,11 W Mill St,Akron,OH,44308,41.084201,-81.519084,Non-Networked,public,E,0.0,1.0,0.0,J1772,2013-05-15,PAY_GARAGE
53455,Tipp City - Downtown,20 N 3rd St,Tipp City,OH,45371,39.961897,-84.171038,Non-Networked,public,E,0.0,1.0,0.0,J1772,2013-10-14,MUNI_GOV
53457,Tipp City - Menards,75 Weller Dr,Tipp City,OH,45371,39.964435,-84.191229,Non-Networked,public,E,0.0,1.0,0.0,J1772,2013-10-14,SHOPPING_CENTER
61497,University of Cincinnati - Medical Campus,3225 Eden Ave,Cincinnati,OH,45229,39.138291,-84.505295,Non-Networked,public,E,0.0,2.0,0.0,J1772,2014-04-19,COLLEGE_CAMPUS
61533,Clearcreek Park,3500 Lower Springboro Rd,Springboro,OH,45066,39.490006,-84.219994,Non-Networked,public,E,0.0,1.0,0.0,J1772,2014-04-18,PARK
62148,CAIN BMW STATION 01,6461 Whipple Ave NW,North Canton,OH,44720,40.875036,-81.423896,ChargePoint Network,public,E,0.0,2.0,0.0,J1772,2014-06-14,
62462,City of Bellefontaine,126 W Chillicothe Ave,Bellefontaine,OH,43311,40.360389,-83.76175,Non-Networked,public,E,2.0,2.0,0.0,J1772 NEMA520,2014-07-07,PARKING_LOT
63519,University of Dayton - B Lot,300 College Park Dr,Dayton,OH,45469,39.74050400034837,-84.17748104627992,Non-Networked,public,E,0.0,2.0,0.0,J1772,2014-07-01,COLLEGE_CAMPUS
63606,Nick Mayer Ford,6200 Mayfield Rd,Mayfield Heights,OH,44124,41.519266,-81.455388,Non-Networked,public,E,0.0,2.0,0.0,J1772,2013-06-01,CAR_DEALER
63983,Park Ford,400 W Ave,Tallmadge,OH,44278,41.102337,-81.457703,Non-Networked,public,E,0.0,2.0,0.0,J1772,2014-01-01,CAR_DEALER
65404,Ottawa National Wildlife Refuge,14000 W State Route 2,Oak Harbor,OH,43449,41.603862,-83.202233,Non-Networked,public,E,0.0,2.0,0.0,J1772,2014-12-20,PARK
73698,University of Cincinnati,321 Clifton Ct,Cincinnati,OH,45219,39.133504,-84.519156,Non-Networked,public,E,0.0,2.0,0.0,J1772,2016-02-01,COLLEGE_CAMPUS
73816,Buckeye Nissan,2480 N Memorial Dr Suite D,Lancaster,OH,43130,39.74115015,-82.636728563,Non-Networked,public,E,0.0,1.0,0.0,J1772,2016-02-29,CAR_DEALER
74215,City of Bexley - City Hall,2242 E Main St,Bexley,OH,43209,39.958108,-82.940283,Non-Networked,public,E,0.0,2.0,0.0,J1772,2015-07-01,MUNI_GOV
74216,City of Grove City - Public Parking,4069 1st St,Grove City,OH,43123,39.881378,-83.093302,Non-Networked,public,E,0.0,2.0,0.0,J1772,2015-05-01,PARKING_LOT
74691,EASTON GATEWAY 1,4194 Easton Gateway Dr,Columbus,OH,43219,40.056191,-82.907304,ChargePoint Network,public,E,0.0,2.0,0.0,J1772,2016-04-02,
75077,KCG PARKING STATION 2,201 E Erie St,Kent,OH,44240,41.15306,-81.355065,ChargePoint Network,public,E,0.0,1.0,0.0,J1772,2016-04-15,
78497,Case Western Reserve University Hospital - Rainbow Garage,2101 Adelbert Rd,Cleveland,OH,44106,41.504852,-81.60522,Non-Networked,public,E,0.0,3.0,0.0,J1772,2016-08-15,PARKING_GARAGE
80079,GEMINI TOWER I EV CHARGE2,1991 Crocker Rd,Westlake,OH,44145,41.462814,-81.949575,ChargePoint Network,public,E,0.0,2.0,0.0,J1772,2016-12-06,
80589,University of Toledo - Parking Area 44,1135 Transverse Dr,Toledo,OH,43606,41.618536,-83.612506,Non-Networked,public,E,0.0,1.0,0.0,J1772,2016-09-01,COLLEGE_CAMPUS
80591,City of Toledo,393 N Superior St,Toledo,OH,43504,41.653024,-83.534785,Non-Networked,public,E,0.0,3.0,0.0,J1772,2013-01-01,STREET_PARKING
80592,Toledo Museum of Art,2445 Monroe St,Toledo,OH,43604,41.658295,-83.559497,Non-Networked,public,E,0.0,2.0,0.0,J1772,2016-12-01,MUSEUM
80601,McDonald's,18 NE Catawba Rd,Port Clinton,OH,43452,41.524539,-82.859474,Non-Networked,public,E,0.0,1.0,0.0,J1772,2016-12-01,RESTAURANT
80602,Whole Foods Market,4100 Easton Gateway Dr,Columbus,OH,43219,40.057042,-82.908986,Non-Networked,public,E,0.0,2.0,0.0,J1772,2016-12-01,GROCERY
80608,Subway,97 E Main St,West Jefferson,OH,43162,39.944637,-83.266434,Non-Networked,public,E,0.0,1.0,0.0,J1772,2016-12-01,RESTAURANT
80610,Liberty Ford,6600 Pearl Rd,Parma Heights,OH,44130,41.383685,-81.777673,Non-Networked,public,E,0.0,2.0,0.0,J1772,2016-12-01,CAR_DEALER
80614,First Unitarian Church - Cleveland,21600 Shaker Blvd,Shaker Heights,OH,44122,41.47658,-81.527274,Non-Networked,public,E,0.0,2.0,0.0,J1772,2016-12-01,PLACE_OF_WORSHIP
80616,Sarchione Chevrolet Garretsville,10851 North St,Garrettsville,OH,44231,41.287531,-81.099218,Non-Networked,public,E,0.0,1.0,0.0,J1772,2016-12-01,CAR_DEALER
80617,IBEW Local 573,4550 Research Pkwy NW,Warren,OH,44483,41.283097,-80.824945,Non-Networked,public,E,0.0,1.0,0.0,J1772,2013-10-01,OFFICE_BLDG
80626,Kent State University - Heer Hall,635 Loop Rd,Kent,OH,44242,41.14603,-81.334706,Non-Networked,public,E,0.0,1.0,0.0,J1772,2016-12-01,COLLEGE_CAMPUS
80630,Wright Point Office Park,5200 Springfield St,Riverside,OH,45431,39.781661,-84.118916,Non-Networked,public,E,0.0,2.0,0.0,J1772,2014-06-01,OFFICE_BLDG
80631,Sinclair Community College - Building 20,20 OH-4,Dayton,OH,45402,39.752881,-84.203347,Non-Networked,public,E,0.0,2.0,0.0,J1772,2014-08-01,COLLEGE_CAMPUS
80632,Sinclair Community College - Building 9,201 W 5th St,Dayton,OH,45402,39.756255,-84.195391,Non-Networked,public,E,0.0,2.0,0.0,J1772,2016-08-01,COLLEGE_CAMPUS
80633,Kettering Medical Center,3535 Southern Blvd,Kettering,OH,45429,39.6983,-84.191703,Non-Networked,public,E,0.0,3.0,0.0,J1772,2016-12-01,HOSPITAL
80641,Kings Ford,9555 Kings Auto Mall Rd,Cincinnati,OH,45249,39.295963,-84.307558,Non-Networked,public,E,0.0,4.0,0.0,J1772,2017-01-07,CAR_DEALER
80642,McCluskey Chevrolet,9673 Kings Automall Dr,Cincinnati,OH,45249,39.298517,-84.307241,Non-Networked,public,E,0.0,6.0,0.0,J1772,2016-12-01,CAR_DEALER
80645,Camargo Cadillac,9880 Montgomery Rd,Cincinnati,OH,45242,39.236407,-84.349902,Non-Networked,public,E,0.0,1.0,0.0,J1772,2016-12-01,CAR_DEALER
80647,McCluskey Chevrolet,399 E Galbraith Rd,Arlington Heights,OH,45215,39.212057,-84.458869,Non-Networked,public,E,0.0,1.0,0.0,J1772,2016-12-01,CAR_DEALER
80650,84.51 Parking Garage,120 W 5th St,Cincinnati,OH,45202,39.101037,-84.514744,Non-Networked,public,E,0.0,6.0,0.0,J1772,2016-12-01,PARKING_GARAGE
81167,Northwest College,22600 OH-34,Archbold,OH,43502,41.449576,-84.298138,Non-Networked,public,E,0.0,2.0,0.0,J1772,2016-12-01,COLLEGE_CAMPUS
81170,Reineke Ford Lincoln,12000 County Rd 99,Findlay,OH,45840,41.088461,-83.651199,Non-Networked,public,E,0.0,1.0,0.0,J1772,2016-12-01,CAR_DEALER
81171,Wright State University - Allyn Hall,3640 Colonel Glenn Hwy,Fairborn,OH,45324,39.781158,-84.063072,Non-Networked,public,E,0.0,2.0,0.0,J1772,2016-12-01,COLLEGE_CAMPUS
81527,Kent State University - Student Center,1075 Risman Dr,Kent,OH,44242,41.14765,-81.343172,Non-Networked,public,E,0.0,1.0,0.0,J1772,2016-06-15,COLLEGE_CAMPUS
82241,YARK BMW STATION 2,7600 Central Ave,Toledo,OH,43617,41.674255,-83.72517,ChargePoint Network,public,E,0.0,2.0,0.0,J1772,2017-04-08,
85971,Georgesville Nissan,1260 Auto Mall Dr,Columbus,OH,43228,39.92677,-83.12396,Non-Networked,public,E,0.0,2.0,1.0,CHADEMO J1772,2017-03-01,CAR_DEALER
85973,Coughlin Nissan,1459 Hebron Rd,Heath,OH,43056,40.012238,-82.458184,Non-Networked,public,E,0.0,2.0,0.0,J1772,2017-03-01,CAR_DEALER
85974,Nissan North,8645 N High St,Worthington,OH,43085,40.1403474,-83.0184409,Non-Networked,public,E,0.0,3.0,0.0,J1772,2017-03-01,CAR_DEALER
86748,OHIO DOMINICAN ODU EVSTATION 2,1229-1297 Sunbury Rd,Columbus,OH,43219,39.994645,-82.941254,ChargePoint Network,public,E,0.0,2.0,0.0,J1772,2017-08-15,
87653,The Dealership,3558 Lee Rd,Shaker Heights,OH,44120,41.462881,-81.564921,AMPUP,public,E,0.0,1.0,0.0,J1772,2017-09-12,CAR_DEALER
88426,Motel 6,11406 Highway 250 N,Milan,OH,44846,41.328903,-82.621124,Non-Networked,public,E,2.0,0.0,0.0,NEMA520,2017-11-01,HOTEL
89916,Holiday Inn Express,5311 Hetzel St,Cincinnati,OH,45227,39.157381,-84.403453,Non-Networked,public,E,0.0,2.0,0.0,J1772,2017-11-30,HOTEL
89933,OHIO STATE UNV GATEWAY GARAGE,75 E. 11th,Columbus,OH,43201,39.994178,-83.005558,ChargePoint Network,public,E,0.0,2.0,0.0,J1772,2018-01-03,
91906,OhioHealth Riverside Hospital - Visitor's Lot,3535 Olentangy River Rd,Columbus,OH,43214,40.031768,-83.032414,Non-Networked,public,E,0.0,2.0,0.0,J1772,2018-02-01,PARKING_GARAGE
91983,Ohio Caverns,2210 State Route 245 E,West Liberty,OH,43357,40.238319,-83.696735,Non-Networked,public,E,0.0,1.0,0.0,J1772,2018-01-01,PARK
92123,University of Dayton - C Lot,300 College Park Dr,Dayton,OH,45469,39.73651917625988,-84.17362939413454,Non-Networked,public,E,0.0,4.0,0.0,J1772,2018-01-01,COLLEGE_CAMPUS
92124,University of Dayton - St. Joseph's Hall,300 College Park Dr,Dayton,OH,45469,39.73877974656766,-84.17766343649294,Non-Networked,public,E,0.0,2.0,0.0,J1772,2018-01-01,COLLEGE_CAMPUS
92127,Wright State University - Lot 1A,3640 Colonel Glenn Hwy,Fairborn,OH,45324,39.781158,-84.063072,Non-Networked,public,E,0.0,2.0,0.0,J1772,2018-01-01,COLLEGE_CAMPUS
92359,HDMA-ADC HRAO 1 1,21001 OH-739,Raymond,OH,43067,40.302912,-83.527571,ChargePoint Network,public,E,0.0,2.0,0.0,J1772,2018-03-07,
92360,HDMA-ADC HRAO 2 1,21001 OH-739,Raymond,OH,43067,40.302863,-83.527515,ChargePoint Network,public,E,0.0,2.0,0.0,J1772,2018-03-07,
92373,OHIO STATE UNV 9TH EAST GARAGE,337 W 9th Ave,Columbus,OH,43201,39.993138,-83.015898,ChargePoint Network,public,E,0.0,2.0,0.0,J1772,2018-03-07,
92374,OHIO STATE UNV LANE AVE GARAGE,2100 Neil Ave,Columbus,OH,43210,40.00584,-83.016042,ChargePoint Network,public,E,0.0,2.0,0.0,J1772,2018-03-07,
92402,BROADVIEW THE BROADVIEW1,1414 Broadview Ave,Columbus,OH,43212,39.986383,-83.045413,ChargePoint Network,public,E,0.0,2.0,0.0,J1772,2018-03-07,
95008,Douglas Insurance Agency,11 W Main St,Dalton,OH,44618,40.7985,-81.695396,Non-Networked,public,E,0.0,1.0,0.0,J1772,2018-03-20,OFFICE_BLDG
96820,AAA BSTS DENT EVSE 01,5977 Harrison Ave,Cincinnati,OH,45248,39.177812,-84.645758,ChargePoint Network,public,E,0.0,2.0,0.0,J1772,2018-04-26,
98595,OHIO STATE UNV CAR LEVEL 3,930 Kinnear Rd,Columbus,OH,43212,39.997985,-83.033071,ChargePoint Network,public,E,0.0,0.0,1.0,CHADEMO J1772COMBO,2018-05-30,
99369,DUBLIN FLEET REC CENTER,5600 Post Rd,Dublin,OH,43017,40.106791,-83.13932,ChargePoint Network,public,E,0.0,2.0,0.0,J1772,2018-06-19,
100349,HTM HTM STATION 1,6964 OH-235,Russells Point,OH,43348,40.446709,-83.901702,ChargePoint Network,public,E,0.0,2.0,0.0,J1772,2018-08-11,
102353,"Cambridge, OH - Tesla Supercharger",2101 Southgate Parkway,Cambridge,OH,43725,40.003573,-81.575032,Tesla,public,E,0.0,0.0,8.0,TESLA,2017-07-26,GAS_STATION
102354,"West Cincinnati, OH - Tesla Supercharger",6550 Harrison Avenue,Cincinnati,OH,45247,39.193654,-84.659193,Tesla,public,E,0.0,0.0,12.0,TESLA,2018-04-13,SHOPPING_CENTER
102355,"Dayton, OH - Tesla Supercharger",9200 N Main Street,Dayton,OH,45415,39.858684,-84.277014,Tesla,public,E,0.0,0.0,8.0,TESLA,2014-11-12,GROCERY
102356,"Grove City, OH - Tesla Supercharger",2221 Stringtown Rd,Grove City,OH,43123,39.877162,-83.063413,Tesla,public,E,0.0,0.0,8.0,TESLA,2015-01-16,SHOPPING_CENTER
102357,"Lima, OH - Tesla Supercharger",1933 Roschman Ave.,Lima,OH,45804,40.726644,-84.071899,Tesla,public,E,0.0,0.0,8.0,TESLA,2014-12-23,HOTEL
102358,"Macedonia, OH - Tesla Supercharger",8210 Macedonia Commons Blvd.,Macedonia,OH,44056,41.313662,-81.516977,Tesla,public,E,0.0,0.0,6.0,TESLA,2014-01-15,SHOPPING_CENTER
102359,"Maumee, OH - Tesla Supercharger",1385 Conant Street,Maumee,OH,43537,41.578413,-83.664709,Tesla,public,E,0.0,0.0,8.0,TESLA,2014-01-13,GROCERY
102360,"Mt. Gilead, OH - Tesla Supercharger",6200 State Route 95,Mt. Gilead,OH,43338,40.493825,-82.713002,Tesla,public,E,0.0,0.0,8.0,TESLA,2016-12-15,RESTAURANT
102361,"Sandusky, OH - Tesla Supercharger",4702 Milan Road,Sandusky,OH,44870,41.410157,-82.662928,Tesla,public,E,0.0,0.0,10.0,TESLA,2018-06-30,SHOPPING_CENTER
102362,"Sheffield, OH - Tesla Supercharger",5295 Detroit Road,Sheffield,OH,44054,41.426991,-82.076349,Tesla,public,E,0.0,0.0,8.0,TESLA,2018-02-09,GAS_STATION
102363,"Strongsville, OH - Tesla Supercharger",9037 Pearl Road,Strongsville,OH,44136,41.343337,-81.824925,Tesla,public,E,0.0,0.0,8.0,TESLA,2018-02-08,GAS_STATION
102364,"Toledo, OH - Tesla Supercharger",1500 E. Alexis Road,Toledo,OH,43612,41.721565,-83.509205,Tesla,public,E,0.0,0.0,10.0,TESLA,2017-12-03,GROCERY
103631,Kings Chrysler Jeep Dodge Ram,4486 Kings Water Dr,Cincinnati,OH,45249,39.298491,-84.303861,Non-Networked,public,E,0.0,2.0,0.0,J1772,2017-05-01,CAR_DEALER
103821,CITY OF WOOSTER NE QUAD 1,121 N Market St,Wooster,OH,44691,40.798678,-81.939838,ChargePoint Network,public,E,0.0,2.0,0.0,J1772,2018-10-02,
104143,City of Hilliard - Center Street,5396 Center St,Hilliard,OH,43026,40.035508,-83.16154,Non-Networked,public,E,0.0,4.0,0.0,J1772,2011-01-01,PARKING_LOT
104256,Lee Kinstle GM,650 E Ervin Rd,Van Wert,OH,45891,40.858477,-84.591509,Non-Networked,public,E,0.0,1.0,0.0,J1772,2018-10-01,CAR_DEALER
104487,RIVER & RICH RIVER & RICH 1,427 W Rich St,Columbus,OH,43215,39.956039,-83.011169,ChargePoint Network,public,E,0.0,2.0,0.0,J1772,2018-11-02,
104488,RIVER & RICH RIVER & RICH 2,447 W Rich St,Columbus,OH,43215,39.955717,-83.01158,ChargePoint Network,public,E,0.0,2.0,0.0,J1772,2018-11-02,
104632,METROHEALTH1 P2-#1,1700 Southpoint Dr,Cleveland,OH,44109,41.460771,-81.69626,ChargePoint Network,public,E,0.0,2.0,0.0,J1772,2018-11-09,
104716,OHIO STATE UNV SCHUMAKER2,630 Trumbull Ct,Columbus,OH,43210,40.012961,-83.026331,ChargePoint Network,public,E,0.0,1.0,0.0,J1772,2018-11-15,
105537,LAZ COLUMBUS OH CHESTNUT 03,44 E Chestnut St,Columbus,OH,43215,39.968072,-83.000745,ChargePoint Network,public,E,0.0,2.0,0.0,J1772,2019-01-01,
105538,LAZ COLUMBUS OH NEIL GARAGE 1,300 Neil Ave,Columbus,OH,43215,39.967337,-83.009027,ChargePoint Network,public,E,0.0,2.0,0.0,J1772,2019-01-01,
105539,LAZ COLUMBUS OH ARENACROSSING 2,445 N Front St,Columbus,OH,43215,39.971236,-83.0051,ChargePoint Network,public,E,0.0,2.0,0.0,J1772,2019-01-01,
105540,LAZ COLUMBUS OH JMG 2,355 John H McConnell Blvd,Columbus,OH,43215,39.968943,-83.008139,ChargePoint Network,public,E,0.0,2.0,0.0,J1772,2019-01-01,
115253,Papa Joe's - Tesla Destination,1561 Akron Peninsula Rd,Akron,OH,44313,41.137742,-81.547282,Tesla Destination,public,E,0.0,2.0,0.0,TESLA,2014-05-22,RESTAURANT
115254,DoubleTree by Hilton Hotel Akron - Fairlawn - Tesla Destination,3150 W Market St,Akron,OH,44333,41.130044,-81.615561,Tesla Destination,public,E,0.0,3.0,0.0,J1772 TESLA,2018-05-31,HOTEL
115255,Hilton Akron/Fairlawn Hotel & Suites - Tesla Destination,3180 W Market St,Akron,OH,44333,41.130631,-81.61655,Tesla Destination,public,E,0.0,3.0,0.0,J1772 TESLA,2018-05-31,HOTEL
115256,Courtyard by Marriott Akron Downtown - Tesla Destination,41 Furnace St,Akron,OH,44308,41.088771,-81.515045,Tesla Destination,public,E,0.0,2.0,0.0,J1772 TESLA,2017-07-17,HOTEL
115257,Embassy Suites Akron-Canton Airport - Tesla Destination,7883 Freedom Ave NW,Akron,OH,44720,40.895482,-81.429805,Tesla Destination,public,E,0.0,2.0,0.0,J1772 TESLA,2017-10-05,HOTEL
115258,Walden Inn - Tesla Destination,1119 Aurora Hudson Rd,Aurora,OH,44202,41.28741,-81.360834,Tesla Destination,public,E,0.0,1.0,0.0,TESLA,2017-01-04,INN
115259,Hampton Inn Ashtabula - Tesla Destination,2900 Gh Dr,Austinburg,OH,44010,41.783837,-80.857541,Non-Networked,public,E,0.0,1.0,0.0,J1772,2016-06-23,HOTEL
115260,Riverside Gables Bed & Breakfast - Tesla Destination,50 N Rocky River Dr,Berea,OH,44017,41.370068,-81.85471,Tesla Destination,public,E,0.0,2.0,0.0,J1772 TESLA,2015-06-02,B_AND_B
115261,Bexley Bed and Breakfast - Tesla Destination,519 S Drexel Ave,Bexley,OH,43209,39.958296,-82.938421,Tesla Destination,public,E,0.0,2.0,0.0,J1772 TESLA,2017-07-31,B_AND_B
115262,Wingate by Wyndham Cincinnati-Blue Ash - Tesla Destination,4320 Glendale Milford Rd,Blue Ash,OH,45242,39.252643,-84.388081,Tesla Destination,public,E,0.0,2.0,0.0,TESLA,2016-10-18,HOTEL
115263,Fairfield Inn & Suites by Marriott Canton South - Tesla Destination,4025 Greentree Ave SW,Canton,OH,44706,40.752273,-81.404033,Tesla Destination,public,E,0.0,4.0,0.0,J1772 TESLA,2018-08-13,HOTEL
115264,MadTree Brewing - Tesla Destination,3301 Madison Rd,Cincinnati,OH,45209,39.156247,-84.423941,Tesla Destination,public,E,0.0,4.0,0.0,J1772 TESLA,2018-05-15,RESTAURANT
115265,Hilton Cincinnati Netherland Plaza - Tesla Destination,35 W 5th St,Cincinnati,OH,45202,39.100893,-84.514191,Tesla Destination,public,E,0.0,2.0,0.0,TESLA,2014-12-02,HOTEL
115266,Envision Cinemas Bar & Grille - Tesla Destination,4780 Cornell Rd,Cincinnati,OH,45241,39.270393,-84.373524,Tesla Destination,public,E,0.0,2.0,0.0,TESLA,2015-12-14,RESTAURANT
115267,21c Hotel Cincinnati - Tesla Destination,609 Walnut St,Cincinnati,OH,45202,39.103088,-84.512057,Tesla Destination,public,E,0.0,3.0,0.0,J1772 TESLA,2014-09-19,HOTEL
115268,SpringHill Suites by Marriott Cincinnatti Midtown - Tesla Destination,610 Eden Park Dr,Cincinnati,OH,45202,39.117838,-84.498394,Tesla Destination,public,E,0.0,4.0,0.0,J1772 TESLA,2018-03-16,HOTEL
115269,Meier's Wine Cellars - Tesla Destination,6955 Plainfield Rd,Cincinnati,OH,45236,39.195425,-84.401134,Tesla Destination,public,E,0.0,4.0,0.0,J1772 TESLA,2018-03-14,BREWERY_DISTILLERY_WINERY
115270,Mariemont Promenade - Tesla Destination,7257 Wooster Pike,Cincinnati,OH,45227,39.144032,-84.366115,Tesla Destination,public,E,0.0,2.0,0.0,TESLA,2017-04-11,SHOPPING_CENTER
115271,Shooters on the Water - Tesla Destination,1148 Main Ave,Cleveland,OH,44113,41.498136,-81.707145,Tesla Destination,public,E,0.0,3.0,0.0,J1772 TESLA,2015-08-14,RESTAURANT
115273,Great Lakes Science Center - Parking Garage Level 1 - Tesla Destination,601 Erieside Ave,Cleveland,OH,44114,41.507727,-81.69852,Tesla Destination,public,E,0.0,3.0,0.0,J1772 TESLA,2017-10-23,MUSEUM
115274,Neil Avenue Bed and Breakfast - Tesla Destination,1237 Neil Ave,Columbus,OH,43201,39.986688,-83.013276,Tesla Destination,public,E,0.0,1.0,0.0,TESLA,2017-08-09,B_AND_B
115275,SpringHill Suites by Marriott Columbus OSU - Tesla Destination,1421 Olentangy River Rd,Columbus,OH,43212,39.988937,-83.026347,Tesla Destination,public,E,0.0,2.0,0.0,J1772 TESLA,2017-09-13,HOTEL
115276,Four Points by Sheraton Columbus Ohio Airport - Tesla Destination,3030 Plaza Properties Blvd,Columbus,OH,43219,40.003249,-82.927424,Tesla Destination,public,E,0.0,4.0,0.0,J1772 TESLA,2017-06-26,HOTEL
115277,Residence Inn Columbus University Area - Tesla Destination,3100 Olentangy River Rd,Columbus,OH,43202,40.024204,-83.025287,Tesla Destination,public,E,0.0,4.0,0.0,J1772 TESLA,2017-09-06,HOTEL
115278,OhioHealth Riverside Hospital - Visitor's Lot - Tesla Destination,3535 Olentangy River Rd,Columbus,OH,43214,40.030609,-83.034292,Tesla Destination,public,E,0.0,1.0,0.0,TESLA,2017-12-21,HOSPITAL
115279,Residence Inn by Marriott Columbus Downtown - Tesla Destination,36 E Gay St,Columbus,OH,43215,39.964096,-82.999809,Tesla Destination,public,E,0.0,4.0,0.0,J1772 TESLA,2017-07-05,HOTEL
115280,Hilton Columbus at Easton - Tesla Destination,3900 Chagrin Dr.,Columbus,OH,43219,40.050521,-82.912239,Tesla Destination,public,E,0.0,1.0,0.0,TESLA,2015-11-10,HOTEL
115281,Hilton Columbus Downtown - Tesla Destination,401 N High St,Columbus,OH,43215,39.971151,-83.002496,Tesla Destination,public,E,0.0,2.0,0.0,TESLA,2015-11-09,HOTEL
115282,Holiday Inn Columbus - Hilliard - Tesla Destination,5495 Maxwell Pl,Columbus,OH,43228,39.978948,-83.145259,Tesla Destination,public,E,0.0,4.0,0.0,J1772 TESLA,2017-10-16,HOTEL
115283,The Timbrook Guesthouse - Tesla Destination,5811 Olentangy River Rd,Columbus,OH,43235,40.078735,-83.039626,Tesla Destination,public,E,0.0,2.0,0.0,J1772 TESLA,2016-11-07,HOTEL
115284,Hampton Inn & Suites Scioto Downs - Tesla Destination,5950 S High St,Columbus,OH,43137,39.83976,-82.998217,Tesla Destination,public,E,0.0,3.0,0.0,TESLA,2017-12-04,HOTEL
115285,Hyatt Place Columbus/Worthington - Tesla Destination,7490 Vantage Dr,Columbus,OH,43235,40.115967,-83.013604,Tesla Destination,public,E,0.0,3.0,0.0,J1772 TESLA,2017-03-02,HOTEL
115286,Four Points by Sheraton Columbus - Polaris - Tesla Destination,8505 Pulsar Pl,Columbus,OH,43240,40.141179,-82.967623,Tesla Destination,public,E,0.0,4.0,0.0,J1772 TESLA,2017-08-28,HOTEL
115287,Cambria hotel & suites Columbus - Polaris - Tesla Destination,9100 Lyra Dr,Columbus,OH,43240,40.150777,-82.973907,Tesla Destination,public,E,0.0,3.0,0.0,J1772 TESLA,2017-04-27,HOTEL
115288,Holiday Inn Columbus Downtown - Capitol Square - Tesla Destination,175 E Town St,Columbus,OH,43215,39.958798,-82.994743,Tesla Destination,public,E,0.0,4.0,0.0,J1772 TESLA,2017-08-31,HOTEL
115289,Best Western Plus - West Akron Inn & Suites - Tesla Destination,160 Montrose West Ave,Copley,OH,44321,41.1297,-81.654725,Tesla Destination,public,E,0.0,2.0,0.0,TESLA,2015-12-23,HOTEL
115290,Sheraton Suites Akron Cuyahoga Falls - Tesla Destination,1989 Front St,Cuyahoga Falls,OH,44221,41.133091,-81.483154,Tesla Destination,public,E,0.0,6.0,0.0,J1772 TESLA,2018-08-14,HOTEL
115291,"The White Oak Inn, a Select Registry Property - Tesla Destination",29683 Walhonding Rd,Danville,OH,43014,40.383155,-82.2118,Tesla Destination,public,E,0.0,2.0,0.0,TESLA,2015-03-31,INN
115292,Marriott at the University of Dayton - Tesla Destination,1414 S Paterson Blvd,Dayton,OH,45409,39.737425,-84.190497,Tesla Destination,public,E,0.0,2.0,0.0,J1772 TESLA,2018-07-24,HOTEL
115293,Courtyard Dayton-University of Dayton - Tesla Destination,2006 S. Edwin C. Moses Blvd,Dayton,OH,45417,39.732444,-84.202428,Tesla Destination,public,E,0.0,4.0,0.0,J1772 TESLA,2018-02-05,HOTEL
115294,Dorothy Lane Market Oakwood - Tesla Destination,2710 Far Hills Ave,Dayton,OH,45419,39.706684,-84.169928,Tesla Destination,public,E,0.0,2.0,0.0,J1772 TESLA,2017-05-12,SHOPPING_CENTER
115295,Dorothy Lane Market - Washington Square - Tesla Destination,6177 Far Hills Ave,Dayton,OH,45459,39.657592,-84.15936,Tesla Destination,public,E,0.0,3.0,0.0,J1772 TESLA,2015-05-26,SHOPPING_CENTER
115296,Home2 Suites by Hilton Dayton Vandalia - Tesla Destination,6615 Towne Center Dr,Dayton,OH,45414,39.844019,-84.195617,Tesla Destination,public,E,0.0,4.0,0.0,J1772 TESLA,2018-06-12,HOTEL
115297,Whispering Pines Bed & Breakfast - Tesla Destination,1268 Magnolia Rd SW,Dellroy,OH,44620,40.555629,-81.24124,Tesla Destination,public,E,0.0,2.0,0.0,J1772 TESLA,2015-05-14,B_AND_B
115298,"The Inn at Dresden, a Select Registry Property - Tesla Destination",209 Ames Dr,Dresden,OH,43821,40.120546,-82.022756,Tesla Destination,public,E,0.0,2.0,0.0,J1772 TESLA,2015-03-25,INN
115299,Kenyon Inn & Restaurant - Tesla Destination,100 W Wiggin St,Gambier,OH,43022,40.376485,-82.397799,Tesla Destination,public,E,0.0,4.0,0.0,J1772 TESLA,2017-10-25,HOTEL
115301,Best Western Executive Inn - Tesla Destination,4026 Jackpot Rd,Grove City,OH,43123,39.879803,-83.045505,Tesla Destination,public,E,0.0,1.0,0.0,TESLA,2015-01-28,HOTEL
115302,Courtyard by Marriott Hamilton - Tesla Destination,1 Riverfront Plaza,Hamilton,OH,45011,39.401888,-84.563181,Tesla Destination,public,E,0.0,4.0,0.0,J1772 TESLA,2017-10-11,HOTEL
115303,Motel 6 Sandusky- Huron - Tesla Destination,601 Rye Beach Rd,Huron,OH,44839,41.402427,-82.591866,Tesla Destination,public,E,0.0,2.0,0.0,TESLA,2017-10-20,HOTEL
115304,Inn and Spa at Cedar Falls - Tesla Destination,21190 State Route 374,Logan,OH,43138,39.424961,-82.52534,Tesla Destination,public,E,0.0,2.0,0.0,J1772 TESLA,2015-07-07,INN
115305,Brandywine Country Club - Tesla Destination,6904 Salisbury Rd,Maumee,OH,43537,41.58462,-83.705301,Tesla Destination,public,E,0.0,4.0,0.0,TESLA,2017-03-06,REC_SPORTS_FACILITY
115306,Spitzer House Bed And Breakfast - Tesla Destination,504 West Liberty St,Medina,OH,44256,41.138903,-81.871307,Tesla Destination,public,E,0.0,3.0,0.0,J1772 TESLA,2018-03-08,B_AND_B
115307,Holiday Inn Express & Suites Medina - Tesla Destination,5185 Gateway Dr,Medina,OH,44256,41.133379,-81.78928,Tesla Destination,public,E,0.0,3.0,0.0,J1772 TESLA,2017-04-20,HOTEL
115309,Motel 6 - Tesla Destination,11406 U.S. 250 N,Milan,OH,44846,41.329115,-82.620653,Tesla Destination,public,E,0.0,4.0,0.0,TESLA,2017-10-16,HOTEL
115311,Courtyard by Marriott Canton - Tesla Destination,4375 Metro Cir NW,North Canton,OH,44720,40.863983,-81.429528,Tesla Destination,public,E,0.0,2.0,0.0,TESLA,2018-07-06,HOTEL
115312,Hilton Garden inn Akron/ Canton Airport - Tesla Destination,5251 Landmark Blvd,North Canton,OH,44720,40.911037,-81.428708,Tesla Destination,public,E,0.0,2.0,0.0,TESLA,2017-12-07,HOTEL
115313,City of Powell - Tesla Destination,47 Hall St,Powell,OH,43065,40.157374,-83.07696,Tesla Destination,public,E,0.0,4.0,0.0,J1772 TESLA,2018-07-17,MUNI_GOV
115314,Holiday Inn Express & Suites Columbus East - Tesla Destination,2806 Taylor Rd Ext,Reynoldsburg,OH,43068,39.935792,-82.785604,Tesla Destination,public,E,0.0,4.0,0.0,J1772 TESLA,2017-08-09,HOTEL
115315,"Glenlaurel Inn, a Select Registry Property - Tesla Destination",14940 Mt Olive Rd,Rockbridge,OH,43149,39.518987,-82.5627,Tesla Destination,public,E,0.0,2.0,0.0,J1772 TESLA,2015-05-29,INN
115316,Holiday Inn Express & Suites Sandusky - Tesla Destination,1515 Cedar Point Dr,Sandusky,OH,44870,41.442876,-82.681004,Tesla Destination,public,E,0.0,2.0,0.0,TESLA,2017-10-31,HOTEL
115317,TownePlace Suites Marriott Solon Ohio - Tesla Destination,6040 Enterprise Pkwy,Solon,OH,44139,41.394463,-81.464417,Tesla Destination,public,E,0.0,2.0,0.0,TESLA,2018-09-18,HOTEL
115318,Dorothy Lane Market Springboro - Tesla Destination,740 N Main St,Springboro,OH,45066,39.577573,-84.229615,Tesla Destination,public,E,0.0,2.0,0.0,J1772 TESLA,2016-04-18,SHOPPING_CENTER
115319,Quality Inn - Streetsboro - Tesla Destination,9420 State Route 14,Streetsboro,OH,44241,41.241904,-81.351722,Tesla Destination,public,E,0.0,2.0,0.0,TESLA,2015-12-23,HOTEL
115320,Cambria hotel & suites Akron - Canton Airport - Tesla Destination,1787 Thorn Dr,Uniontown,OH,44685,40.960651,-81.462778,Tesla Destination,public,E,0.0,1.0,0.0,TESLA,2017-05-01,HOTEL
115321,Comfort Inn & Suites Wadsworth - Tesla Destination,5 Park Center Dr,Wadsworth,OH,44281,41.047512,-81.725494,Tesla Destination,public,E,0.0,3.0,0.0,J1772 TESLA,2017-03-31,HOTEL
115322,Unusual Junction - Tesla Destination,56310 US 36,West Lafayette,OH,43845,40.28498,-81.705063,Tesla Destination,public,E,0.0,3.0,0.0,TESLA,2018-05-16,RESTAURANT
115323,Ohio Caverns - Tesla Destination,2210 State Route 245 E,West Liberty,OH,43357,40.238249,-83.696891,Tesla Destination,public,E,0.0,3.0,0.0,TESLA,2017-10-18,OTHER_ENTERTAINMENT
115324,"Murphin Ridge Inn, a Select Registry Property - Tesla Destination",750 Murphin Ridge Rd,West Union,OH,45693,38.879023,-83.472163,Tesla Destination,public,E,0.0,2.0,0.0,J1772 TESLA,2015-06-08,INN
115325,Crocker Park Detroit Road Garage - Level 1A - Tesla Destination,1940 Crocker Rd,Westlake,OH,44145,41.462077,-81.951758,Tesla Destination,public,E,0.0,3.0,0.0,J1772 TESLA,2017-07-24,SHOPPING_CENTER
116810,"Cincinnati, OH - Tesla Supercharger",4825 Marburg Avenue,Cincinnati,OH,45209,39.16294,-84.426492,Tesla,public,E,0.0,0.0,22.0,TESLA,2018-12-22,SHOPPING_CENTER
116811,"Dublin, OH - Tesla Supercharger",6175 Sawmill Road,Dublin,OH,43017,40.0932,-83.092322,Tesla,public,E,0.0,0.0,10.0,TESLA,2018-10-01,SHOPPING_CENTER
117435,Washington County Public Library,478 Pike St,Marietta,OH,45750,39.409451,-81.43195,Non-Networked,public,E,0.0,1.0,0.0,J1772,2018-11-15,LIBRARY
117563,DENISON UNIV GRANVILLE INN,116 N Pearl St,Granville,OH,43023,40.068156,-82.516616,ChargePoint Network,public,E,0.0,2.0,0.0,J1772,2019-02-01,
117565,DENISON UNIV CHAPEL LOT,Chapel Dr,Granville,OH,43023,40.071371,-82.521005,ChargePoint Network,public,E,0.0,2.0,0.0,J1772,2019-02-01,
117566,DENISON UNIV PARKING GARAGE,200 ridge rd,Granville,OH,43023,40.071649,-82.52443,ChargePoint Network,public,E,0.0,2.0,0.0,J1772,2019-02-01,
117710,SIMON CINCINNATI 2,852 Premium Outlets Dr,Monroe,OH,45050,39.435973,-84.336657,ChargePoint Network,public,E,0.0,1.0,0.0,J1772,2019-02-07,
117779,HUNTINGTON CENT STATION 1,50 S Front St,Columbus,OH,43215,39.9613,-83.001889,ChargePoint Network,public,E,0.0,2.0,0.0,J1772,2019-02-09,
118043,HUNTINGTON EASTON MARKET,3931 Morse Crossing,Columbus,OH,43219,40.049194,-82.920828,ChargePoint Network,public,E,0.0,1.0,0.0,J1772,2019-02-16,
118045,HUNTINGTON FRANTZ ROAD,6340 frantz road,Dublin,OH,43017,40.096262,-83.124219,ChargePoint Network,public,E,0.0,1.0,0.0,J1772,2019-02-16,
118720,Cascade Parking Deck,10 W Mill St,Akron,OH,44308,41.082616,-81.51904,Non-Networked,public,E,0.0,2.0,0.0,J1772,2015-07-01,PARKING_GARAGE
118891,HUNTINGTON BREWERY DISTRIC,600 S High St,Columbus,OH,43215,39.949604,-82.997725,ChargePoint Network,public,E,0.0,1.0,0.0,J1772,2019-02-27,
118892,HUNTINGTON NORTH ARLINGTON,4661 Reed Rd,Columbus,OH,43220,40.052083,-83.067201,ChargePoint Network,public,E,0.0,1.0,0.0,J1772,2019-02-27,
118893,HUNTINGTON TRI VILLAGE,1555 W 5th Ave,Columbus,OH,43212,39.98876,-83.047721,ChargePoint Network,public,E,0.0,1.0,0.0,J1772,2019-02-27,
118935,University of Cincinnati - Corry Garage,51 W Corry Blvd,Cincinnati,OH,45219,39.129197,-84.512044,Non-Networked,public,E,0.0,4.0,0.0,J1772,2018-12-01,COLLEGE_CAMPUS
118948,"Columbus, OH - Tesla Supercharger",70 East Goodale Street,Columbus,OH,43215,39.974316,-83.000906,Tesla,public,E,0.0,0.0,10.0,TESLA,2019-02-13,
119012,BROADWAYSTATION BROADWAY 2,3443 Park St,Grove City,OH,43123,39.8824,-83.095215,ChargePoint Network,public,E,0.0,2.0,0.0,J1772,2019-03-08,
119021,HUNTINGTON LANE AVE,1531 W Lane Ave,Columbus,OH,43221,40.006568,-83.051193,ChargePoint Network,public,E,0.0,1.0,0.0,J1772,2019-03-08,
120817,HUNTINGTON HOME RD,3481 O'Connell St,Powell,OH,43065,40.192988,-83.095507,ChargePoint Network,public,E,0.0,1.0,0.0,J1772,2019-03-13,
120818,HUNTINGTON NEW ALBANY,5550 New Albany Rd E,New Albany,OH,43054,40.095271,-82.819232,ChargePoint Network,public,E,0.0,2.0,0.0,J1772,2019-03-13,
120819,HUNTINGTON BRICE LIVINGSTO,6127 E Livingston Ave,Columbus,OH,43232,39.941802,-82.830842,ChargePoint Network,public,E,0.0,1.0,0.0,J1772,2019-03-13,
120822,HUNTINGTON AVERY MUIRFIELD,6655 Avery-Muirfield Dr,Dublin,OH,43016,40.10529,-83.160928,ChargePoint Network,public,E,0.0,1.0,0.0,J1772,2019-03-13,
120823,HUNTINGTON CLINTONVILLE,3350 Indianola Ave,Columbus,OH,43214,40.032367,-83.000612,ChargePoint Network,public,E,0.0,1.0,0.0,J1772,2019-03-13,
120956,HUNTINGTON SAWMILL 161,3740 W Dublin Granville Rd,Columbus,OH,43235,40.097181,-83.09032,ChargePoint Network,public,E,0.0,1.0,0.0,J1772,2019-03-27,
120971,TRC EV CHARGING SMART CENTER,10820 OH-347,East Liberty,OH,43319,40.325535,-83.579796,ChargePoint Network,public,E,0.0,2.0,0.0,J1772,2019-03-27,
121099,MEIJER STORES 308 AVON 1,1801 Nagel Rd,Avon,OH,44011,41.461726,-81.99015,ChargePoint Network,public,E,0.0,2.0,0.0,J1772,2019-04-02,
121100,MEIJER STORES 309 MENTOR 1,9200 Mentor Ave,Mentor,OH,44060,41.675499,-81.309971,ChargePoint Network,public,E,0.0,2.0,0.0,J1772,2019-04-02,
121101,MEIJER STORES 309 MENTOR 2,9200 Mentor Ave,Mentor,OH,44060,41.675556,-81.309991,ChargePoint Network,public,E,0.0,2.0,0.0,J1772,2019-04-02,
121349,DUBLIN FLEET GARAGE #1,74 North St,Dublin,OH,43017,40.101213,-83.11515,ChargePoint Network,public,E,0.0,2.0,0.0,J1772,2019-04-12,
121740,"Sheetz Store 248 (Girard, OH)",2721 Salt Springs Road,Girard,OH,44420,41.14364,-80.72128,Electrify America,public,E,0.0,0.0,4.0,CHADEMO J1772COMBO,2019-04-26,
121751,"Walmart 5471 (Mansfield, OH)",2485 Possum Run Rd,Mansfield,OH,44903,40.69089,-82.50931,Electrify America,public,E,0.0,0.0,4.0,CHADEMO J1772COMBO,2019-04-26,
121759,"Walmart 3262 (Cambridge, OH)",61205 Southgate Rd,Cambridge,OH,43725,39.98872,-81.57502,Electrify America,public,E,0.0,0.0,4.0,CHADEMO J1772COMBO,2019-04-26,
122213,FRONT OF POOL DC FAST CHARGE,601 E State St,Athens,OH,45701,39.337162,-82.07743,ChargePoint Network,public,E,0.0,0.0,1.0,CHADEMO J1772COMBO,2019-05-01,
122240,"Blue Heron Service Plaza (Genoa, OH)",6164 CO RD 165,Genoa,OH,43430,41.49108,-83.36674,Electrify America,public,E,0.0,0.0,4.0,CHADEMO J1772COMBO,2019-05-02,
122501,"The Ritz-Carlton, Cleveland - Tesla Destination",1515 1515 W Third St,Cleveland,OH,44113,41.497316,-81.694402,Tesla Destination,public,E,0.0,3.0,0.0,J1772 TESLA,2016-01-25,
122502,Springhill Suites Columbus Easton - Tesla Destination,4048 Morse Rd,Columbus,OH,43229,40.05848,-82.907182,Tesla Destination,public,E,0.0,2.0,0.0,TESLA,2019-01-17,
122503,The Lodge and Conference Center at Geneva - Tesla Destination,4888 N Broadway,Geneva,OH,44041,41.857481,-80.965938,Tesla Destination,public,E,0.0,3.0,0.0,J1772 TESLA,2015-06-24,
122649,"Wyandot Service Plaza (Genoa, OH)",6410 CO RD 165,Genoa,OH,43430,41.48961,-83.37038,Electrify America,public,E,0.0,0.0,4.0,CHADEMO J1772COMBO,2019-05-07,
122683,LAKESHORE EV STATION 1,575 McCorkle Blvd,Westerville,OH,43082,40.140066,-82.921175,ChargePoint Network,public,E,0.0,2.0,0.0,J1772,2019-05-10,
122821,EASTON CT4000 FENLON 3,4004 Fenlon St,Columbus,OH,43219,40.05179,-82.913313,ChargePoint Network,public,E,0.0,2.0,0.0,J1772,2019-05-17,
122966,DEL-E WILLIAM STATION 01,39 E William St,Delaware,OH,43015,40.298962,-83.066494,ChargePoint Network,public,E,0.0,2.0,0.0,J1772,2019-05-22,
122997,CITY OF WOOSTER MERCH BLOCK 1,123 N Walnut St,Wooster,OH,44691,40.798559,-81.941382,ChargePoint Network,public,E,0.0,2.0,0.0,J1772,2019-05-23,
123418,APOLLO CAREER APOLLO FAST 1,Apollo Career Center 3325 Shawnee Rd,Lima,OH,45804,40.692717,-84.150299,ChargePoint Network,public,E,0.0,0.0,1.0,CHADEMO J1772COMBO,2019-05-30,
123419,MCLS MUSKINGUM L2 EV,220 N 5th St,Zanesville,OH,43701,39.944019,-82.005257,ChargePoint Network,public,E,0.0,2.0,0.0,J1772,2019-05-30,
123555,LINDSAY HONDA STATION 01,5959 Scarborough Blvd,Columbus,OH,43232,39.927853,-82.834047,ChargePoint Network,public,E,0.0,2.0,0.0,J1772,2019-06-05,
123602,"Tiffin River Service Plaza (West Unity, OH)",21747 Co Rd M-50,West Unity,OH,43570,41.60305,-84.4086,Electrify America,public,E,0.0,0.0,4.0,CHADEMO J1772COMBO,2019-06-07,
123626,GMC RICH GARAGE 3,387 E Rich St,Columbus,OH,43215,39.958295,-82.989334,ChargePoint Network,public,E,0.0,2.0,0.0,J1772,2019-06-08,
123637,"Walmart 1495 (Huber Heights, OH)",7680 Brandt Pike,Huber Heights,OH,45424,39.86283,-84.09991,Electrify America,public,E,0.0,0.0,6.0,J1772COMBO,2019-06-10,
124137,"Indian Meadow Service Plaza (West Unity, OH)",21738 CO RD M-50,West Unity,OH,43570,41.60599,-84.40672,Electrify America,public,E,0.0,0.0,4.0,CHADEMO J1772COMBO,2019-06-20,
124240,"Sheetz Store 394 (Mentor, OH)",7777 Reynolds Rd.,Mentor,OH,44060,41.65984,-81.37651,Electrify America,public,E,0.0,0.0,4.0,J1772COMBO,2019-06-21,
124685,"Sheffield Crossing Station (Sheffield, OH)",5231 Detroit Rd,Sheffield,OH,44054,41.42689,-82.07973,Electrify America,public,E,0.0,0.0,4.0,J1772COMBO,2019-06-25,
133326,"Harpers Station (Cincinnati, OH)",11315 Montgomery Road,Cincinnati,OH,45249,39.27275,-84.32953,Electrify America,public,E,0.0,0.0,10.0,J1772COMBO,2019-07-23,
136268,"Walmart 2426 (Columbus, OH)",5200 West Point Plaza,Columbus,OH,43228,39.98232,-83.14674,Electrify America,public,E,0.0,0.0,8.0,CHADEMO J1772COMBO,2019-07-31,
137151,The Villas at Gervasi Vineyard,1700 55th St NE,Canton,OH,44721,40.856741,-81.348988,Non-Networked,public,E,0.0,1.0,0.0,J1772,2019-05-19,BREWERY_DISTILLERY_WINERY
143183,EDGE EDGE INNOVATION,1140 Gahanna Pkwy,Gahanna,OH,43230,39.991074,-82.84371,ChargePoint Network,public,E,0.0,2.0,0.0,J1772,2019-08-15,
143192,DMH EMPLOYEE LOT 2,7100 Hospital Dr,Dublin,OH,43016,40.10273,-83.164398,ChargePoint Network,public,E,0.0,2.0,0.0,J1772,2019-08-15,
143195,DMH MAIN PARKING 1,7450 Hospital Dr,Dublin,OH,43016,40.100482,-83.166551,ChargePoint Network,public,E,0.0,2.0,0.0,J1772,2019-08-15,
143398,SHELBY SHELBY EV,10 Water St,Shelby,OH,44875,40.882168,-82.660878,ChargePoint Network,public,E,0.0,2.0,0.0,J1772,2019-08-15,
143405,TOLLES TOLLES EAST,7877 US-42,Plain City,OH,43064,40.054317,-83.292694,ChargePoint Network,public,E,0.0,2.0,0.0,J1772,2019-08-15,
143419,LAKEWOOD WINTERHURST,14740 Lakewood Heights,Lakewood,OH,44107,41.470684,-81.79948,ChargePoint Network,public,E,0.0,0.0,1.0,CHADEMO J1772COMBO,2019-08-15,
143567,LAZ COLUMBUS OH BOBCAT AVE 1,960 bobcat,Grandview Heights,OH,43212,39.980032,-83.028202,ChargePoint Network,public,E,0.0,2.0,0.0,J1772,2019-08-15,
143569,LAZ COLUMBUS OH GVY SOUTH,891 Yard St,Grandview Heights,OH,43212,39.979121,-83.025138,ChargePoint Network,public,E,0.0,2.0,0.0,J1772,2019-08-15,
143601,LAZ COLUMBUS OH BOBCAT AVE 2,960 Bobcat Ave,Grandview Heights,OH,43212,39.980456,-83.028626,ChargePoint Network,public,E,0.0,2.0,0.0,J1772,2019-08-15,
143754,RMH RED BING 1,500 Thomas Ln,Columbus,OH,43214,40.033236,-83.032361,ChargePoint Network,public,E,0.0,2.0,0.0,J1772,2019-08-16,
143878,LANCASTEROH DC FAST 1,135 W Chestnut St,Lancaster,OH,43130,39.712878,-82.603411,ChargePoint Network,public,E,0.0,0.0,1.0,CHADEMO J1772COMBO,2019-08-20,
144139,KINSALE EV KINSALE EV,3737 Village Club Dr,Powell,OH,43065,40.188184,-83.098691,ChargePoint Network,public,E,0.0,0.0,1.0,CHADEMO J1772COMBO,2019-08-29,
144514,CITY OF WOOSTER N BUCKEYE 2,132 E North St,Wooster,OH,44691,40.799446,-81.93933,ChargePoint Network,public,E,0.0,0.0,1.0,CHADEMO J1772COMBO,2019-09-04,
147018,NCEC-ATTICA NORTHCENTRAL EC,350 Stump Pike Rd,Attica,OH,44807,41.06582,-82.90085,ChargePoint Network,public,E,0.0,2.0,0.0,J1772,2019-10-17,
147023,LAZ COLUMBUS OH GVY NORTH 02,975 Rail St,Grandview Heights,OH,43212,39.982978,-83.026531,ChargePoint Network,public,E,0.0,2.0,0.0,J1772,2019-10-17,
147378,3360TREMONTROAD EYESEVC@5POINTS,3360 Tremont Rd,Upper Arlington,OH,43221,40.025515,-83.056143,ChargePoint Network,public,E,0.0,2.0,0.0,J1772,2019-10-30,
147396,OHIO STATE UNV MARION 2,1459 Mt Vernon Ave,Marion,OH,43302,40.576661,-83.091,ChargePoint Network,public,E,0.0,2.0,0.0,J1772,2019-10-31,
147526,SMARTLAND BREAKWATER,14100 Lakeshore Blvd,Cleveland,OH,44110,41.57002,-81.58374,ChargePoint Network,public,E,0.0,2.0,0.0,J1772,2019-11-06,
147527,SMARTLAND E.55TH STATION,1692 E. 55th Street,Cleveland,OH,44103,41.512554,-81.65278,ChargePoint Network,public,E,0.0,2.0,0.0,J1772,2019-11-06,
147899,Cleveland State University,2121 Euclid Avenue,Cleveland,OH,44115,41.5022777,-81.6752568,Blink Network,public,E,0.0,3.0,0.0,J1772,2019-09-20,
147902,"University Hospitals - UH Drive Garage, Lot 2",11100 Euclid Ave,Cleveland,OH,44106,41.50640047,-81.60611104,Blink Network,public,E,0.0,6.0,0.0,J1772,2012-02-17,
148070,Bryan Center,100 Dayton ST,Yellow Springs,OH,45387,39.8082345,-83.8875532,Blink Network,public,E,0.0,2.0,0.0,J1772,2012-01-07,
149169,Offices at Polaris,8415 Pulsar Place,Columbus,OH,43240,40.1390609,-82.9692258,Blink Network,public,E,0.0,2.0,0.0,J1772,2017-06-06,
149346,"Polaris, OH - Tesla Supercharger",1177 Polaris Parkway,Columbus,OH,43240,40.141049,-82.988968,Tesla,public,E,0.0,0.0,10.0,TESLA,2019-06-20,SHOPPING_CENTER
149917,ORCHARD KNOLL ORCHARD KNOLL 1,8388 Orchard Knoll Ln,Columbus,OH,43235,40.135864,-83.019,ChargePoint Network,public,E,0.0,2.0,0.0,J1772,2019-12-12,
149918,ORCHARD KNOLL ORCHARD KNOLL 2,8386 Orchard Knoll Ln,Columbus,OH,43235,40.135887,-83.01892,ChargePoint Network,public,E,0.0,2.0,0.0,J1772,2019-12-12,
149930,NATIONWIDECHILD NCH-W30 EV 2,237 1/2 E Livingston Ave,Columbus,OH,43215,39.952685,-82.992043,ChargePoint Network,public,E,0.0,0.0,1.0,CHADEMO J1772COMBO,2019-12-12,
149931,NATIONWIDECHILD NCH-W30 EV 1,231 E Livingston Ave,Columbus,OH,43215,39.952647,-82.992153,ChargePoint Network,public,E,0.0,0.0,1.0,CHADEMO J1772COMBO,2019-12-12,
149932,NATIONWIDECHILD NCH-W30 EV 4,249 E Livingston Ave,Columbus,OH,43215,39.952637,-82.991905,ChargePoint Network,public,E,0.0,0.0,1.0,CHADEMO J1772COMBO,2019-12-12,
150300,2400 FARMERS DR 7400 SAFELITE 2,7400 Safelite Way,Columbus,OH,43235,40.108555,-83.08043,ChargePoint Network,public,E,0.0,2.0,0.0,J1772,2019-12-18,
150559,Woodhouse Day Spa - Liberty - Tesla Destination,7272 Liberty Wy,Liberty Township,OH,45069,39.370381,-84.380897,Tesla Destination,public,E,0.0,2.0,0.0,TESLA,2019-06-13,
150680,Renaissance Columbus Westerville Polaris Hotel - Tesla Destination,409 Altair Pkwy,Westerville,OH,43082,40.143236,-82.942878,Tesla Destination,public,E,0.0,2.0,0.0,TESLA,2019-06-26,
150793,DAVE GILL CHEVY DAVE GILL #3,4700 E Broad St Dave Gill Chevrolet,Columbus,OH,43213,39.976578,-82.874916,ChargePoint Network,public,E,0.0,2.0,0.0,J1772,2019-12-24,
150795,ADENA STATION 1,272 Hospital rd,Chillicothe,OH,45601,39.396156,-82.97067,ChargePoint Network,public,E,0.0,2.0,0.0,J1772,2019-12-24,
151927,LC - GAHANNA W,3891 Preserve Crossing Blvd,Columbus,OH,43230,40.059714,-82.848821,ChargePoint Network,public,E,0.0,2.0,0.0,J1772,2019-12-31,
152111,LC - HILLARD S,4049 Levitt St,Hilliard,OH,43026,40.035841,-83.134837,ChargePoint Network,public,E,0.0,2.0,0.0,J1772,2020-01-04,
152112,LC - HILLARD N,4105 Britton Pkwy,Hilliard,OH,43026,40.037017,-83.131537,ChargePoint Network,public,E,0.0,2.0,0.0,J1772,2020-01-04,
152429,MORPC MORPC 3,111 Liberty St,Columbus,OH,43215,39.950702,-83.002393,ChargePoint Network,public,E,0.0,2.0,0.0,J1772,2020-01-15,
153099,JAP GURU NORTH STATION,3045 Olentangy River Rd,Columbus,OH,43202,40.023361,-83.026658,ChargePoint Network,public,E,0.0,2.0,0.0,J1772,2020-01-28,
153176,WORTHINGTON COMMUNITY CNTR,345 E Wilson Bridge Rd,Worthington,OH,43085,40.105772,-83.00472,ChargePoint Network,public,E,0.0,0.0,1.0,CHADEMO J1772COMBO,2020-01-31,
153258,MARBLE CLIFF MC SOUTH,1600 Fernwood Ave,Columbus,OH,43212,39.988805,-83.059166,ChargePoint Network,public,E,0.0,0.0,1.0,CHADEMO J1772COMBO,2020-02-04,
153323,PNB NTT,57 N 3rd St,Newark,OH,43055,40.059195,-82.403979,ChargePoint Network,public,E,0.0,2.0,0.0,J1772,2020-02-06,
153324,PNB PARK 22,22 S 1st St,Newark,OH,43055,40.05778,-82.398208,ChargePoint Network,public,E,0.0,2.0,0.0,J1772,2020-02-06,
153592,MEGA LOT FRANK 1,6451 Frank Ave NW,North Canton,OH,44720,40.874231,-81.441212,ChargePoint Network,public,E,0.0,0.0,1.0,CHADEMO J1772COMBO,2020-02-11,
153651,EDGEHILL #1 EDGEHILL #1,1295 Edgehill Rd,Columbus,OH,43212,39.985976,-83.029881,ChargePoint Network,public,E,0.0,2.0,0.0,J1772,2020-02-12,
154066,NAI HIFFMAN NAI HIFFMAN 2,4725 Lakehurst Ct,Dublin,OH,43016,40.076942,-83.14004,ChargePoint Network,public,E,0.0,2.0,0.0,J1772,2020-02-27,
154067,UPTOWN GAMBIER GAMBIER 1,109 W Brooklyn St.,Gambier,OH,43022,40.377481,-82.397651,ChargePoint Network,public,E,0.0,0.0,1.0,CHADEMO J1772COMBO,2020-02-27,
154068,WORTHINGTON OLD WORTHINGTON,44-46 E New England Ave,Worthington,OH,43085,40.087389,-83.019417,ChargePoint Network,public,E,0.0,0.0,1.0,CHADEMO J1772COMBO,2020-02-27,
154069,FRANKLIN DECK WARREN PARKING,142 Franklin St SW,Warren,OH,44481,41.235042,-80.818987,ChargePoint Network,public,E,0.0,2.0,0.0,J1772,2020-02-27,
154144,MORNING STREET CHURCH PARKING,21 S Morning St,Sunbury,OH,43074,40.242492,-82.857258,ChargePoint Network,public,E,0.0,0.0,1.0,CHADEMO J1772COMBO,2020-02-28,
154175,NEWARK OHIO STATION 2,51 E Church St,Newark,OH,43055,40.059752,-82.401111,ChargePoint Network,public,E,0.0,0.0,1.0,CHADEMO J1772COMBO,2020-02-29,
154176,MICKEY MART #21 RIGHT CHARGER,750 OH-97,Bellville,OH,44813,40.646072,-82.54288,ChargePoint Network,public,E,0.0,0.0,1.0,CHADEMO J1772COMBO,2020-02-29,
154727,GARLAND HOTEL GARLAND 2,150 garland way,New concord,OH,43762,39.982704,-81.727776,ChargePoint Network,public,E,0.0,2.0,0.0,J1772,2020-03-26,
154781,INDUS HOTEL TRU,1750 Buckeye Pl,Grove City,OH,43123,39.875496,-83.050327,ChargePoint Network,public,E,0.0,2.0,0.0,J1772,2020-03-27,
154782,INDUS HOTEL ALOFT 2,1295 Olentangy River Rd,Columbus,OH,43212,39.98588,-83.02578,ChargePoint Network,public,E,0.0,1.0,0.0,J1772,2020-03-27,
155123,TARRAGON IAHR1,6920 Co Rd 203,Millersburg,OH,44654,40.573444,-81.87306,ChargePoint Network,public,E,0.0,2.0,0.0,J1772,2020-04-01,
155321,CITY OF UA PSC ROBERTS RD1,4100 Roberts Rd,Columbus,OH,43228,40.005892,-83.104779,ChargePoint Network,public,E,0.0,0.0,1.0,CHADEMO J1772COMBO,2020-04-11,
155393,CH GARAGE CH GARAGE 2,123 W Third St,Dayton,OH,45402,39.759235,-84.194504,ChargePoint Network,public,E,0.0,2.0,0.0,J1772,2020-04-16,
155394,CH GARAGE CH GARAGE 1,123 W Third St,Dayton,OH,45401,39.7598,-84.194728,ChargePoint Network,public,E,0.0,2.0,0.0,J1772,2020-04-16,
155618,3CDC 3CDC ZIEGLER 4,1322 Sycamore St,Cincinnati,OH,45202,39.110929,-84.509811,ChargePoint Network,public,E,0.0,2.0,0.0,J1772,2020-04-29,
156060,INDUS HOTEL CANOPY VALET,227 E Hickory St,Columbus,OH,43215,39.96703,-82.999197,ChargePoint Network,public,E,0.0,2.0,0.0,J1772,2020-05-05,
156152,CH GARAGE STADIUM TWO,220 N Patterson Blvd,Dayton,OH,45402,39.764121,-84.187724,ChargePoint Network,public,E,0.0,2.0,0.0,J1772,2020-05-09,
156154,3CDC 3CDC 3,309 E 8th St,Cincinnati,OH,45202,39.105131,-84.508432,ChargePoint Network,public,E,0.0,2.0,0.0,J1772,2020-05-09,
156320,COTA N.L. P&R UNIT 3,3575 Cleveland Ave,Columbus,OH,43224,40.041103,-82.961395,ChargePoint Network,public,E,0.0,2.0,0.0,J1772,2020-05-16,
156321,COTA N.L. P&R UNIT 1,3583 Cleveland Ave,Columbus,OH,43224,40.041126,-82.961193,ChargePoint Network,public,E,0.0,2.0,0.0,J1772,2020-05-16,
156322,COTA N.T.C. UNIT 3,Northland Transit Center Bay 1,Columbus,OH,43229,40.082249,-82.952029,ChargePoint Network,public,E,0.0,2.0,0.0,J1772,2020-05-16,
156380,O'BLENESS OBH STATION 3,75 Hospital Dr,Athens,OH,45701,39.327901,-82.115509,ChargePoint Network,public,E,0.0,2.0,0.0,J1772,2020-05-20,
158466,PATHWAYS GEORGESVILLE RD,750 Georgesville Rd,Columbus,OH,43228,39.937703,-83.112335,ChargePoint Network,public,E,0.0,2.0,0.0,J1772,2020-06-02,
158467,PATHWAYS GRANDVEIW,1445 Goodale Blvd,Columbus,OH,43212,39.976519,-83.042922,ChargePoint Network,public,E,0.0,2.0,0.0,J1772,2020-06-02,
158468,PATHWAYS CORPORATE,5665 N Hamilton Rd,Columbus,OH,43230,40.071457,-82.863495,ChargePoint Network,public,E,0.0,2.0,0.0,J1772,2020-06-02,
158597,CITY OF UA MSC TREMONT RD2,3600 Tremont Road,Upper Arlington,OH,43221,40.03095,-83.051786,ChargePoint Network,public,E,0.0,0.0,1.0,CHADEMO J1772COMBO,2020-06-10,
162527,BUTLERRURALELEC BREC_HDQ,3888 Stillwell Beckett Rd,Oxford,OH,45056,39.45326,-84.68472,ChargePoint Network,public,E,0.0,2.0,0.0,J1772,2020-06-12,
163516,INDUS HOTEL AIRPORT,2845 Airport Dr,Columbus,OH,43219,39.999021,-82.932519,ChargePoint Network,public,E,0.0,2.0,0.0,J1772,2020-06-20,
163549,MCGC GARAGE STATION 2,5341 Hoover Rd,Grove City,OH,43123,39.852253,-83.077399,ChargePoint Network,public,E,0.0,2.0,0.0,J1772,2020-06-23,
163608,MCE N GARAGE -2 MCE 2,6005 E Broad St,Columbus,OH,43213,39.978316,-82.842201,ChargePoint Network,public,E,0.0,2.0,0.0,J1772,2020-06-25,
163958,LivINN Hotels - 11385 Chester Rd,11385 Chester Rd,Sharonville,OH,45246,39.280017,-84.444889,EV Connect,public,E,0.0,2.0,0.0,J1772,2020-06-26,
164032,BUCYRUS BUCYRUS-MAIN,117 Washington Square,Bucyrus,OH,44820,40.808304,-82.974583,ChargePoint Network,public,E,0.0,0.0,1.0,CHADEMO J1772COMBO,2020-07-07,
164243,AVITABUCYRUS BCH 1,300 Hill St,Bucyrus,OH,44820,40.815575,-82.97797,ChargePoint Network,public,E,0.0,2.0,0.0,J1772,2020-07-15,
164274,YOCTANGEE CHILLICOTHE,37 E Water St,Chillicothe,OH,45601,39.336169,-82.981778,ChargePoint Network,public,E,0.0,2.0,0.0,J1772,2020-07-16,
164505,YOCTANGEE YOCTANGEEPARK2,37 E Water St Side,Chillicothe,OH,45601,39.336136,-82.981757,ChargePoint Network,public,E,0.0,2.0,0.0,J1772,2020-07-24,
164572,Whole Foods Market,1555 W Lane Ave,Upper Arlington,OH,43221,40.006276,-83.052762,Non-Networked,public,E,0.0,1.0,0.0,J1772,2020-07-24,GROCERY
164825,BEDROCK MAY CO LL-1,105 Prospect Ave E,Cleveland,OH,44115,41.498203,-81.691315,ChargePoint Network,public,E,0.0,2.0,0.0,J1772,2020-08-04,
165120,The Villas at Gervasi Vineyard - Tesla Destination,1700 55th St NE,Canton,OH,44721,40.857272,-81.351402,Tesla Destination,public,E,0.0,3.0,0.0,J1772 TESLA,2017-01-06,HOTEL
165227,BLISS GARAGE BLISS DECK 3,238 Cleveland Ave NW,Canton,OH,44702,40.799866,-81.375638,ChargePoint Network,public,E,0.0,2.0,0.0,J1772,2020-08-14,
165309,OHIO STATE UNV KUNZ-BRUNDIGE,2548 Carmack Rd,Columbus,OH,43210,40.011047,-83.037714,ChargePoint Network,public,E,0.0,1.0,0.0,J1772,2020-08-19,
165785,URE PARKING LOT 1,15461 US-36,Marysville,OH,43040,40.240543,-83.33836,ChargePoint Network,public,E,0.0,2.0,0.0,J1772,2020-08-29,
165786,CAP S1 LOT S1 PARKING LOT,2361 E Mound St,Columbus,OH,43209,39.9551,-82.93548,ChargePoint Network,public,E,0.0,2.0,0.0,J1772,2020-08-29,
166932,"Chillicothe, OH - Tesla Supercharger",1080 N. Bridge Street,Chillicothe,OH,45601,39.358354,-82.977328,Tesla,public,E,0.0,0.0,8.0,TESLA,2020-09-11,SHOPPING_CENTER
166985,MARYSVILLECITY PLUM ST PRK LT1,115 S Plum St,Marysville,OH,43040,40.235469,-83.365866,ChargePoint Network,public,E,0.0,2.0,0.0,J1772,2020-09-22,
167128,TownePlace Suites by Marriott Cleveland Solon - Tesla Destination,6040 Enterprise Pkwy,Solon,OH,44139,41.394574,-81.464524,Tesla Destination,public,E,0.0,2.0,0.0,J1772,2020-09-21,HOTEL
167182,EDISON BREWING FP #1,785 Science Blvd,Gahanna,OH,43230,39.99738,-82.84412,ChargePoint Network,public,E,0.0,2.0,0.0,J1772,2020-09-30,
167230,COLUMBIANA PORT AUTHORITY,7860 Dickey Dr,Lisbon,OH,44432,40.78688,-80.772508,ChargePoint Network,public,E,0.0,2.0,0.0,J1772,2020-10-02,
167257,LAKEWOOD PARK HAVEN ROW,14115 Detroit Ave,Lakewood,OH,44107,41.485133,-81.790862,ChargePoint Network,public,E,0.0,2.0,0.0,J1772,2020-10-03,
167302,City of Bowling Green - City Park,520 Conneaut Ave,Bowling Green,OH,43402,41.37997,-83.658087,Non-Networked,public,E,0.0,1.0,0.0,J1772,2020-09-28,PARK
167305,City of Perrysburg Public Parking,117 W 3rd St,Perrysburg,OH,43551,41.558384,-83.629758,Non-Networked,public,E,0.0,2.0,0.0,J1772,2020-09-28,MUNI_GOV
167307,Best Western Toledo South Maumee,6425 Kit Ln,Maumee,OH,43537,41.580346,-83.69382,Non-Networked,public,E,0.0,1.0,0.0,J1772,2020-09-28,HOTEL
167308,Maumee Bay Brew Pub,27 Broadway St,Toledo,OH,43604,41.642927,-83.538524,Non-Networked,public,E,0.0,1.0,0.0,J1772,2020-09-28,BREWERY_DISTILLERY_WINERY
167353,JPG NEW STATION 1,762 Waldron St,Columbus,OH,43215,39.979736,-82.993913,ChargePoint Network,public,E,0.0,2.0,0.0,J1772,2020-10-06,
167410,SOUTH EAST H-D DC FAST HOG,23105 Aurora Rd,Bedford Heights,OH,44146,41.418728,-81.51523,ChargePoint Network,public,E,0.0,0.0,1.0,J1772COMBO,2020-10-09,
167427,Residence Inn by Marriott Cleveland/Middleburg - Tesla Destination,19149 E Bagley Rd,Middleburg Heights,OH,44130,41.371471,-81.836235,Tesla Destination,public,E,0.0,3.0,0.0,J1772 TESLA,2019-09-04,INN
167445,Miami Valley Hospital South. - Parking Garage Top Deck,2400 Miami Valley Dr,Centerville,OH,45459,39.654074,-84.115866,Non-Networked,public,E,0.0,3.0,0.0,J1772,2020-10-05,HOSPITAL
167447,Beavercreek Office Suites,4027 Colonel Glenn Hwy,Beavercreek,OH,45431,39.77331,-84.0804,Non-Networked,public,E,0.0,4.0,0.0,J1772 TESLA,2020-10-05,OFFICE_BLDG
167449,Wright State University - Lot 10,3460 Colonel Glenn Hwy,Dayton,OH,45435,39.784259,-84.063376,Non-Networked,public,E,0.0,2.0,0.0,J1772,2020-10-05,COLLEGE_CAMPUS
167450,National Museum of the US Air Force,1100 Spaatz St,Dayton,OH,45431,39.780831,-84.112366,Non-Networked,public,E,0.0,4.0,0.0,J1772,2020-10-05,MUSEUM
167468,ELECTRIC DEPT STATION 1,126 S Main St,Columbiana,OH,44408,40.886606,-80.693554,ChargePoint Network,public,E,0.0,2.0,0.0,J1772,2020-10-10,
167492,OHIO STATE UNV LIMA 2,4240 campus dr,Lima,OH,45804,40.739074,-84.026939,ChargePoint Network,public,E,0.0,2.0,0.0,J1772,2020-10-13,
168104,HCCL STATION 1 HCCL STATION 1,213 S Myrtle Ave,Willard,OH,44890,41.05537,-82.725589,ChargePoint Network,public,E,0.0,2.0,0.0,J1772,2020-11-03,
168177,GALLIPOLIS COG S2,333 3rd Ave,Gallipolis,OH,45631,38.807624,-82.207262,ChargePoint Network,public,E,0.0,0.0,1.0,CHADEMO J1772COMBO,2020-11-06,
168264,COTA C.W P&R UNIT2,Canal Winchester Park & Ride,Canal Winchester,OH,43110,39.860227,-82.82662,ChargePoint Network,public,E,0.0,2.0,0.0,J1772,2020-11-11,
168265,NEW BOSTON 4504 STATION 1,4504 Gallia St,New Boston,OH,45662,38.754074,-82.923592,ChargePoint Network,public,E,0.0,2.0,0.0,J1772,2020-11-11,
168669,Catawba Island Club - Tesla Destination,4235 Beach Club Road,Port Clinton,OH,43452,41.567055,-82.845298,Tesla Destination,public,E,0.0,2.0,0.0,TESLA,2018-03-12,
168880,InterContinental Cleveland - Tesla Destination,9801 Carnegie Ave,Cleveland,OH,44106,41.501611,-81.619244,Tesla Destination,public,E,0.0,6.0,0.0,J1772 TESLA,2018-07-02,
168889,J&B Jerky Outlets - Tesla Destination,1640 OH-534,Geneva,OH,44041,41.768193,-80.946033,Tesla Destination,public,E,0.0,3.0,0.0,J1772 TESLA,2015-05-26,
168923,LAZ Parking Columbus - Tesla Destination,33 W Russell St,Columbus,OH,43215,39.994115,-83.006916,Tesla Destination,public,E,0.0,4.0,0.0,J1772 TESLA,2016-08-31,
168964,Miami University - Tesla Destination,645 E Withrow St,Oxford,OH,45056,39.511864,-84.732512,Tesla Destination,public,E,0.0,4.0,0.0,J1772 TESLA,2019-09-05,
169048,Queen City Square Garage - Tesla Destination,319-331 E 4th St,Cincinnati,OH,45202,39.100284,-84.507156,Tesla Destination,public,E,0.0,2.0,0.0,TESLA,2017-10-31,
169336,NEW ALBANY PUBLIC PARKING1,150 W Main St,New Albany,OH,43054,40.082006,-82.812975,ChargePoint Network,public,E,0.0,0.0,1.0,J1772COMBO TESLA,2020-11-19,
170006,CHERRY RIDGE STATION 1,22097 Cherry Ridge Rd,New Plymouth,OH,45654,39.406986,-82.406333,ChargePoint Network,public,E,0.0,2.0,0.0,J1772,2020-12-09,
170399,REYNOLDSBURG FAST CHARGER 1,7312 E Main St,Reynoldsburg,OH,43068,39.955396,-82.80362,ChargePoint Network,public,E,0.0,0.0,1.0,CHADEMO J1772COMBO,2020-12-19,
170400,REYNOLDSBURG FC YMCA,1553 Davidson Dr,Reynoldsburg,OH,43068,39.953042,-82.804705,ChargePoint Network,public,E,0.0,0.0,1.0,CHADEMO J1772COMBO,2020-12-19,
170451,MGH MGH - 1,1000 McKinley Park Dr,Marion,OH,43302,40.571332,-83.129049,ChargePoint Network,public,E,0.0,2.0,0.0,J1772,2020-12-22,
170509,CITY OF WOOSTER N BUCKEYE 1,151 East North Street,Wooster,OH,44691,40.799429,-81.939345,ChargePoint Network,public,E,0.0,0.0,1.0,CHADEMO J1772COMBO,2020-12-24,
170641,NAPOLEON H-D DC FAST HOG,862 American Rd,Napoleon,OH,43545,41.417934,-84.10678,ChargePoint Network,public,E,0.0,0.0,1.0,J1772COMBO,2020-12-29,
170642,CITYOFCANTON E TUSCARAWAS 1,420 2nd St NW,Canton,OH,44702,40.79849,-81.371825,ChargePoint Network,public,E,0.0,0.0,1.0,CHADEMO J1772COMBO,2020-12-29,
171242,OHIO STATE UNV WMCGARAGE1,527 W 10th Ave,Columbus,OH,43210,39.993937,-83.021618,ChargePoint Network,public,E,0.0,2.0,0.0,J1772,2021-01-12,
171318,Findlay Market,1801 Race Street,Cincinnati,OH,45202,39.115833,-84.518944,FLO,public,E,0.0,2.0,0.0,J1772,2021-01-15,
171319,Allure,350 Arden Way,Centerville,OH,45459,39.646576,-84.1501105,FLO,public,E,0.0,4.0,0.0,J1772,2021-01-15,
171321,Cincinnati Art Museum,953 Eden Park Drive,Cincinnati,OH,45202,39.1151408,-84.4975238,FLO,public,E,0.0,8.0,0.0,J1772,2021-01-15,
171322,Cincinnati Zoo,3400 Vine Street,Cincinnati,OH,45220,39.1424478,-84.5099628,FLO,public,E,0.0,8.0,0.0,J1772,2021-01-15,
171323,Northside Transit Center,4041 Spring Grove Avenue,Cincinnati,OH,45223,39.159444,-84.538083,FLO,public,E,0.0,2.0,0.0,J1772,2021-01-15,
171327,Golden Lamb,27 S Broadway Street,Lebanon,OH,45036,39.4338401,-84.2093058,FLO,public,E,0.0,3.0,0.0,J1772,2021-01-15,
171728,OHIO DOMINICAN ODU EVSTATION 1,1229-1297 Sunbury Rd,Columbus,OH,43219,39.99469,-82.94161,ChargePoint Network,public,E,0.0,2.0,0.0,J1772,2021-01-27,
171992,GEMINI TOWER I EV CHARGE1,1991 Crocker Rd,Westlake,OH,44145,41.462761,-81.949563,ChargePoint Network,public,E,0.0,2.0,0.0,J1772,2021-01-27,
172051,YARK BMW STATION 1,7600 Central Ave,Toledo,OH,43617,41.674353,-83.725311,ChargePoint Network,public,E,0.0,2.0,0.0,J1772,2021-01-27,
172441,KCG PARKING STATION 1,201 E Erie St,Kent,OH,44240,41.153119,-81.355061,ChargePoint Network,public,E,0.0,2.0,0.0,J1772,2021-01-27,
173068,HDMA-ADC HRAO 1 2,21001 St Rt 739,Raymond,OH,43067,40.301636,-83.5278,ChargePoint Network,public,E,0.0,2.0,0.0,J1772,2021-01-27,
173069,HDMA-ADC HRAO DC 1,21001 St Rt 739,Raymond,OH,43067,40.301714,-83.527806,ChargePoint Network,public,E,0.0,0.0,1.0,CHADEMO J1772COMBO,2021-01-27,
173070,HDMA-ADC HRAO 2 3,21001 OH-739,Raymond,OH,43067,40.301678,-83.527793,ChargePoint Network,public,E,0.0,2.0,0.0,J1772,2021-01-27,
173071,HDMA-ADC HRAO 2 2,21001 OH-739,Raymond,OH,43067,40.302892,-83.527476,ChargePoint Network,public,E,0.0,2.0,0.0,J1772,2021-01-27,
173072,HDMA-ADC HRAO 2 4,21001 OH-739,Raymond,OH,43067,40.302935,-83.527526,ChargePoint Network,public,E,0.0,2.0,0.0,J1772,2021-01-27,
173226,OHIO STATE UNV CAR1,930 Kinnear Rd,Columbus,OH,43212,39.997987,-83.033045,ChargePoint Network,public,E,0.0,2.0,0.0,J1772,2021-01-27,
173227,OHIO STATE UNV CAR3,930 Kinnear Rd,Columbus,OH,43212,39.997977,-83.032914,ChargePoint Network,public,E,0.0,2.0,0.0,J1772,2021-01-27,
173228,OHIO STATE UNV CAR2,930 Kinnear Rd,Columbus,OH,43212,39.997977,-83.032977,ChargePoint Network,public,E,0.0,2.0,0.0,J1772,2021-01-27,
173361,HTM HTM STATION 5,6964 OH-235,Russells Point,OH,43348,40.44671,-83.901986,ChargePoint Network,public,E,0.0,2.0,0.0,J1772,2021-01-27,
173362,HTM HTM STATION 6,6964 OH-235,Russells Point,OH,43348,40.446707,-83.902029,ChargePoint Network,public,E,0.0,2.0,0.0,J1772,2021-01-27,
173363,HTM HTM STATION 7,6964 OH-235,Russells Point,OH,43348,40.446704,-83.902086,ChargePoint Network,public,E,0.0,2.0,0.0,J1772,2021-01-27,
173364,HTM HTM STATION 4,6964 OH-235,Russells Point,OH,43348,40.446713,-83.9019,ChargePoint Network,public,E,0.0,2.0,0.0,J1772,2021-01-27,
173562,OHIO STATE UNV SCHUMAKER1,630 Trumbull Ct,Columbus,OH,43210,40.012911,-83.026324,ChargePoint Network,public,E,0.0,2.0,0.0,J1772,2021-01-27,
173661,LAZ COLUMBUS OH CHESTNUT 01,44 E Chestnut St,Columbus,OH,43215,39.968063,-83.000658,ChargePoint Network,public,E,0.0,2.0,0.0,J1772,2021-01-27,
173662,LAZ COLUMBUS OH NEIL GARAGE 2,300 Neil Ave.,Columbus,OH,43215,39.967311,-83.009168,ChargePoint Network,public,E,0.0,2.0,0.0,J1772,2021-01-27,
173663,LAZ COLUMBUS OH ARENACROSSING 1,445 N Front St,Columbus,OH,43215,39.971245,-83.005077,ChargePoint Network,public,E,0.0,2.0,0.0,J1772,2021-01-27,
173664,LAZ COLUMBUS OH JMG 1,355 John H McConnell Blvd,Columbus,OH,43215,39.969087,-83.008128,ChargePoint Network,public,E,0.0,2.0,0.0,J1772,2021-01-27,
173782,SIMON CINCINNATI 1,852 Premium Outlets Dr,Monroe,OH,45050,39.436049,-84.33652,ChargePoint Network,public,E,0.0,1.0,0.0,J1772,2021-01-27,
173789,HUNTINGTON CENT STATION 3,50 S Front St,Columbus,OH,43215,39.961311,-83.001731,ChargePoint Network,public,E,0.0,2.0,0.0,J1772,2021-01-27,
173790,HUNTINGTON CENT STATION 2,50 S Front St,Columbus,OH,43215,39.96129,-83.001812,ChargePoint Network,public,E,0.0,2.0,0.0,J1772,2021-01-27,
173857,BROADWAYSTATION BROADWAY 1,3443 Park St,Grove City,OH,43123,39.882378,-83.095168,ChargePoint Network,public,E,0.0,2.0,0.0,J1772,2021-01-27,
173951,DUBLIN FLEET GARAGE #3,74 North St,Dublin,OH,43017,40.101148,-83.115107,ChargePoint Network,public,E,0.0,2.0,0.0,J1772,2021-01-27,
173952,DUBLIN FLEET GARAGE #2,74 North St,Dublin,OH,43017,40.101148,-83.115086,ChargePoint Network,public,E,0.0,2.0,0.0,J1772,2021-01-27,
173991,FRONT OF POOL ATHENS POOL,601 E State St,Athens,OH,45701,39.337036,-82.076931,ChargePoint Network,public,E,0.0,2.0,0.0,J1772,2021-01-27,
174024,LAKESHORE EV STATION 2,575 McCorkle Blvd,Westerville,OH,43082,40.140066,-82.921325,ChargePoint Network,public,E,0.0,2.0,0.0,J1772,2021-01-27,
174049,EASTON CT4000 FENLON 2,4004 Fenlon St,Columbus,OH,43219,40.051903,-82.913914,ChargePoint Network,public,E,0.0,2.0,0.0,J1772,2021-01-27,
174050,EASTON CPE250 FENLON 1,4004 Fenlon St,Columbus,OH,43219,40.051873,-82.913971,ChargePoint Network,public,E,0.0,0.0,1.0,CHADEMO J1772COMBO,2021-01-27,
174051,EASTON CPE250 FENLON 2,4004 Fenlon St,Columbus,OH,43219,40.051886,-82.913885,ChargePoint Network,public,E,0.0,0.0,1.0,CHADEMO J1772COMBO,2021-01-27,
174052,EASTON CT4000 FENLON 1,4004 Fenlon St,Columbus,OH,43219,40.051897,-82.91398,ChargePoint Network,public,E,0.0,2.0,0.0,J1772,2021-01-27,
174108,APOLLO CAREER APOLLO 1,Apollo Career Center 3325 Shawnee Rd,Lima,OH,45804,40.692711,-84.150365,ChargePoint Network,public,E,0.0,2.0,0.0,J1772,2021-01-27,
174139,GMC RICH GARAGE 2,387 E Rich St,Columbus,OH,43215,39.958308,-82.98934,ChargePoint Network,public,E,0.0,2.0,0.0,J1772,2021-01-27,
174140,GMC RICH GARAGE 1,387 E Rich St,Columbus,OH,43215,39.958292,-82.989343,ChargePoint Network,public,E,0.0,1.0,0.0,J1772,2021-01-27,
174266,TOLLES TOLLES WEST,7877 US-42,Plain City,OH,43064,40.054325,-83.292755,ChargePoint Network,public,E,0.0,2.0,0.0,J1772,2021-01-27,
174354,RMH RED BING 2,500 Thomas Ln,Columbus,OH,43214,40.033236,-83.032361,ChargePoint Network,public,E,0.0,2.0,0.0,J1772,2021-01-27,
174558,LAZ COLUMBUS OH GVY NORTH 01,975 Rail St,Grandview Heights,OH,43212,39.982689,-83.026403,ChargePoint Network,public,E,0.0,2.0,0.0,J1772,2021-01-27,
174610,OHIO STATE UNV MARION 1,1459 Mt Vernon Ave,Marion,OH,43302,40.57668,-83.09099,ChargePoint Network,public,E,0.0,2.0,0.0,J1772,2021-01-27,
174798,NATIONWIDECHILD NCH-W30 EV 3,237 1/2 E Livingston Ave,Columbus,OH,43215,39.952658,-82.992048,ChargePoint Network,public,E,0.0,0.0,1.0,CHADEMO J1772COMBO,2021-01-27,
174818,EASTON WORTH GAR. #3,4077 Worth Ave,Columbus,OH,43219,40.053921,-82.913051,ChargePoint Network,public,E,0.0,2.0,0.0,J1772,2021-01-27,
174819,EASTON WORTH GAR. #2,4077 Worth Ave,Columbus,OH,43219,40.053989,-82.913029,ChargePoint Network,public,E,0.0,2.0,0.0,J1772,2021-01-27,
174820,EASTON WORTH GAR. #4S,4077 Worth Ave,Columbus,OH,43219,40.054563,-82.913385,ChargePoint Network,public,E,0.0,2.0,0.0,J1772,2021-01-27,
174883,DAVE GILL CHEVY DAVE GILL #1,4700 E Broad St Dave Gill Chevrolet,Columbus,OH,43213,39.976682,-82.874903,ChargePoint Network,public,E,0.0,2.0,0.0,J1772,2021-01-27,
174884,DAVE GILL CHEVY DAVE GILL #2,4700 E Broad St Dave Gill Chevrolet,Columbus,OH,43213,39.97663,-82.874906,ChargePoint Network,public,E,0.0,2.0,0.0,J1772,2021-01-27,
174885,ADENA STATION 2,272 Hospital rd,Chillicothe,OH,45601,39.39659,-82.970665,ChargePoint Network,public,E,0.0,2.0,0.0,J1772,2021-01-27,
174900,LC - GAHANNA E,3891 Preserve Crossing Blvd,Columbus,OH,43230,40.059728,-82.848738,ChargePoint Network,public,E,0.0,2.0,0.0,J1772,2021-01-27,
174937,LMH STATION 1,1320 W Main St,Newark,OH,43055,40.047485,-82.45157,ChargePoint Network,public,E,0.0,2.0,0.0,J1772,2021-01-27,
174952,MORPC MORPC 2,111 Liberty St,Columbus,OH,43215,39.950677,-83.002017,ChargePoint Network,public,E,0.0,2.0,0.0,J1772,2021-01-27,
174953,MORPC MORPC 1,111 Liberty St,Columbus,OH,43215,39.95069,-83.00195,ChargePoint Network,public,E,0.0,2.0,0.0,J1772,2021-01-27,
175040,JAP GURU SOUTH STATION,3045 Olentangy River Rd,Columbus,OH,43202,40.023432,-83.026682,ChargePoint Network,public,E,0.0,2.0,0.0,J1772,2021-01-27,
175087,MARBLE CLIFF MC NORTH,1600 Fernwood Ave,Columbus,OH,43212,39.98878,-83.05917,ChargePoint Network,public,E,0.0,0.0,1.0,CHADEMO J1772COMBO,2021-01-27,
175144,MEGA LOT STARK STATE 2,6451 Frank Ave NW,North Canton,OH,44720,40.874223,-81.441276,ChargePoint Network,public,E,0.0,0.0,1.0,CHADEMO J1772COMBO,2021-01-27,
175244,NAI HIFFMAN NAI HIFFMAN,4725 Lakehurst Ct,Dublin,OH,43016,40.076927,-83.140015,ChargePoint Network,public,E,0.0,2.0,0.0,J1772,2021-01-27,
175284,NEWARK OHIO STATION 1,51 E Church St,Newark,OH,43055,40.059761,-82.401055,ChargePoint Network,public,E,0.0,0.0,1.0,CHADEMO J1772COMBO,2021-01-27,
175285,MICKEY MART #21 LEFT CHARGER,750 State Route 97 W,Bellville,OH,44813,40.646145,-82.542915,ChargePoint Network,public,E,0.0,0.0,1.0,J1772COMBO,2021-01-27,
175422,INDUS HOTEL ALOFT 1,1295 Olentangy River Rd,Columbus,OH,43212,39.985966,-83.0258,ChargePoint Network,public,E,0.0,1.0,0.0,J1772,2021-01-27,
175520,CITY OF UA PCS-ROBERTS RD2,4100 Roberts Rd,Columbus,OH,43228,40.005882,-83.104789,ChargePoint Network,public,E,0.0,0.0,1.0,CHADEMO J1772COMBO,2021-01-27,
175587,3CDC 3CDC ZIEGLER 2,1322 Sycamore St,Cincinnati,OH,45202,39.110988,-84.509714,ChargePoint Network,public,E,0.0,2.0,0.0,J1772,2021-01-27,
175588,3CDC 3CDC ZIEGLER 1,1322 Sycamore St,Cincinnati,OH,45202,39.110988,-84.509768,ChargePoint Network,public,E,0.0,2.0,0.0,J1772,2021-01-27,
175589,3CDC 3CDC ZIEGLER 3,1322 Sycamore St,Cincinnati,OH,45202,39.110938,-84.509693,ChargePoint Network,public,E,0.0,2.0,0.0,J1772,2021-01-27,
175648,CH GARAGE STADIUM ONE,220 N Patterson Blvd,Dayton,OH,45402,39.76424,-84.18776,ChargePoint Network,public,E,0.0,2.0,0.0,J1772,2021-01-27,
175649,3CDC 3CDC1,309 E 8th St,Cincinnati,OH,45202,39.105122,-84.508421,ChargePoint Network,public,E,0.0,2.0,0.0,J1772,2021-01-27,
175650,3CDC 3CDC2,309 E 8th St,Cincinnati,OH,45202,39.105131,-84.508421,ChargePoint Network,public,E,0.0,2.0,0.0,J1772,2021-01-27,
175651,3CDC 3CDC4,309 E 8th St,Cincinnati,OH,45202,39.105122,-84.508432,ChargePoint Network,public,E,0.0,2.0,0.0,J1772,2021-01-27,
175670,COTA N.L. P&R UNIT 2,3575 Cleveland Ave,Columbus,OH,43224,40.04114,-82.961365,ChargePoint Network,public,E,0.0,2.0,0.0,J1772,2021-01-27,
175671,COTA N.T.C. UNIT 1,Northland Transit Center Bay 1,Columbus,OH,43229,40.082244,-82.951872,ChargePoint Network,public,E,0.0,2.0,0.0,J1772,2021-01-27,
175672,COTA N.T.C. UNIT 2,Northland Transit Center Bay 1,Columbus,OH,43229,40.082232,-82.951946,ChargePoint Network,public,E,0.0,2.0,0.0,J1772,2021-01-27,
175706,O'BLENESS OBH STATION 2,75 Hospital Dr,Athens,OH,45701,39.327901,-82.115509,ChargePoint Network,public,E,0.0,2.0,0.0,J1772,2021-01-27,
175707,O'BLENESS OBH STATION 1,75 Hospital Dr,Athens,OH,45701,39.327901,-82.115509,ChargePoint Network,public,E,0.0,2.0,0.0,J1772,2021-01-27,
175816,CITY OF UA MSC TREMONT RD1,3600 Tremont Road,Upper Arlington,OH,43221,40.030911,-83.05181,ChargePoint Network,public,E,0.0,0.0,1.0,CHADEMO J1772COMBO,2021-01-27,
180658,MCE N GARAGE -2 MCE 1,6005 E Broad St,Columbus,OH,43213,39.978303,-82.842177,ChargePoint Network,public,E,0.0,2.0,0.0,J1772,2021-01-27,
181007,BLISS GARAGE BLISS DECK 1,238 Cleveland Ave NW,Canton,OH,44702,40.799969,-81.375722,ChargePoint Network,public,E,0.0,2.0,0.0,J1772,2021-01-27,
181439,EDISON BREWING FP #2,785 Science Blvd,Gahanna,OH,43230,39.9974,-82.84411,ChargePoint Network,public,E,0.0,2.0,0.0,J1772,2021-01-27,
181440,EDISON BREWING FP #3,785 Science Blvd,Gahanna,OH,43230,39.997387,-82.84416,ChargePoint Network,public,E,0.0,2.0,0.0,J1772,2021-01-27,
181526,OHIO STATE UNV LIMA1,4240 Campus Drive,Lima,OH,45804,40.737595,-84.02547,ChargePoint Network,public,E,0.0,2.0,0.0,J1772,2021-01-27,
181671,GALLIPOLIS COG S1,333 3rd Ave,Gallipolis,OH,45631,38.807673,-82.207329,ChargePoint Network,public,E,0.0,0.0,1.0,CHADEMO J1772COMBO,2021-01-27,
181702,COTA C.W. P&R UNIT3,Canal Winchester Park & Ride,Canal Winchester,OH,43110,39.860329,-82.826599,ChargePoint Network,public,E,0.0,2.0,0.0,J1772,2021-01-27,
181703,NEW BOSTON 4504 STATION 2,4504 Gallia St,New Boston,OH,45662,38.75408,-82.923675,ChargePoint Network,public,E,0.0,2.0,0.0,J1772,2021-01-27,
182003,REYNOLDSBURG LEVEL 2 STATION,7312 E Main St,Reynoldsburg,OH,43068,39.955447,-82.803619,ChargePoint Network,public,E,0.0,2.0,0.0,J1772,2021-01-27,
182062,MGH MGH - 2,1000 McKinley Park Dr,Marion,OH,43302,40.571332,-83.129049,ChargePoint Network,public,E,0.0,2.0,0.0,J1772,2021-01-27,
182138,CITYOFCANTON E TUSCARAWAS 2,420 2nd St NW,Canton,OH,44702,40.798487,-81.371838,ChargePoint Network,public,E,0.0,0.0,1.0,CHADEMO J1772COMBO,2021-01-27,
182204,OHIO STATE UNV WMCGARAGE3,527 W 10th Ave,Columbus,OH,43210,39.993931,-83.021572,ChargePoint Network,public,E,0.0,2.0,0.0,J1772,2021-01-27,
182205,OHIO STATE UNV WMCGARAGE4,527 W 10th Ave,Columbus,OH,43210,39.99389,-83.021547,ChargePoint Network,public,E,0.0,2.0,0.0,J1772,2021-01-27,
182206,OHIO STATE UNV WMCGARAGE2,527 W 10th Ave,Columbus,OH,43210,39.993867,-83.021591,ChargePoint Network,public,E,0.0,2.0,0.0,J1772,2021-01-27,
182207,OHIO STATE UNV WMCGARAGE5,527 W 10th Ave,Columbus,OH,43210,39.993857,-83.021543,ChargePoint Network,public,E,0.0,2.0,0.0,J1772,2021-01-27,
182446,COUGHLIN NISSAN EXTERIOR SOUTH,1459 Hebron Rd,Heath,OH,43056,40.012434,-82.458112,ChargePoint Network,public,E,0.0,2.0,0.0,J1772,2021-01-27,
182447,COUGHLIN NISSAN EXTERIOR FRONT,1459 Hebron Rd,Heath,OH,43056,40.012351,-82.458155,ChargePoint Network,public,E,0.0,2.0,0.0,J1772,2021-01-27,
182487,JPM CHASE STATION 2,1111 Polaris Parlway,Columbus,OH,43240,40.140249,-82.998619,ChargePoint Network,public,E,0.0,1.0,0.0,J1772,2021-01-27,
182488,JPM CHASE STATION 1,1111 Polaris Pkwy,Columbus,OH,43240,40.141109,-82.998118,ChargePoint Network,public,E,0.0,1.0,0.0,J1772,2021-01-27,
182987,JPM CHASE STATION 3,Unnamed Road,Columbus,OH,43240,40.140471,-82.998335,ChargePoint Network,public,E,0.0,2.0,0.0,J1772,2021-01-27,
182988,JPM CHASE STATION 4,1111 Polaris Pkwy,Columbus,OH,43240,40.141162,-82.998176,ChargePoint Network,public,E,0.0,2.0,0.0,J1772,2021-01-27,
183175,BRICKER&ECKLER EV STATION,100 S 3rd St,Columbus,OH,43215,39.960215,-82.996722,ChargePoint Network,public,E,0.0,1.0,0.0,J1772,2021-01-27,
183558,Fountain Square South Garage,416 Vine Street,Cincinnati,OH,45202,39.1004932,-84.5124527,FLO,public,E,0.0,5.0,0.0,J1772,2021-01-29,
183757,CHAMPION POWELL CROSSING,16 Crossing Street,Powell,OH,43065,40.15795,-83.07893,ChargePoint Network,public,E,0.0,2.0,0.0,J1772,2021-02-04,
185437,CARNEGIE INVEST CARNEGIE EV,30300 Chagrin Blvd,Pepper Pike,OH,44124,41.462044,-81.46432,ChargePoint Network,public,E,0.0,2.0,0.0,J1772,2021-02-27,
186117,R1 BENZ STATION 1,28450 Lorain Rd,North Olmsted,OH,44070,41.409916,-81.93724,ChargePoint Network,public,E,0.0,2.0,0.0,J1772,2021-03-12,
186159,COATES CAR CARE COATES 1,1210 Niles Cortland Rd SE,Warren,OH,44484,41.224762,-80.740984,ChargePoint Network,public,E,0.0,2.0,0.0,J1772,2021-03-13,
186319,MAIN LOT 1 STARK MAIN 1,817 Market Ave N,Canton,OH,44702,40.80449,-81.373321,ChargePoint Network,public,E,0.0,2.0,0.0,J1772,2021-03-18,
186386,GRAND RESORT STATION 2,9519 E Market St,Warren,OH,44484,41.236901,-80.716972,ChargePoint Network,public,E,0.0,2.0,0.0,J1772,2021-03-19,
186387,GRAND RESORT STATION 1,9519 E Market St,Warren,OH,44484,41.236903,-80.716685,ChargePoint Network,public,E,0.0,2.0,0.0,J1772,2021-03-19,
186551,City of Montgomery - Shelly Ln Public Parking Lot,9431 Shelly Lane,Montgomery,OH,45242,39.2276204,-84.3558711,FLO,public,E,0.0,2.0,0.0,J1772,2021-03-24,
186767,Shaker Heights City Hall,3380 Lee Rd,Shaker Heights,OH,44120,41.467773,-81.56523,AMPUP,public,E,0.0,2.0,0.0,J1772,2021-02-15,MUNI_GOV
186768,Oberlin City Hall,85 S Main St,Oberlin,OH,44074,41.289262,-82.217212,AMPUP,public,E,0.0,1.0,0.0,J1772,2021-02-22,MUNI_GOV
186771,Thornton Park,3301 Warrensville Center Rd,Shaker Heights,OH,44122,41.470109,-81.533891,AMPUP,public,E,0.0,2.0,0.0,J1772,2022-09-29,REC_SPORTS_FACILITY
186839,BROADVIEW THE BROADVIEW2,1471 Ida Ave,Columbus,OH,43212,39.987586,-83.045501,ChargePoint Network,public,E,0.0,2.0,0.0,J1772,2021-04-02,
186861,Element Oakwood,310 Old River Trail,Dayton,OH,45409,39.7320585,-84.1862106,FLO,public,E,0.0,4.0,0.0,J1772,2021-04-02,
187675,CITY OF TIFFIN STATION 2,90 S Washington St,Tiffin,OH,44883,41.11516,-83.177047,ChargePoint Network,public,E,0.0,0.0,1.0,CHADEMO J1772COMBO,2021-04-16,
187676,CITY OF TIFFIN STATION 1,90 S Washington St,Tiffin,OH,44883,41.115167,-83.177009,ChargePoint Network,public,E,0.0,0.0,1.0,CHADEMO J1772COMBO,2021-04-16,
187889,OHIO STATE UNV WOOSTER EVCS1,Gerlaugh Dr,Wooster,OH,44691,40.780186,-81.92789,ChargePoint Network,public,E,0.0,2.0,0.0,J1772,2021-04-23,
187914,HighGrain Brewing,6860 Plainfield Rd,Cincinnati,OH,45236,39.1929633,-84.4001769,FLO,public,E,0.0,4.0,0.0,J1772,2021-04-23,
189772,Case Western Reserve University - Veale Parking Garage,2158 Adelbert Rd,Cleveland,OH,44106,41.502236,-81.604897,Non-Networked,public,E,0.0,3.0,0.0,J1772,2016-08-01,COLLEGE_CAMPUS
190164,M-B HUDSON MBWC GUEST CHG,5897 Muhlhauser Rd,West Chester Township,OH,45069,39.319923,-84.429458,ChargePoint Network,public,E,0.0,2.0,0.0,J1772,2021-05-27,
190289,VISION PRO VISION PRO,730 Mt Airyshire Blvd,Columbus,OH,43235,40.127113,-83.036246,ChargePoint Network,public,E,0.0,2.0,0.0,J1772,2021-05-28,
190368,CDCTRAILHEAD GREAT GUERNSEY1,63500 Corduroy Rd,Cambridge,OH,43725,40.020066,-81.546956,ChargePoint Network,public,E,0.0,2.0,0.0,J1772,2021-05-29,
190982,MEIJER STORES 308 AVON 2,1801 Nagel Rd,Avon,OH,44011,41.461663,-81.989982,ChargePoint Network,public,E,0.0,2.0,0.0,J1772,2021-06-15,
191529,M-B HUDSON GUEST CHARGING,8727 Montgomery Rd,Cincinnati,OH,45236,39.21427,-84.359899,ChargePoint Network,public,E,0.0,2.0,0.0,J1772,2021-06-26,
191593,Village of Williamsburg Municipal Building,107 W Main St,Williamsburg,OH,45176,39.0525158,-84.0513708,FLO,public,E,0.0,2.0,0.0,J1772,2021-06-29,
191594,Williamsburg Community Park,100-144 E Main St,Williamsburg,OH,45176,39.049633,-84.049454,FLO,public,E,0.0,4.0,0.0,J1772,2021-06-29,
191637,Northside Business Association - Lingo,4162 Hamilton Ave,Cincinnati,OH,45223,39.162543,-84.539385,FLO,public,E,0.0,6.0,0.0,J1772,2021-06-30,
191645,Station 1 - Doctor's Parking,1044 Belmont Avenue,Youngstown,OH,44504,41.1138664,-80.6583559,Blink Network,public,E,0.0,2.0,0.0,J1772,2021-03-24,
191760,PICKERINGTON EV 1,115 N Center St,Pickerington,OH,43147,39.886238,-82.754133,ChargePoint Network,public,E,0.0,2.0,0.0,J1772,2021-07-03,
192613,Colerain Township Building,4200 Springdale Road,Colerain Township,OH,45251,39.245848,-84.610506,FLO,public,E,0.0,2.0,0.0,J1772,2021-07-07,
192722,ST MARYS SQUARE ST MARYS SQUARE,1220 Indiana Ave,Saint Marys,OH,45885,40.553334,-84.406472,ChargePoint Network,public,E,0.0,2.0,0.0,J1772,2021-07-10,
193280,COLUMBUS COMMON STATION 3,55 E Rich St,Columbus,OH,43215,39.956995,-82.998059,ChargePoint Network,public,E,0.0,2.0,0.0,J1772,2021-07-29,
193281,COLUMBUS COMMON STATION 2,55 E Rich St,Columbus,OH,43215,39.957353,-82.997863,ChargePoint Network,public,E,0.0,2.0,0.0,J1772,2021-07-29,
193282,COLUMBUS COMMON STATION 1,55 E Rich St,Columbus,OH,43215,39.957006,-82.998109,ChargePoint Network,public,E,0.0,2.0,0.0,J1772,2021-07-29,
193428,POINTE POLARIS STATION 4,8900 Lyra Dr,Columbus,OH,43240,40.146092,-82.973176,ChargePoint Network,public,E,0.0,2.0,0.0,J1772,2021-08-03,
193429,POINTE POLARIS STATION 3,8900 Lyra Dr,Columbus,OH,43240,40.14603,-82.97317,ChargePoint Network,public,E,0.0,2.0,0.0,J1772,2021-08-03,
193430,POINTE POLARIS STATION 1,8900 Lyra Dr,Columbus,OH,43240,40.146027,-82.97316,ChargePoint Network,public,E,0.0,2.0,0.0,J1772,2021-08-03,
193431,POINTE POLARIS STATION 2,8900 Lyra Dr,Columbus,OH,43240,40.146057,-82.97317,ChargePoint Network,public,E,0.0,2.0,0.0,J1772,2021-08-03,
193474,Wilcox Communities- Fifth Summit,114 East 5th Ave.,Columbus,OH,43205,39.9874073,-83.002683,Blink Network,public,E,0.0,3.0,0.0,J1772,2021-08-04,
193512,Springfield Twp Admin Building Parking Lot,9158 Winton Road,Cincinnati,OH,45231,39.232068,-84.507211,FLO,public,E,0.0,4.0,0.0,J1772,2021-08-05,
193718,WCH WCH WINTER ST.,546 Winter St,Wooster,OH,44691,40.819679,-81.933536,ChargePoint Network,public,E,0.0,2.0,0.0,J1772,2021-08-10,
193799,COTA F.T.F. UNIT 1,1333 Fields Ave,Columbus,OH,43201,39.990294,-82.991997,ChargePoint Network,public,E,0.0,2.0,0.0,J1772,2021-08-12,
193800,COTA F.T.F. UNIT 2,1333 Fields Ave,Columbus,OH,43201,39.990417,-82.99195,ChargePoint Network,public,E,0.0,2.0,0.0,J1772,2021-08-12,
193825,McDonald's - Garfield Heights OH,12690 Rockside Road,Garfield Heights,OH,44125,41.400765,-81.595494,Blink Network,public,E,0.0,1.0,0.0,J1772,2021-08-12,
193912,UPPERSANDCHARGE UPPER SANDUSKY,119 N 7th St,Upper Sandusky,OH,43351,40.828107,-83.282085,ChargePoint Network,public,E,0.0,0.0,1.0,CHADEMO J1772COMBO,2021-08-14,
193916,APPALACHIAN OUT APPALACHIAN OUT,60 Kendall Park Rd,Peninsula,OH,44264,41.21981,-81.49253,ChargePoint Network,public,E,0.0,2.0,0.0,J1772,2021-08-14,
194134,ONU SPORTS CENTER,609 W Lincoln Ave,Ada,OH,45810,40.768985,-83.832806,ChargePoint Network,public,E,0.0,2.0,0.0,J1772,2021-08-20,
194159,THEATRE LOT THEATRE LOT 1,101 N Main St,Jackson Center,OH,45334,40.439955,-84.040473,ChargePoint Network,public,E,0.0,2.0,0.0,J1772,2021-08-21,
194191,SILVERTON OHIO STATION 2,6943 Montgomery Rd,Silverton,OH,45236,39.191865,-84.406111,ChargePoint Network,public,E,0.0,2.0,0.0,J1772,2021-08-24,
194192,SILVERTON OHIO STATION 1,6943 Montgomery Rd,Silverton,OH,45236,39.191842,-84.406181,ChargePoint Network,public,E,0.0,2.0,0.0,J1772,2021-08-24,
194535,Joann Fabrics & Crafts,5381 Darrow Rd,Hudson,OH,44236,41.2111492845268,-81.4385075297091,Non-Networked,public,E,0.0,2.0,0.0,J1772,2021-08-16,SHOPPING_CENTER
194628,SPERRY LN SPERRY 1,15891 Sperry Rd,Middlefield,OH,44062,41.460424,-81.075945,ChargePoint Network,public,E,0.0,2.0,0.0,J1772,2021-08-28,
194639,XAVIER COHEN,1658 Herald Ave,"Norwood, Ohio 45212",OH,45212,39.150872,-84.469738,ChargePoint Network,public,E,0.0,2.0,0.0,J1772,2021-08-28,
194920,East Garage,435 East Pete Rose Way,Cincinnati,OH,45202,39.0988448,-84.5035133,FLO,public,E,0.0,4.0,0.0,J1772,2021-09-02,
194921,Central Riverfront North Garage,99 Second Street East,Cincinnati,OH,45202,39.0980718,-84.511014,FLO,public,E,0.0,3.0,0.0,J1772,2021-09-02,
194922,Parkhaus,1123 Sycamore St,Cincinnati,OH,45202,39.108572,-84.5101272,FLO,public,E,0.0,4.0,0.0,J1772,2021-09-02,
194983,North College Hill Admin Bldg - Phase 1,1500 W. Galbraith Road,Cincinnati,OH,45231,39.217678,-84.542267,FLO,public,E,0.0,2.0,0.0,J1772,2021-09-02,
195088,West End Garage,1530 John Street,Cincinnati,OH,45214,39.1117371,-84.5237247,FLO,public,E,0.0,3.0,0.0,J1772,2021-09-04,
195090,ODOT District 8 Offices,505 OH-741,Lebanon,OH,45036,39.4308799,-84.2834605,FLO,public,E,0.0,2.0,0.0,J1772,2021-09-04,
195092,ONU DICKE,410 S Gilbert St,Ada,OH,45810,40.76744,-83.824333,ChargePoint Network,public,E,0.0,2.0,0.0,J1772,2021-09-04,
195749,ODOT District 7 Garage,300 Smith Dr.,Clayton,OH,45315,39.856426,-84.327026,FLO,public,E,0.0,2.0,0.0,J1772,2021-09-09,
195916,VOG EV STATION VOG EV STATION,960 Main St,Grafton,OH,44044,41.273517,-82.055,ChargePoint Network,public,E,0.0,2.0,0.0,J1772,2021-09-15,
195978,Vintage Club Garage,22 Vintage Club Drive,Montgomery,OH,45242,39.2656582,-84.3315569,FLO,public,E,0.0,4.0,0.0,J1772,2021-09-16,
196043,Spitzer Autoworld Lordstown,10535 Mahoning Ave,North Jackson,OH,44451,41.0995464278259,-80.8490261322218,Non-Networked,public,E,0.0,1.0,2.0,J1772 J1772COMBO,2021-09-11,CAR_DEALER
196179,WICKLIFFE PNR WICKLIFFE1,29551 Lakeland Blvd,Wickliffe,OH,44092,41.61426,-81.47803,ChargePoint Network,public,E,0.0,1.0,0.0,J1772,2021-09-22,
196181,WICKLIFFE PNR WICKLIFFE3,29551 Lakeland Blvd,Wickliffe,OH,44092,41.61413,-81.47792,ChargePoint Network,public,E,0.0,1.0,0.0,J1772,2021-09-22,
196189,ODNR - Hueston Woods,5201 Lodge Rd,College Corner,OH,45003,39.572922,-84.740601,FLO,public,E,0.0,4.0,0.0,J1772,2021-09-22,
196190,ODNR - Caesar Creek,8570 Ohio 73,Waynesville,OH,45068,39.514476,-84.030283,FLO,public,E,0.0,4.0,0.0,J1772,2021-09-22,
196227,WICKLIFFE PNR WICKLIFFE4,29551 Lakeland Blvd,Wickliffe,OH,44092,41.61444,-81.478092,ChargePoint Network,public,E,0.0,1.0,0.0,J1772,2021-09-23,
196299,SAGAMORE HILLS STATION 2,11550 Valley View Rd,Northfield,OH,44067,41.337353,-81.5636,ChargePoint Network,public,E,0.0,2.0,0.0,J1772,2021-09-24,
196300,SAGAMORE HILLS STATION 1,11550 Valley View Rd,Northfield,OH,44067,41.337375,-81.563525,ChargePoint Network,public,E,0.0,2.0,0.0,J1772,2021-09-24,
196383,Liberty Township Administrative Building,5021 Winners Circle Drive,Liberty Township,OH,45011,39.3969594,-84.4517389,FLO,public,E,0.0,2.0,0.0,J1772,2021-09-25,
196461,WEST CARROLLTON THE POINT 1,955 E Dixie Dr,Dayton,OH,45449,39.678068,-84.237854,ChargePoint Network,public,E,0.0,2.0,0.0,J1772,2021-09-29,
196553,Kent State University - Lot R-19,Art Annex,Kent,OH,44243,41.1508046730454,-81.3468361351987,Non-Networked,public,E,0.0,1.0,0.0,J1772,2021-09-30,PARKING_LOT
196584,KIDS EV PARKING BOWERY DECK #2,199 W Bowery St,Akron,OH,44308,41.079414,-81.52403,ChargePoint Network,public,E,0.0,2.0,0.0,J1772,2021-10-01,
196585,KIDS EV PARKING BOWERY DECK #1,199 W Bowery St,Akron,OH,44308,41.079407,-81.523895,ChargePoint Network,public,E,0.0,2.0,0.0,J1772,2021-10-01,
196586,KIDS EV PARKING BOWERY DECK #3,199 W Bowery St,Akron,OH,44308,41.07953,-81.523952,ChargePoint Network,public,E,0.0,2.0,0.0,J1772,2021-10-01,
196587,KIDS EV PARKING BOWERY DECK #4,199 W Bowery St,Akron,OH,44308,41.079548,-81.524095,ChargePoint Network,public,E,0.0,2.0,0.0,J1772,2021-10-01,
197384,Staybridge Suites Stow Hotel,4351 Steels Pointe Dr,Stow,OH,44224,41.1800477,-81.4809422,Blink Network,public,E,0.0,2.0,0.0,J1772,2021-10-07,
197402,LAKEWOOD SKATE HOUSE,14710 Lake Ave,Lakewood,OH,44107,41.493694,-81.79864,ChargePoint Network,public,E,0.0,2.0,0.0,J1772,2021-10-08,
197514,Personalized Wellness Center,1440 N Portage Path,Akron,OH,44313,41.1338944379758,-81.5485667062028,Non-Networked,public,E,0.0,1.0,0.0,J1772,2021-10-04,REC_SPORTS_FACILITY
197542,Liberty Ford,900 N Aurora Rd,Aurora,OH,44202,41.3426773997806,-81.3681378478547,Non-Networked,public,E,0.0,2.0,0.0,J1772,2021-10-04,CAR_DEALER
197543,Ganley Chevrolet,310 W Garfield Rd,Aurora,OH,44202,41.3185648102471,-81.3566992799331,Non-Networked,public,E,0.0,1.0,2.0,J1772 J1772COMBO,2021-10-04,CAR_DEALER
197549,Hampton Inn Stow,4331 Lakepointe Corporate Dr,Stow,OH,44224,41.183186,-81.474472,Blink Network,public,E,0.0,1.0,0.0,J1772,2021-10-08,
197674,MILAN VILLAGE VILLAGE CHARGER,1 W Front St,Milan,OH,44846,41.298457,-82.60672,ChargePoint Network,public,E,0.0,2.0,0.0,J1772,2021-10-13,
197705,CSG EV SHOPS OF GREEN,3700 Massillon Rd,Uniontown,OH,44685,40.960327,-81.466589,ChargePoint Network,public,E,0.0,2.0,0.0,J1772,2021-10-14,
197805,Regency Condominiums,2444 Madison Rd #101,Cincinnati,OH,45208,39.14081,-84.453705,FLO,public,E,0.0,10.0,0.0,J1772,2021-10-15,
197806,Crosspoint,3485 Red Hook Crossing,Columbus,OH,43219,40.0245332,-82.9192691,FLO,public,E,0.0,2.0,0.0,J1772,2021-10-15,
197807,Gantry Apartments,1580 Blue Rock Street,Cincinnati,OH,45223,39.160667,-84.537972,FLO,public,E,0.0,2.0,0.0,J1772,2021-10-15,
197808,Latitude - 5245 Natorp,5245 Natrop Blvd,Mason,OH,45040,39.299,-84.319722,FLO,public,E,0.0,2.0,0.0,J1772,2021-10-15,
197810,Alexander Pointe - Building 2,535 Willow Pond Blvd,Maineville,OH,45039,39.336472,-84.227917,FLO,public,E,0.0,2.0,0.0,J1772,2021-10-15,
197811,Austin Park,9600 Summit Point Drive,Miamisburg,OH,45342,39.6057939,-84.226573,FLO,public,E,0.0,4.0,0.0,J1772,2021-10-15,
197846,LAKEWOOD CITY HALL,12810 Detroit Ave,Lakewood,OH,44107,41.484886,-81.777912,ChargePoint Network,public,E,0.0,2.0,0.0,J1772,2021-10-16,
197924,VANDEVEREKIA1 LVL2,322 W Market St,Akron,OH,44303,41.089764,-81.52819,ChargePoint Network,public,E,0.0,2.0,0.0,J1772,2021-10-20,
198032,Hilliard Rome Office Park,5544 Hilliard Rome Office Park,Hilliard,OH,43026,39.9929767059317,-83.1535342651827,Non-Networked,public,E,0.0,2.0,0.0,J1772,2021-10-18,OFFICE_BLDG
198033,Clean Fuels Ohio,3240 W Henderson Rd,Columbus,OH,43220,40.059278682993,-83.0796780139041,Non-Networked,public,E,0.0,1.0,0.0,J1772,2021-10-18,OFFICE_BLDG
198075,PICKERINGTON EV 2,115 N Center St,Pickerington,OH,43147,39.886257,-82.754101,ChargePoint Network,public,E,0.0,2.0,0.0,J1772,2021-10-22,
199091,CHARLES RIGGINS CHARLES RIGGINS,5309 Applebaugh St,Dublin,OH,43016,40.06088,-83.15494,ChargePoint Network,public,E,0.0,2.0,0.0,J1772,2021-10-26,
199161,CELINA MAIN ST,208 S Main St,Celina,OH,45822,40.547683,-84.570184,ChargePoint Network,public,E,0.0,2.0,0.0,J1772,2021-10-27,
199162,CELINA WALNUT ST,112 S Walnut St,Celina,OH,45822,40.548437,-84.57248,ChargePoint Network,public,E,0.0,2.0,0.0,J1772,2021-10-27,
199171,DUBLIN FLEET CITY HALL #2,5565 Perimeter Dr,Dublin,OH,43017,40.101963,-83.139878,ChargePoint Network,public,E,0.0,2.0,0.0,J1772,2021-10-27,
199172,DUBLIN FLEET CITY HALL #1,5565 Perimeter Dr,Dublin,OH,43017,40.102125,-83.139943,ChargePoint Network,public,E,0.0,2.0,0.0,J1772,2021-10-27,
199449,Warren County Sports Park,1408 OH-741,Lebanon,OH,45036,39.45875,-84.26278,FLO,public,E,0.0,4.0,0.0,J1772,2021-10-29,
200414,MCNA MCNA HOSPITAL 1,7333 Smith's Mill Rd,New Albany,OH,43054,40.086238,-82.789753,ChargePoint Network,public,E,0.0,2.0,0.0,J1772,2021-11-02,
200498,HUNTINGTON STATION 1,500 Miamisburg Centerville Rd,Dayton,OH,45459,39.627184,-84.172624,ChargePoint Network,public,E,0.0,1.0,0.0,J1772,2021-11-04,
200501,CAK AIRPORT SHORT TERM 1-2,5400 Lauby Rd,North Canton,OH,44720,40.91445,-81.435231,ChargePoint Network,public,E,0.0,2.0,0.0,J1772,2021-11-04,
200585,WESTERVILLE CITY HALL 1,21 W College Ave,Westerville,OH,43081,40.125523,-82.93241,ChargePoint Network,public,E,0.0,2.0,0.0,J1772,2021-11-05,
200586,WESTERVILLE CITY HALL 2,21 W College Ave,Westerville,OH,43081,40.125616,-82.932417,ChargePoint Network,public,E,0.0,2.0,0.0,J1772,2021-11-05,
200598,Montgomery City Hall,10101 Montgomery Rd,Montgomery,OH,45242,39.2396937,-84.3506228,FLO,public,E,0.0,2.0,0.0,J1772,2021-11-05,
200619,Frost Roofing Inc,2 Broadway St,Wapakoneta,OH,45895,40.569795887608,-84.1909039119769,Non-Networked,public,E,0.0,2.0,0.0,TESLA,2021-10-29,OTHER
200641,HUNTINGTON SPRINGSIDE,30 Springside Dr,Akron,OH,44333,41.136375,-81.645383,ChargePoint Network,public,E,0.0,1.0,0.0,J1772,2021-11-06,
200964,Baymont by Wyndham Columbus/Rickenbacker,2323 Rickenbacker Pkwy W,Columbus,OH,43217,39.82286,-82.93778,Blink Network,public,E,0.0,2.0,0.0,J1772,2021-11-10,
201008,Liberty Park,6757 Yankee Rd,Liberty Township,OH,45044,39.3813771,-84.386281,FLO,public,E,0.0,2.0,0.0,J1772,2021-11-11,
201080,WESTMONT - LANE WESTMONT - LANE,1690 W Lane Ave,Columbus,OH,43221,40.007558,-83.055331,ChargePoint Network,public,E,0.0,2.0,0.0,J1772,2021-11-13,
201081,WESTMONT - LANE WESTMONT - 2,1690 W Lane Ave,Columbus,OH,43221,40.007576,-83.055435,ChargePoint Network,public,E,0.0,2.0,0.0,J1772,2021-11-13,
201099,Columbus Airport Mariott,1375 North Cassady Avenue,Columbus,OH,30004,39.997,-82.932162,Blink Network,public,E,0.0,2.0,0.0,J1772,2021-11-13,
201171,PARKING GARAGE STATION 1,6 W Walnut St,Oxford,OH,45056,39.509925,-84.743145,ChargePoint Network,public,E,0.0,2.0,0.0,J1772,2021-11-16,
201305,"Findlay, OH - Tesla Supercharger",1051 Interstate Court,Findlay,OH,45840,41.059617,-83.671131,Tesla,public,E,0.0,0.0,8.0,TESLA,2021-11-09,RESTAURANT
201367,NCEC-ATTICA STATION 1,13343 US 224,Attica,OH,44807,41.07977,-82.917431,ChargePoint Network,public,E,0.0,2.0,0.0,J1772,2021-11-19,
201446,HUNTINGTON STRONGSVILLE,13866 Pearl Rd,Strongsville,OH,44136,41.3135,-81.835915,ChargePoint Network,public,E,0.0,1.0,0.0,J1772,2021-11-20,
201821,LCEC LOGAN COOP,1587 County Hwy 32 N,Bellefontaine,OH,43311,40.386078,-83.78992,ChargePoint Network,public,E,0.0,2.0,0.0,J1772,2021-12-01,
201881,Kia of Bedford,18180 Rockside Road,Bedford,OH,44146,41.404826,-81.549907,Blink Network,public,E,0.0,2.0,0.0,J1772,2021-12-01,
201907,COPPUS MOTORS 1 OUTSIDE STATION,2190 W Market St,Tiffin,OH,44883,41.110036,-83.212403,ChargePoint Network,public,E,0.0,2.0,0.0,J1772,2021-12-02,
201999,PLAIN TWP EV PLAINTWPADMIN2,2600 Easton St NE,Canton,OH,44721,40.873201,-81.332556,ChargePoint Network,public,E,0.0,2.0,0.0,J1772,2021-12-03,
202000,PLAIN TWP EV PLAINTWPADMIN1,2600 Easton St NE,Canton,OH,44721,40.873146,-81.332535,ChargePoint Network,public,E,0.0,2.0,0.0,J1772,2021-12-03,
202133,CITY OF LEBANON STATION #1,125 S Sycamore St,Lebanon,OH,45036,39.433275,-84.210856,ChargePoint Network,public,E,0.0,2.0,0.0,J1772,2021-12-08,
202135,8044 WEST SIDE,8044 Montgomery Rd,Cincinnati,OH,45236,39.201033,-84.371559,ChargePoint Network,public,E,0.0,2.0,0.0,J1772,2021-12-08,
202136,8044 EAST SIDE,7865 Hosbrook Rd,Cincinnati,OH,45243,39.201233,-84.37054,ChargePoint Network,public,E,0.0,2.0,0.0,J1772,2021-12-08,
202533,100 WEST SV STATION 1,39 W Franklin St,Centerville,OH,45459,39.628654,-84.160267,ChargePoint Network,public,E,0.0,2.0,0.0,J1772,2021-12-15,
202534,100 WEST SV STATION 2,39 W Franklin St,Centerville,OH,45459,39.628651,-84.160333,ChargePoint Network,public,E,0.0,2.0,0.0,J1772,2021-12-15,
202535,FRANKLINWILDCAT CHARGER 1,1 Ben Franklin Way,Franklin,OH,45005,39.559696,-84.3033,ChargePoint Network,public,E,0.0,2.0,0.0,J1772,2021-12-15,
202536,FRANKLINWILDCAT CHARGER 2,1 Ben Franklin Way,Franklin,OH,45005,39.559739,-84.303273,ChargePoint Network,public,E,0.0,2.0,0.0,J1772,2021-12-15,
202652,Hyundai of Bedford,18300 Rockside Road,Bedford,OH,44146,41.4061393,-81.5508475,Blink Network,public,E,0.0,4.0,0.0,J1772,2021-12-15,
202688,FAIRBORN CITY FAIRBORN EV,1161 E Dayton Yellow Springs Rd,Fairborn,OH,45324,39.784766,-83.996364,ChargePoint Network,public,E,0.0,2.0,0.0,J1772,2021-12-16,
202689,FAIRBORN CITY FAIRBORN,1161 E Dayton Yellow Springs Rd,Fairborn,OH,45324,39.784766,-83.996396,ChargePoint Network,public,E,0.0,2.0,0.0,J1772,2021-12-16,
202702,Glenway Crossing Transit Center,5142 Glencrossing Way,Cincinnati,OH,45238,39.1301887,-84.6150212,FLO,public,E,0.0,4.0,0.0,J1772,2021-12-16,
202723,AKRON FAST CHARGER,1345 E Market St,Akron,OH,44305,41.064248,-81.478629,ChargePoint Network,public,E,0.0,2.0,0.0,J1772,2021-12-17,
202728,CITY OF BEDFORD MUNI LOT 2,695 Broadway Ave,Bedford,OH,44146,41.391737,-81.534962,ChargePoint Network,public,E,0.0,2.0,0.0,J1772,2021-12-17,
202729,CITY OF BEDFORD MUNI LOT 1,695 Broadway Ave,Bedford,OH,44146,41.391746,-81.53496,ChargePoint Network,public,E,0.0,2.0,0.0,J1772,2021-12-17,
202787,SCP NORTH LOT,720 Mill Park Dr,Lancaster,OH,43130,39.724136,-82.670061,ChargePoint Network,public,E,0.0,2.0,0.0,J1772,2021-12-18,
202788,SCP SOUTH LOT,720 Mill Park Dr,Lancaster,OH,43130,39.724136,-82.670013,ChargePoint Network,public,E,0.0,2.0,0.0,J1772,2021-12-18,
202868,THE LAST QUEEN STATION1,210 E Main St,Enon,OH,45323,39.879733,-83.934956,ChargePoint Network,public,E,0.0,2.0,0.0,J1772,2021-12-21,
202899,WICKLIFFE PNR WICKLIFFE2,29551 Lakeland Blvd,Wickliffe,OH,44092,41.614332,-81.478206,ChargePoint Network,public,E,0.0,1.0,0.0,J1772,2021-12-22,
202911,CHMUNICIPALLOT EPL NORTH UNIT,555 E 222nd St,Euclid,OH,44123,41.599176,-81.525876,ChargePoint Network,public,E,0.0,2.0,0.0,J1772,2021-12-22,
202912,CHMUNICIPALLOT EPL SOUTH UNIT,585 E 222nd St,Euclid,OH,44123,41.5992,-81.52594,ChargePoint Network,public,E,0.0,2.0,0.0,J1772,2021-12-22,
202967,REC CENTER REC CENTER,9940 Springfield Pike,Cincinnati,OH,45215,39.245144,-84.469324,ChargePoint Network,public,E,0.0,2.0,0.0,J1772,2021-12-23,
203001,100 WEST SV MUNI STATION 1,100 W Spring Valley Pike,Centerville,OH,45458,39.612791,-84.162069,ChargePoint Network,public,E,0.0,2.0,0.0,J1772,2021-12-24,
203043,"Genoa, OH - Blue Heron Service Plaza - Tesla Supercharger",6164 Creek 165,Genoa,OH,43430,41.490591,-83.36672,Tesla,public,E,0.0,0.0,8.0,TESLA,2021-12-23,REST_STOP
203087,MV PKG GARAGE GARAGE STATION1,40-49 Public Square,Mount Vernon,OH,43050,40.394314,-82.484597,ChargePoint Network,public,E,0.0,2.0,0.0,J1772,2021-12-28,
203255,"Genoa, OH - Wyandot Service Plaza - Tesla Supercharger",6410 Creek 165,Genoa,OH,43430,41.490081,-83.370486,Tesla,public,E,0.0,0.0,8.0,TESLA,2021-12-23,REST_STOP
203262,"Brooklyn, OH - Tesla Supercharger",10315 Cascade Crossing,Brooklyn,OH,44144,41.422653,-81.758379,Tesla,public,E,0.0,0.0,8.0,TESLA,2021-12-23,GAS_STATION
204260,LAKEWOOD MADISON PARK,13028 Madison Ave,Lakewood,OH,44107,41.476678,-81.780047,ChargePoint Network,public,E,0.0,2.0,0.0,J1772,2022-01-04,
204307,HUNTINGTON 8220 OH-16,8220 OH-16,Blacklick,OH,43004,39.987047,-82.782142,ChargePoint Network,public,E,0.0,1.0,0.0,J1772,2022-01-05,
204450,TRIHEALTH GSH2,375 Dixmyth Ave,Cincinnati,OH,45220,39.139973,-84.52195,ChargePoint Network,public,E,0.0,2.0,0.0,J1772,2022-01-07,
204451,TRIHEALTH GSH,Dixmyth Ave,Cincinnati,OH,45220,39.139885,-84.5235,ChargePoint Network,public,E,0.0,2.0,0.0,J1772,2022-01-07,
204452,TRIHEALTH BNH,10500 Montgomery Rd,Montgomery,OH,45242,39.251984,-84.341896,ChargePoint Network,public,E,0.0,2.0,0.0,J1772,2022-01-07,
204453,TRIHEALTH MHMH,110 N Poplar St,Oxford,OH,45056,39.51287,-84.741355,ChargePoint Network,public,E,0.0,2.0,0.0,J1772,2022-01-07,
204454,TRIHEALTH BBH,3125 Hamilton Mason Rd,Hamilton,OH,45011,39.378802,-84.513163,ChargePoint Network,public,E,0.0,2.0,0.0,J1772,2022-01-07,
204458,CITY OF XENIA CITY OF XENIA 2,66 W 2nd St,Xenia,OH,45385,39.68405,-83.930275,ChargePoint Network,public,E,0.0,2.0,0.0,J1772,2022-01-07,
204459,CITY OF XENIA CITY OF XENIA 1,66 W 2nd St,Xenia,OH,45385,39.684025,-83.93025,ChargePoint Network,public,E,0.0,2.0,0.0,J1772,2022-01-07,
204467,JIM WHITE HONDA FRONT STATION,1505 S Reynolds Rd,Maumee,OH,43537,41.585943,-83.666183,ChargePoint Network,public,E,0.0,2.0,0.0,J1772,2022-01-07,
204648,Hyatt Place Columbus/Dublin,6161 Parkcenter Circle,Dublin,OH,43017,40.078257,-83.134309,Blink Network,public,E,0.0,2.0,0.0,J1772,2022-01-11,
204723,Oregon District Public Parking,225 E 6th St,Dayton,OH,45402,39.7569542,-84.1870363,FLO,public,E,0.0,4.0,0.0,J1772,2022-01-13,
204742,GERMAIN VW KIA DELIVERY,1455 Auto Mall Dr,Columbus,OH,43228,39.923172,-83.125038,ChargePoint Network,public,E,0.0,1.0,0.0,J1772,2022-01-14,
204753,LINK 59 LINK 59 BUILDNG,6007 Euclid Ave,Cleveland,OH,44103,41.50477,-81.648415,ChargePoint Network,public,E,0.0,2.0,0.0,J1772,2022-01-14,
204780,8 N PLAINS RURAL ACTION,8 N Plains Rd,The Plains,OH,45780,39.369901,-82.132842,ChargePoint Network,public,E,0.0,2.0,0.0,J1772,2022-01-14,
204848,Fairfield Inn & Suites - New Albany,4976 E Dublin Granville Rd,Columbus,OH,43081,40.081588014547,-82.8546386439498,Non-Networked,public,E,0.0,3.0,0.0,J1772,2021-01-10,HOTEL
204851,Roush Ford,5575 Keim Cir,Columbus,OH,43228,39.9801422194764,-83.1539433814003,Non-Networked,public,E,0.0,1.0,0.0,J1772,2021-01-12,CAR_DEALER
204852,Mark Wahlberg Chevrolet - Worthington,700 E Dublin Granville Rd,Columbus,OH,43085,40.0888314307183,-83.0005574258841,Non-Networked,public,E,0.0,0.0,1.0,J1772COMBO,2021-01-12,CAR_DEALER
204858,Best Western - St. Clairsville Inn & Suites,51654 National Rd E,St. Clairsville,OH,43950,40.0714020467037,-80.8566526212388,Non-Networked,public,E,0.0,1.0,0.0,J1772,2021-01-12,HOTEL
204859,Bakers Motel,8855 E Pike,Norwich,OH,43767,39.9767141792763,-81.8231327051329,Non-Networked,public,E,0.0,1.0,0.0,J1772,2021-01-12,HOTEL
204860,Dutro Nissan and Ford,119 S 6th St,Zanesville,OH,43701,39.937551,-82.005675,Non-Networked,public,E,0.0,2.0,0.0,J1772,2021-01-12,CAR_DEALER
204861,Worthington of Logan Hotel,72 W 2nd St,Logan,OH,43138,39.5393961306727,-82.4102144885017,Non-Networked,public,E,0.0,2.0,0.0,J1772,2021-01-12,HOTEL
204862,Stuart's Opera House - Parking Lot,52 Public Square,Nelsonville,OH,45764,39.4610534255449,-82.2316589542591,Non-Networked,public,E,0.0,1.0,0.0,J1772,2021-01-12,PARKING_LOT
204863,Little Fish Brewing Co,8675 Armitage Rd,Athens,OH,45701,39.3331102927962,-82.1296098040024,Non-Networked,public,E,0.0,1.0,0.0,J1772,2021-01-12,BREWERY_DISTILLERY_WINERY
204869,Washington County Public Library,615 5th St,Marietta,OH,45750,39.4244674058892,-81.4583011584984,Non-Networked,public,E,0.0,1.0,0.0,J1772,2021-01-12,LIBRARY
204949,604 MAHONING STATION 3,604 Mahoning Ave,Youngstown,OH,44502,41.102274,-80.660973,ChargePoint Network,public,E,0.0,2.0,0.0,J1772,2022-01-15,
204951,604 MAHONING STATION 2,604 Mahoning Ave,Youngstown,OH,44502,41.102194,-80.659255,ChargePoint Network,public,E,0.0,2.0,0.0,J1772,2022-01-15,
204952,604 MAHONING STATION 1,604 Mahoning Ave,Youngstown,OH,44502,41.102225,-80.659296,ChargePoint Network,public,E,0.0,2.0,0.0,J1772,2022-01-15,
204994,CITYOFGREEN CAB 1,1755 Town Park Blvd,Uniontown,OH,44685,40.949637,-81.469983,ChargePoint Network,public,E,0.0,2.0,0.0,J1772,2022-01-19,
204995,CITYOFGREEN CAB 2,1755 Town Park Blvd,Uniontown,OH,44685,40.949645,-81.469994,ChargePoint Network,public,E,0.0,2.0,0.0,J1772,2022-01-19,
205005,LAKEWOOD WEST END GATEWY,18875 Detroit Extension,Lakewood,OH,44107,41.480732,-81.82844,ChargePoint Network,public,E,0.0,2.0,0.0,J1772,2022-01-19,
205128,FAIRBORN CITY STATION1,21 N Pleasant Ave,Fairborn,OH,45324,39.822235,-84.020342,ChargePoint Network,public,E,0.0,2.0,0.0,J1772,2022-01-21,
205169,Valley Ford - Huron,55 Cleveland Rd E,Huron,OH,44839,41.3908798157284,-82.5558683745673,Non-Networked,public,E,0.0,1.0,0.0,J1772,2021-01-14,CAR_DEALER
205184,VOSS  BMW CUSTOMER,620 Miamisburg Centerville Rd,Dayton,OH,45459,39.627131,-84.174629,ChargePoint Network,public,E,0.0,2.0,0.0,J1772,2022-01-22,
205207,WESTERVILLE UPTOWN LOT G 2,64 E Walnut St,Westerville,OH,43081,40.123003,-82.928029,ChargePoint Network,public,E,0.0,2.0,0.0,J1772,2022-01-22,
205208,WESTERVILLE UPTOWN LOT G 1,64 E Walnut St,Westerville,OH,43081,40.123067,-82.928022,ChargePoint Network,public,E,0.0,2.0,0.0,J1772,2022-01-22,
205258,CCPLWVH1 STATION 1,4415 Northfield Rd,Warrensville Heights,OH,44128,41.440444,-81.525671,ChargePoint Network,public,E,0.0,2.0,0.0,J1772,2022-01-25,
205284,Palmera Apartments,6965 Palmera Dr,Mason,OH,45040,39.3880705,-84.3413494,FLO,public,E,0.0,6.0,0.0,J1772,2022-01-25,
205306,TRIHEALTH EVENDALE,3155 Glendale Milford Rd,Cincinnati,OH,45241,39.251403,-84.421212,ChargePoint Network,public,E,0.0,2.0,0.0,J1772,2022-01-26,
205311,YOCTANGEE COC 1,37 E Water St,Chillicothe,OH,45601,39.33671,-82.981814,ChargePoint Network,public,E,0.0,0.0,1.0,CHADEMO J1772COMBO,2022-01-26,
205312,YOCTANGEE COC 2,37 E Water St Side,Chillicothe,OH,45601,39.336702,-82.981825,ChargePoint Network,public,E,0.0,0.0,1.0,CHADEMO J1772COMBO,2022-01-26,
205322,BERGER HOSPITAL BERGER 1,702 N Pickaway St,Circleville,OH,43113,39.611121,-82.937058,ChargePoint Network,public,E,0.0,2.0,0.0,J1772,2022-01-26,
205323,BERGER HOSPITAL BERGER 2,702 N Pickaway St,Circleville,OH,43113,39.611121,-82.937058,ChargePoint Network,public,E,0.0,2.0,0.0,J1772,2022-01-26,
205457,PICKERINGTON EV 3,10503 Blacklick-Eastern Rd NW,Pickerington,OH,43147,39.928345,-82.785614,ChargePoint Network,public,E,0.0,0.0,1.0,CHADEMO J1772COMBO,2022-01-28,
205509,Springfield Beckley Municipal Airport,1251 W Blee Rd,Springfield,OH,45502,39.842942087823,-83.8443500402444,Non-Networked,public,E,0.0,0.0,1.0,CHADEMO J1772COMBO,2022-01-24,AIRPORT
205580,LINCOLN POINTE STATION 1,40 Hutchinson Ave,Columbus,OH,43235,40.114061,-83.013984,ChargePoint Network,public,E,0.0,2.0,0.0,J1772,2022-01-29,
205592,SARTA CHARGERS BELDEN VILLAGE,Belden Village Transit Center,Canton,OH,44718,40.851055,-81.422637,ChargePoint Network,public,E,0.0,2.0,0.0,J1772,2022-01-29,
205660,PORTSMOUTH EVCS STATION1,728 2nd St,Portsmouth,OH,45662,38.730523,-82.997387,ChargePoint Network,public,E,0.0,2.0,0.0,J1772,2022-02-01,
205698,LAKEWOOD CITY CENTER PRK,14821 Detroit Ave,Lakewood,OH,44107,41.484783,-81.80025,ChargePoint Network,public,E,0.0,2.0,0.0,J1772,2022-02-02,
206028,PLAIN TWP EV EV STATION VETS,1714 Schneider St NE,Canton,OH,44721,40.865086,-81.350136,ChargePoint Network,public,E,0.0,2.0,0.0,J1772,2022-02-09,
206256,Saint Rita's Parking Lot,741 W Market St,Lima,OH,45801,40.7398024128647,-84.1181258979088,Non-Networked,public,E,0.0,4.0,0.0,J1772,2022-02-10,PARKING_LOT
206257,Reineke Ford Lincoln,1360 Greely Chapel Rd,Lima,OH,45804,40.7217068521378,-84.0727255228645,Non-Networked,public,E,0.0,1.0,0.0,J1772,2022-02-10,CAR_DEALER
206259,Jim Schmidt Chevrolet Buick - Delphos,1725 E 5th St,Delphos,OH,45833,40.8461902514536,-84.3187143886048,Non-Networked,public,E,0.0,1.0,0.0,J1772,2022-02-10,CAR_DEALER
206260,Statewide Ford Lincoln,1108 W Main St,Van Wert,OH,45891,40.8730907735221,-84.5992585565986,Non-Networked,public,E,0.0,1.0,0.0,J1772,2022-02-10,CAR_DEALER
206273,"Twinsburg, OH - Tesla Supercharger",2495 East Aurora Road,Twinsburg,OH,44087,41.311888,-81.44956,Tesla,public,E,0.0,0.0,7.0,TESLA,2022-02-08,GAS_STATION
206414,ENGIE @ OSU STATION 1,304 Annie and John Glenn Ave,Columbus,OH,43210,40.001174,-83.01669,ChargePoint Network,public,E,0.0,2.0,0.0,J1772,2022-02-16,
206475,PRESTON-KIA KIA 1,14624 Rapids Rd,Burton,OH,44021,41.470498,-81.155496,ChargePoint Network,public,E,0.0,2.0,0.0,J1772,2022-02-17,
206516,MIDWEST NIEKAMP,6133 Olding Rd,Saint Henry,OH,45883,40.421407,-84.571309,ChargePoint Network,public,E,0.0,2.0,0.0,J1772,2022-02-17,
206755,Dayton Art Institute,456 Belmonte Park N.,Dayton,OH,45405,39.7664742,-84.202861,FLO,public,E,0.0,4.0,0.0,J1772,2022-02-19,
206968,COLONY PARK STATION EAST,124 N High St,Hillsboro,OH,45133,39.202287,-83.611587,ChargePoint Network,public,E,0.0,0.0,1.0,CHADEMO J1772COMBO,2022-02-24,
207132,Savoy Streets of West Chester,9489 Chardon Circle,West Chester,OH,45069,39.316541,-84.4224623,FLO,public,E,0.0,6.0,0.0,J1772,2022-02-25,
207170,CITY CLUB CIN STATION 1,309 Vine St,Cincinnati,OH,45202,39.098821,-84.512887,ChargePoint Network,public,E,0.0,2.0,0.0,J1772,2022-02-26,
207171,CITY CLUB CIN CIN 2,309 Vine St,Cincinnati,OH,45202,39.098865,-84.512673,ChargePoint Network,public,E,0.0,2.0,0.0,J1772,2022-02-26,
207283,Residence Inn by Marriott,1914 E 101st St,Cleveland,OH,44106,41.5063182336323,-81.6185653005406,Non-Networked,public,E,0.0,4.0,0.0,J1772,2022-02-18,PARKING_GARAGE
207557,Serpentini Chevrolet,15303 Royalton Rd,Strongsville,OH,44136,41.3123880196755,-81.8021776722271,Non-Networked,public,E,0.0,0.0,1.0,J1772COMBO,2022-02-25,CAR_DEALER
207558,Liberty Ford Canton,1423 Tuscarawas St W,Canton,OH,44702,40.8010865180868,-81.3887512331686,Non-Networked,public,E,0.0,4.0,0.0,J1772,2022-02-25,CAR_DEALER
207604,CAPITAL KIA CAPITAL KIA 1,3445 Morse Rd,Columbus,OH,43231,40.058206,-82.92755,ChargePoint Network,public,E,0.0,2.0,0.0,J1772,2022-03-04,
207618,WESTERVILLE SPORTS COM 1,325 N Cleveland Ave,Westerville,OH,43082,40.135104,-82.948027,ChargePoint Network,public,E,0.0,2.0,0.0,J1772,2022-03-04,
207619,WESTERVILLE SPORTS COM 2,325 N Cleveland Ave,Westerville,OH,43082,40.13515,-82.94802,ChargePoint Network,public,E,0.0,2.0,0.0,J1772,2022-03-04,
207620,WESTERVILLE COM CENTER 1,350 N Cleveland Ave,Westerville,OH,43082,40.134578,-82.946219,ChargePoint Network,public,E,0.0,2.0,0.0,J1772,2022-03-04,
207621,WESTERVILLE COM CENTER 2,350 N Cleveland Ave,Westerville,OH,43082,40.134647,-82.946256,ChargePoint Network,public,E,0.0,2.0,0.0,J1772,2022-03-04,
207671,COTA G.C. P&R UNIT 2,2321 Old Stringtown Rd,Grove City,OH,43123,39.878627,-83.064706,ChargePoint Network,public,E,0.0,2.0,0.0,J1772,2022-03-05,
207673,COTA G.C. P&R UNIT 1,2321 Old Stringtown Rd,Grove City,OH,43123,39.878625,-83.06472,ChargePoint Network,public,E,0.0,2.0,0.0,J1772,2022-03-05,
207886,KIDS EV PARKING EXCHANGE DECK 3,348 Locust St,Akron,OH,44307,41.078154,-81.527352,ChargePoint Network,public,E,0.0,2.0,0.0,J1772,2022-03-10,
207887,KIDS EV PARKING EXCHANGE DECK 4,348 Locust St,Akron,OH,44307,41.078114,-81.527342,ChargePoint Network,public,E,0.0,2.0,0.0,J1772,2022-03-10,
207954,BEECHMONT TWRS PUBLIC CHARGER,27621 Chagrin Blvd,Woodmere,OH,44122,41.462475,-81.48372,ChargePoint Network,public,E,0.0,2.0,0.0,J1772,2022-03-11,
211846,SOUTH WIND SWM STATION 1,919 S High St,Columbus,OH,43206,39.943294,-82.997464,ChargePoint Network,public,E,0.0,2.0,0.0,J1772,2022-03-17,
211856,SOUTH WIND SWM STATION 2,919 S High St,Columbus,OH,43206,39.943304,-82.997359,ChargePoint Network,public,E,0.0,2.0,0.0,J1772,2022-03-17,
212132,TAPPAN MARINA TAPPAN MARINA,33315 Cadiz-Dennison Rd,Scio,OH,43988,40.339872,-81.197449,ChargePoint Network,public,E,0.0,2.0,0.0,J1772,2022-03-22,
212150,Cincinnati Zoo Expansion,35 Louis Ave.,Cincinnati,OH,45220,39.1411428,-84.5076929,FLO,public,E,0.0,20.0,0.0,J1772,2022-03-22,
212659,AAA Tire and Auto Service Perrysburg,25740 N Dixie Highway,Perrysburg,OH,43551,41.525058,-83.636253,Blink Network,public,E,0.0,2.0,0.0,J1772,2022-01-24,
212660,AAA Tire and Auto Service Beavercreek,3321 Dayton-Xenia Road,Beavercreek,OH,45432,39.728205,-84.058679,Blink Network,public,E,0.0,2.0,0.0,J1772,2022-02-28,
212664,AAA Tire and Auto Service Sylvania,3201 Meijer Drive,Toledo,OH,43617,41.67573203,-83.71584408,Blink Network,public,E,0.0,2.0,0.0,J1772,2022-02-02,
212665,AAA Tire and Auto Service Troy,4 South Stanfield Road,Troy,OH,45373,40.054693,-84.241086,Blink Network,public,E,0.0,2.0,0.0,J1772,2022-02-24,
213017,SOUTH EUCLID QUARRY PARK,711 S Belvoir Blvd,South Euclid,OH,44121,41.53788,-81.53339,ChargePoint Network,public,E,0.0,2.0,0.0,J1772,2022-03-29,
213460,MCNA MCNA HOSPITAL 2,7333 Smith Mills Road,New Albany,OH,43054,40.086109,-82.789506,ChargePoint Network,public,E,0.0,2.0,0.0,J1772,2022-04-06,
213479,KETTERING REC CENTER 1,2900 Glengarry Dr,Kettering,OH,45420,39.694319,-84.114013,ChargePoint Network,public,E,0.0,2.0,0.0,J1772,2022-04-06,
213481,KETTERING REC CENTER 2,2900 Glengarry Dr,Kettering,OH,45420,39.69439,-84.113976,ChargePoint Network,public,E,0.0,2.0,0.0,J1772,2022-04-06,
213588,CHURCH+STATE CS GW 1,1436 church and stateway,Cleveland,OH,44113,41.489883,-81.710265,ChargePoint Network,public,E,0.0,2.0,0.0,J1772,2022-04-08,
213665,UU Church of Kent Hobbs Hall,217 North Mantua Street,Kent,OH,44240,41.1556299,-81.3612378,Blink Network,public,E,0.0,1.0,0.0,J1772,2020-12-03,
213776,OFFICE-LMRE 201 SPENCER,201 N Main St,Spencer,OH,44275,41.101026,-82.123382,ChargePoint Network,public,E,0.0,2.0,0.0,J1772,2022-04-09,
213824,CITY OF CHARDON WATER ST CT4K 2,106 Water St,Chardon,OH,44024,41.581587,-81.204608,ChargePoint Network,public,E,0.0,2.0,0.0,J1772,2022-04-12,
213828,KIDS EV PARKING EXCHANGE DECK 1,348 Locust St,Akron,OH,44307,41.078085,-81.527406,ChargePoint Network,public,E,0.0,2.0,0.0,J1772,2022-04-12,
213829,KIDS EV PARKING EXCHANGE DECK 2,348 Locust St,Akron,OH,44307,41.078138,-81.527299,ChargePoint Network,public,E,0.0,2.0,0.0,J1772,2022-04-12,
213879,CITY OF CHARDON CHARDON #1,106 Water St,Chardon,OH,44024,41.581635,-81.204665,ChargePoint Network,public,E,0.0,2.0,0.0,J1772,2022-04-13,
213967,CORNERSTONE STATION2,4030 Smith Rd,Cincinnati,OH,45209,39.152009,-84.444756,ChargePoint Network,public,E,0.0,2.0,0.0,J1772,2022-04-14,
213968,CORNERSTONE STATION1,4000 Smith Rd,Cincinnati,OH,45209,39.150999,-84.44573,ChargePoint Network,public,E,0.0,2.0,0.0,J1772,2022-04-14,
213969,ROOKWOOD TOWER STATION3,3805 Edwards Rd,Cincinnati,OH,45208,39.148315,-84.443932,ChargePoint Network,public,E,0.0,2.0,0.0,J1772,2022-04-14,
213980,DUBLIN FLEET DARBY LOT #2,Darby lot 2,Dublin,OH,43017,40.100169,-83.11545,ChargePoint Network,public,E,0.0,0.0,1.0,CHADEMO J1772COMBO,2022-04-14,
214209,CITY STATION 1,28 E Columbus St,Nelsonville,OH,45764,39.460007,-82.231485,ChargePoint Network,public,E,0.0,0.0,1.0,CHADEMO J1772COMBO,2022-04-16,
214210,CITY STATION 2,28 E Columbus St,Nelsonville,OH,45764,39.459997,-82.23158,ChargePoint Network,public,E,0.0,0.0,1.0,CHADEMO J1772COMBO,2022-04-16,
214308,DONWOODAUTO HYUNDAI 1,810 E State St,Athens,OH,45701,39.337561,-82.073242,ChargePoint Network,public,E,0.0,0.0,1.0,CHADEMO J1772COMBO,2022-04-20,
214309,DONWOODAUTO HYUNDAI 2,810 E State St,Athens,OH,45701,39.337545,-82.073212,ChargePoint Network,public,E,0.0,0.0,1.0,J1772COMBO TESLA,2022-04-20,
214346,WYLER HYUNDAI #1 SERVICE BLDG,238 W Mitchell Ave,Cincinnati,OH,45232,39.165671,-84.510361,ChargePoint Network,public,E,0.0,0.0,1.0,CHADEMO J1772COMBO,2022-04-21,
214349,CLOUD BRANDT STATION,4707 Brandt Pike,Huber Heights,OH,45424,39.822368,-84.12576,ChargePoint Network,public,E,0.0,2.0,0.0,J1772,2022-04-21,
214883,COCFLEETMAGMT 1654,1185 E Broad St,Columbus,OH,43205,39.965483,-82.969111,ChargePoint Network,public,E,0.0,1.0,0.0,J1772,2022-04-22,
214884,COCFLEETMAGMT 1581,1185 E Broad St,Columbus,OH,43205,39.965491,-82.969132,ChargePoint Network,public,E,0.0,1.0,0.0,J1772,2022-04-22,
214976,KEMBA CU STATION1,5600 Chappell crossing Blvd,West Chester,OH,45069,39.335648,-84.43876,ChargePoint Network,public,E,0.0,2.0,0.0,J1772,2022-04-26,
214977,KEMBA CU STATION2,5600 Chappell crossing Blvd,West chester,OH,45069,39.33533,-84.43822,ChargePoint Network,public,E,0.0,2.0,0.0,J1772,2022-04-26,
214996,NEW ALBANY HINSON AMP,170 Granville St,New Albany,OH,43054,40.083762,-82.812538,ChargePoint Network,public,E,0.0,2.0,0.0,J1772,2022-04-26,
215009,City of Cheviot Public Parking Lot,3719 Harrison Avenue,Cheviot,OH,45211,39.156231,-84.612213,Blink Network,public,E,0.0,2.0,0.0,J1772,2022-04-26,
215082,CCPLBAY STATION1,400 Bryson Ln,Bay Village,OH,44140,41.48597,-81.92297,ChargePoint Network,public,E,0.0,2.0,0.0,J1772,2022-04-28,
215083,CCPLBAY STATION 2,400 Bryson Ln,Bay Village,OH,44140,41.486014,-81.922963,ChargePoint Network,public,E,0.0,2.0,0.0,J1772,2022-04-28,
216266,Harbourt Hall Parking Lot,625 Loop Rd,Kent,OH,44243,41.1470055856274,-81.3353784686084,Non-Networked,public,E,0.0,1.0,0.0,J1772,2022-04-25,PARKING_LOT
216267,Reineke Ford,1303 Perrysburg Rd,Fostoria,OH,44830,41.1751807341358,-83.4253472416771,Non-Networked,public,E,0.0,1.0,0.0,J1772,2022-04-25,CAR_DEALER
216479,YMCA EV YMCA1,11409 State Rd,North Royalton,OH,44133,41.329519,-81.721645,ChargePoint Network,public,E,0.0,2.0,0.0,J1772,2022-05-03,
216490,CLEVELAND FLEET DOUGLASS REC,15401 Miles Ave,Cleveland,OH,44128,41.443016,-81.572952,ChargePoint Network,public,E,0.0,2.0,0.0,J1772,2022-05-03,
216495,CE CHARGEPOINT CE STATION 1,1601 Magnolia Rd SW,Dellroy,OH,44620,40.559513,-81.22046,ChargePoint Network,public,E,0.0,2.0,0.0,J1772,2022-05-03,
216497,GEORGETOWNVINE GEORGETOWN 01,62920 Georgetown Rd,Cambridge,OH,43725,40.0135,-81.593677,ChargePoint Network,public,E,0.0,2.0,0.0,J1772,2022-05-03,
217043,Westside Family Dental,18611 Detroit Ave,Lakewood,OH,44107,41.4811120369748,-81.827372577943,Non-Networked,public,E,0.0,2.0,0.0,J1772,2022-05-02,PARKING_LOT
217337,Cincinnati Museum Center,1301 Western Avenue,Cincinnati,OH,45203,39.1093833,-84.5350364,FLO,public,E,0.0,8.0,0.0,J1772,2022-05-11,
217384,MUO CHESTNUT-EAST,101 W Chestnut St,Oxford,OH,45056,39.499052,-84.744749,ChargePoint Network,public,E,0.0,2.0,0.0,J1772,2022-05-12,
217385,MUO DITMER-WEST,4945 Oxford Trenton Rd,Oxford,OH,45056,39.50697,-84.720243,ChargePoint Network,public,E,0.0,2.0,0.0,J1772,2022-05-12,
217386,MUO DITMER-EAST,4945 Oxford Trenton Rd,Oxford,OH,45056,39.506962,-84.720156,ChargePoint Network,public,E,0.0,2.0,0.0,J1772,2022-05-12,
217387,MUO MARCUM CONF CTR,951 E Withrow St.,Oxford,OH,45056,39.513681,-84.727809,ChargePoint Network,public,E,0.0,2.0,0.0,J1772,2022-05-12,
217388,MUO MILLETT-WEST,Weeb Ewbank Way,Oxford,OH,45056,39.516437,-84.736509,ChargePoint Network,public,E,0.0,2.0,0.0,J1772,2022-05-12,
217389,MUO MILLETT-EAST,Weeb Ewbank Way,Oxford,OH,45056,39.516438,-84.736431,ChargePoint Network,public,E,0.0,2.0,0.0,J1772,2022-05-12,
217390,MUO CHESTNUT-WEST,101 W Chestnut St,Oxford,OH,45056,39.499054,-84.744812,ChargePoint Network,public,E,0.0,2.0,0.0,J1772,2022-05-12,
217420,University Hospitals,9318 OH-14,Streetsboro,OH,44241,41.240739,-81.348251,Blink Network,public,E,0.0,2.0,0.0,J1772,2022-05-12,
217980,Home2 Suites by Hilton Stow,4097 Bridgewater Pkwy,Stow,OH,44224,41.1787060580446,-81.4803581245971,Non-Networked,public,E,0.0,1.0,0.0,J1772,2022-05-09,HOTEL
218143,CHARGEMEAGAIN!! STATION1,1435 Cleveland Ave NW,Canton,OH,44703,40.813557,-81.379376,ChargePoint Network,public,E,0.0,1.0,0.0,J1772,2022-05-14,
218188,Al Spitzer Ford,3737 State Rd,Cuyahoga Falls,OH,44223,41.171588,-81.508325,Non-Networked,public,E,0.0,1.0,0.0,J1772,2013-04-01,CAR_DEALER
218427,AAA Tire and Service Western Hills,6320 Glenway Ave,Cincinnati,OH,45211,39.155069,-84.626129,Blink Network,public,E,0.0,2.0,0.0,J1772,2021-10-29,
218992,"Meijer #224 (Cincinnati, OH)",3195 Geier Drive,Cincinnati,OH,45209,39.16256,-84.42672,Electrify America,public,E,0.0,0.0,6.0,J1772COMBO,2022-05-21,
219475,ONU PHARMACY,511 W Lincoln Ave,Ada,OH,45810,40.768495,-83.828428,ChargePoint Network,public,E,0.0,2.0,0.0,J1772,2022-05-24,
219476,ONU INN,401 W College Ave,Ada,OH,45810,40.764683,-83.826793,ChargePoint Network,public,E,0.0,2.0,0.0,J1772,2022-05-24,
219754,JPM CHASE STATION 5,3415 Vision Dr,Columbus,OH,43219,40.140935,-82.996183,ChargePoint Network,public,E,0.0,2.0,0.0,J1772,2022-05-25,
219772,HAMILTON OHIO 123 MAIN ST,125 Main St,Ross,OH,45013,39.4026,-84.567838,ChargePoint Network,public,E,0.0,2.0,0.0,J1772,2022-05-25,
219773,HAMILTON OHIO 218 S 3RD ST,218 S 3rd St,Hamilton,OH,45011,39.397481,-84.561062,ChargePoint Network,public,E,0.0,2.0,0.0,J1772,2022-05-25,
219774,HAMILTON OHIO 790 N. 3RD ST.,790 N 3rd St,Hamilton,OH,45011,39.407774,-84.554573,ChargePoint Network,public,E,0.0,2.0,0.0,J1772,2022-05-25,
219867,COUGHLIN KIA DC FAST 2,5342 Columbus Pike,Lewis Center,OH,43035,40.219157,-83.034361,ChargePoint Network,public,E,0.0,0.0,1.0,CHADEMO J1772COMBO,2022-05-26,
220196,"Girard, OH - Tesla Supercharger",420 South State Street,Girard,OH,44420,41.149384,-80.700672,Tesla,public,E,0.0,0.0,8.0,TESLA,2022-05-20,GAS_STATION
220430,ORCHARD DR ORCHARD LOT,22 Orchard Dr,Dayton,OH,45419,39.708475,-84.169863,ChargePoint Network,public,E,0.0,2.0,0.0,J1772,2022-06-02,
220676,Rivian Cleveland,9601 Granger Rd,Cleveland,OH,44125,41.417742667314,-81.6176167990897,Non-Networked,public,E,0.0,3.0,0.0,J1772,2022-05-27,PARKING_LOT
220714,Atwood Lake Boats -Marina West - Tesla Destination,9298  Atwood Lake Rd. NE,Mineral City,OH,44656,40.53603,-81.27442,Tesla Destination,public,E,0.0,1.0,0.0,TESLA,2022-03-25,PARKING_LOT
220783,OMLPS FINANCE OFFICE,69 S Main St,Oberlin,OH,44074,41.289787,-82.217174,ChargePoint Network,public,E,0.0,2.0,0.0,J1772,2022-06-04,
221118,The Van Aken District Parking Garage,3401 Tuttle Rd,Shaker Heights,OH,44122,41.4670608326585,-81.5368633950863,AMPUP,public,E,0.0,2.0,0.0,J1772,2022-06-06,PARKING_GARAGE
221148,EVANS CARES EVANS CARES,314 E Main St (Route 61 East),Norwalk,OH,44857,41.25366,-82.590645,ChargePoint Network,public,E,0.0,2.0,0.0,J1772,2022-06-10,
221600,COUGHLIN KIA DC FAST 1,5342 Columbus Pike,Lewis Center,OH,43035,40.219149,-83.03383,ChargePoint Network,public,E,0.0,0.0,1.0,CHADEMO J1772COMBO,2022-06-22,
221773,Audi Bedford,19400 Rockside Rd,Bedford,OH,44146,41.4087242378918,-81.5427563096889,Non-Networked,public,E,0.0,2.0,0.0,J1772,2022-06-10,CAR_DEALER
221778,The Public Library of Youngstown & Mahoning County,305 Wick Ave,Youngstown,OH,44503,41.1024767813806,-80.6456016380262,Non-Networked,public,E,0.0,2.0,0.0,J1772,2022-06-16,LIBRARY
221944,West Town St Charging,424 W Town St,Columbus,OH,43215,39.957623,-83.011446,EV Connect,public,E,0.0,4.0,2.0,CHADEMO J1772 J1772COMBO,2022-04-13,PARKING_LOT
221998,UTOLEDO MC PLANT OPS 1,2925 E Rocket Dr,Toledo,OH,43606,41.653998,-83.612504,ChargePoint Network,public,E,0.0,2.0,0.0,J1772,2022-06-25,
222018,E Long St Parking Lot,295 E Long St,Columbus,OH,43215,39.965565,-82.993209,EV Connect,public,E,0.0,4.0,2.0,CHADEMO J1772 J1772COMBO,2022-05-06,PARKING_LOT
222019,W Poplar Ave Parking,48 W Poplar Ave,Columbus,OH,43215,39.974488,-83.004333,Non-Networked,public,E,0.0,4.0,1.0,CHADEMO J1772 J1772COMBO,2022-05-06,PARKING_LOT
222123,ELMORE ELMORE CHARGER,307 Maple St,Elmore,OH,43416,41.4746,-83.29604,ChargePoint Network,public,E,0.0,2.0,0.0,J1772,2022-06-29,
222461,CMH AIRPORT EV GARAGEEV#1,4600 International Gateway,Columbus,OH,43219,39.997928,-82.887453,ChargePoint Network,public,E,0.0,2.0,0.0,J1772,2022-07-02,
222463,CMH AIRPORT EV GARAGEEV#3,4600 International Gateway,Columbus,OH,43219,39.997975,-82.887576,ChargePoint Network,public,E,0.0,2.0,0.0,J1772,2022-07-02,
222464,CMH AIRPORT EV GARAGEEV#4,4600 International Gateway,Columbus,OH,43219,39.997992,-82.887597,ChargePoint Network,public,E,0.0,2.0,0.0,J1772,2022-07-02,
222465,CMH AIRPORT EV GARAGEEV#5,4600 International Gateway,Columbus,OH,43219,39.998066,-82.887404,ChargePoint Network,public,E,0.0,2.0,0.0,J1772,2022-07-02,
222466,CMH AIRPORT EV GARAGEEV#6,4600 International Gateway,Columbus,OH,43219,39.998108,-82.887514,ChargePoint Network,public,E,0.0,2.0,0.0,J1772,2022-07-02,
222467,CMH AIRPORT EV GARAGEEV#7,4600 International Gateway,Columbus,OH,43219,39.998133,-82.88746,ChargePoint Network,public,E,0.0,2.0,0.0,J1772,2022-07-02,
222468,CMH AIRPORT EV GARAGEEV#8,4600 International Gateway,Columbus,OH,43219,39.998238,-82.887394,ChargePoint Network,public,E,0.0,2.0,0.0,J1772,2022-07-02,
222469,CMH AIRPORT EV GARAGEEV#9,4600 International Gateway,Columbus,OH,43219,39.998312,-82.887394,ChargePoint Network,public,E,0.0,2.0,0.0,J1772,2022-07-02,
222470,CMH AIRPORT EV GARAGEEV#10,4600 International Gateway,Columbus,OH,43219,39.998304,-82.887436,ChargePoint Network,public,E,0.0,2.0,0.0,J1772,2022-07-02,
222557,STARLINGSTREET N01,370 W State St,Columbus,OH,43215,39.959109,-83.010499,ChargePoint Network,public,E,0.0,2.0,0.0,J1772,2022-07-07,
222558,STARLINGSTREET N02,370 W State St,Columbus,OH,43215,39.959129,-83.010138,ChargePoint Network,public,E,0.0,2.0,0.0,J1772,2022-07-07,
223550,STARLING SOUTH S01,375 W State St,Columbus,OH,43215,39.9586,-83.010201,ChargePoint Network,public,E,0.0,2.0,0.0,J1772,2022-07-16,
223551,STARLING SOUTH S02,375 W State St,Columbus,OH,43215,39.958873,-83.010211,ChargePoint Network,public,E,0.0,2.0,0.0,J1772,2022-07-16,
223552,STARLINGSTREET N03,370 W State St,Columbus,OH,43215,39.95908,-83.010152,ChargePoint Network,public,E,0.0,2.0,0.0,J1772,2022-07-16,
223553,STARLINGSTREET N04,370 W State St,Columbus,OH,43215,39.959072,-83.010177,ChargePoint Network,public,E,0.0,2.0,0.0,J1772,2022-07-16,
223554,STARLINGSTREET N05,370 W State St,Columbus,OH,43215,39.959097,-83.010292,ChargePoint Network,public,E,0.0,2.0,0.0,J1772,2022-07-16,
223555,STARLINGSTREET N06,370 W State St,Columbus,OH,43215,39.95907,-83.010329,ChargePoint Network,public,E,0.0,2.0,0.0,J1772,2022-07-16,
223556,STARLINGSTREET N07,370 W State St,Columbus,OH,43215,39.959086,-83.010553,ChargePoint Network,public,E,0.0,2.0,0.0,J1772,2022-07-16,
223684,Washington Court House,136 S Main St,Washington Court House,OH,43160,39.535438,-83.438905,Non-Networked,public,E,0.0,4.0,0.0,J1772,2022-05-26,PARKING_LOT
223828,COMMISSIONERS COMMISSIONER EV,124 N 5th St,Coshocton,OH,43812,40.2742,-81.863621,ChargePoint Network,public,E,0.0,2.0,0.0,J1772,2022-07-21,
224133,YALCARS Auto Park,152 Continental Dr,Salem,OH,44460,40.9019623876525,-80.825184837049,Non-Networked,public,E,0.0,1.0,0.0,J1772,2022-07-18,CAR_DEALER
224417,Civic Garden Center,2715 Reading Road,Cincinnati,OH,45206,39.1300821,-84.4984722,FLO,public,E,0.0,2.0,0.0,J1772,2022-07-26,
224458,THE LINCOLN STATION 1,2410 Scranton Rd,Cleveland,OH,44113,41.479267,-81.694885,ChargePoint Network,public,E,0.0,2.0,0.0,J1772,2022-07-27,
224459,THE LINCOLN STATION 2,2410 Scranton Rd,Cleveland,OH,44113,41.479458,-81.694725,ChargePoint Network,public,E,0.0,2.0,0.0,J1772,2022-07-27,
224659,PEAR TREE_ELO 433 BROADWAY 1,433 Broadway St,East Liverpool,OH,43920,40.618117,-80.577629,ChargePoint Network,public,E,0.0,2.0,0.0,J1772,2022-07-30,
224683,GERMAIN VW GERMAIN KIA L3,1455 Auto Mall Dr,Columbus,OH,43228,39.922997,-83.124815,ChargePoint Network,public,E,0.0,0.0,1.0,J1772COMBO,2022-08-01,
224812,OMLPS PAVILLION,260 S Main St,Oberlin,OH,44074,41.284032,-82.217409,ChargePoint Network,public,E,0.0,2.0,0.0,J1772,2022-08-04,
224814,OMLPS CITY HALL,85 S Main St,Oberlin,OH,44074,41.289479,-82.216429,ChargePoint Network,public,E,0.0,2.0,0.0,J1772,2022-08-04,
224988,Donnell Ford,7955 Market St,Youngstown,OH,44512,41.0076646907267,-80.6619414095624,Non-Networked,public,E,0.0,1.0,0.0,J1772,2022-08-02,CAR_DEALER
224989,Best Western Plus Dutch Haus Inn and Suites,150 E OH-14,Columbiana,OH,44408,40.9007306042944,-80.6945147573633,Non-Networked,public,E,0.0,1.0,0.0,J1772,2022-08-02,HOTEL
224991,Civitan Park,Civitan Park,Belpre,OH,45714,39.2749045926564,-81.5919980520029,Non-Networked,public,E,0.0,2.0,0.0,J1772,2022-08-02,PARK
225005,1717 Garage,1717 East 9th Street,Cleveland,OH,44114,41.502333,-81.687356,CHARGELAB,public,E,0.0,3.0,0.0,J1772,2022-08-01,
225164,OHIO STATE UNV NEWOLDCANNON2,480 Medical Center Dr,Columbus,OH,43210,39.99221,-83.01977,ChargePoint Network,public,E,0.0,2.0,0.0,J1772,2022-08-09,
225165,OHIO STATE UNV NEWOLDCANNON3,499 Medical Center Dr,Columbus,OH,43201,39.992032,-83.020344,ChargePoint Network,public,E,0.0,2.0,0.0,J1772,2022-08-09,
225166,OHIO STATE UNV NEWOLDCANNON1,Medical Center Dr & Old Cannon Dr,Columbus,OH,43210,39.992176,-83.019745,ChargePoint Network,public,E,0.0,2.0,0.0,J1772,2022-08-09,
225221,BUTLERRURALELEC TALAWANDA,5301 University Park Blvd,Oxford,OH,45056,39.48972,-84.73094,ChargePoint Network,public,E,0.0,2.0,0.0,J1772,2022-08-10,
225581,Montgomery QTR Garage Block – Southern Building,9260 Montgomery Rd.,Montgomery,OH,45242,39.2237918,-84.3556502,FLO,public,E,0.0,8.0,0.0,J1772,2022-08-16,
225964,GPM INVESTMENTS 5712 DC1,16350 Allenby Dr,Marysville,OH,43040,40.240781,-83.341497,ChargePoint Network,public,E,0.0,0.0,1.0,J1772COMBO TESLA,2022-08-20,
225965,GPM INVESTMENTS 5712 DC2,16350 Allenby Dr,Marysville,OH,43040,40.240711,-83.341451,ChargePoint Network,public,E,0.0,0.0,1.0,CHADEMO J1772COMBO,2022-08-20,
226088,MARK PORTER 1 MARK PORTER 1,42411 Charles Chancey Dr,Pomeroy,OH,45769,39.05698,-82.002465,ChargePoint Network,public,E,0.0,0.0,1.0,CHADEMO J1772COMBO,2022-08-23,
226090,MID-OHIO ENERGY ELGIN NORTH 1,1150 Keener Rd S,Marion,OH,43302,40.569811,-83.24574,ChargePoint Network,public,E,0.0,2.0,0.0,J1772,2022-08-23,
226262,COMMISSIONERS COMMISSIONEREV2,171 N Whitewoman St,Coshocton,OH,43812,40.27629,-81.877608,ChargePoint Network,public,E,0.0,2.0,0.0,J1772,2022-08-25,
226263,COMMISSIONERS COMMISSIONERSEV,171 N Whitewoman St,Coshocton,OH,43812,40.276329,-81.877673,ChargePoint Network,public,E,0.0,2.0,0.0,J1772,2022-08-25,
226734,GARFIELD PARK GARFIELD PARK 2,7967 Mentor Ave,Mentor,OH,44060,41.66365,-81.354329,ChargePoint Network,public,E,0.0,2.0,0.0,J1772,2022-08-31,
226735,GARFIELD PARK GARFIELD PARK 1,7967 Mentor Ave,Mentor,OH,44060,41.664903,-81.35468,ChargePoint Network,public,E,0.0,2.0,0.0,J1772,2022-08-31,
226888,WILMINGTON EV EV1,184 N South St,Wilmington,OH,45177,39.4481,-83.828135,ChargePoint Network,public,E,0.0,2.0,0.0,J1772,2022-09-02,
226889,WILMINGTON EV EV2,184 N South St,Wilmington,OH,45177,39.448081,-83.82814,ChargePoint Network,public,E,0.0,2.0,0.0,J1772,2022-09-02,
226898,MIDWEST MOELLER BB,8016 Marion Dr,Maria Stein,OH,45860,40.4213,-84.49298,ChargePoint Network,public,E,0.0,2.0,0.0,J1772,2022-09-02,
227483,Tri Motor Sales,1430 Route 19 South,Oak Harbor,OH,43449,41.495007,-83.145895,Blink Network,public,E,0.0,1.0,0.0,J1772,2022-09-13,
227878,UTOLEDO MC ROCKET HALL,1610 Secor Rd,Toledo,OH,43607,41.65547,-83.62042,ChargePoint Network,public,E,0.0,2.0,0.0,J1772,2022-09-20,
227881,UTOLEDO MC LOT 2 WEST,2140 North Towerview Boulevard,Toledo,OH,43606,41.661827,-83.6092,ChargePoint Network,public,E,0.0,2.0,0.0,J1772,2022-09-20,
227882,UTOLEDO MC LOT 2 EAST,2140 North Towerview Boulevard,Toledo,OH,43606,41.661827,-83.60911,ChargePoint Network,public,E,0.0,2.0,0.0,J1772,2022-09-20,
228058,Eastgate Shopping Center,1371 Som Center Rd,Mayfield Heights,OH,44124,41.523785,-81.438271,eVgo Network,public,E,0.0,0.0,4.0,CHADEMO J1772COMBO,2022-04-04,
228255,Market at Hilliard,1852 Hilliard Rome Rd,Hilliard,OH,43026,39.9892878,-83.1502297,eVgo Network,public,E,0.0,0.0,4.0,CHADEMO J1772COMBO,2022-08-10,
228322,Church Square,7949 Euclid Ave,Cleveland,OH,44103,41.504722,-81.633409,eVgo Network,public,E,0.0,0.0,6.0,CHADEMO J1772COMBO,2022-09-21,
228629,Transformer Station Contemporary Art Space,1460 W 29th St,Cleveland,OH,44113,41.488919,-81.710955,eVgo Network,public,E,0.0,0.0,1.0,CHADEMO J1772COMBO,2018-03-07,
228698,Meijer Fairfield #159,6325 S Gilmore Rd,Fairfield,OH,45014,39.304718,-84.525727,eVgo Network,public,E,0.0,0.0,4.0,CHADEMO J1772COMBO,2021-12-02,
228898,Fairfield Community Arts Center,411 Wessel Dr,Fairfield,OH,45014,39.334096,-84.563876,AMPUP,public,E,0.0,2.0,0.0,J1772,2022-08-01,STATE_GOV
229202,BZ EVANS FARM F3-EVANS FARM,5920 Evans Farm Drive,Lewis Center,OH,43035,40.200103,-83.003086,ChargePoint Network,public,E,0.0,2.0,0.0,J1772,2022-09-24,
229469,Ken Ganley Buick GMC,2401 Cleveland Rd,Sandusky,OH,44870,41.435019,-82.663404,Blink Network,public,E,0.0,0.0,2.0,CHADEMO J1772COMBO,2022-07-05,
229895,Mikros on Larchmere,12607 Larchmere Blvd,Cleveland,OH,44120,41.488196,-81.595247,AMPUP,public,E,0.0,1.0,0.0,J1772,2022-09-15,MULTI_UNIT_DWELLING
229905,Larchmere Public Parking,13051 Larchmere Blvd,Cleveland,OH,44120,41.487798,-81.591086,AMPUP,public,E,0.0,2.0,0.0,J1772,2022-09-15,MUNI_GOV
229906,City of Loveland,205 Broadway St,Loveland,OH,45140,39.266344,-84.259657,AMPUP,public,E,0.0,2.0,0.0,J1772,2022-09-15,MUNI_GOV
229907,Brendamour Evendale Business Center,2630 Glendale Milford Rd,Cincinnati,OH,45241,39.25564,-84.429736,AMPUP,public,E,0.0,2.0,0.0,J1772,2022-09-15,OFFICE_BLDG
229908,City Hall Annex,3358 Lee Rd,Shaker Heights,OH,44120,41.468245,-81.565281,AMPUP,public,E,0.0,2.0,0.0,J1772,2022-09-15,MUNI_GOV
229909,City of Sylvania,6730 Monroe St,Sylvania,OH,43560,41.715992,-83.706255,AMPUP,public,E,0.0,2.0,0.0,J1772,2022-09-15,MUNI_GOV
229910,Grant City of Fairfield,8870 N Gilmore Rd,Fairfield,OH,45014,39.335479,-84.520467,AMPUP,public,E,0.0,2.0,0.0,J1772,2022-09-15,MUNI_GOV
229926,Austin Landing,10050 Innovation Dr,Miamisburg,OH,45342,39.59942426800426,-84.23302087829592,AMPUP,public,E,0.0,4.0,0.0,J1772,2022-09-15,PARKING_LOT
230460,Van Aken District Garage,20305 Van Aken Blvd,Shaker Heights,OH,44122,41.465775,-81.537884,AMPUP,public,E,0.0,2.0,0.0,J1772,2022-09-15,PARKING_GARAGE
230715,George A Abram Pavillion,40 Edison St,Oberlin,OH,44074,41.285047,-82.216184,AMPUP,public,E,0.0,1.0,0.0,J1772,2022-09-15,MUNI_GOV
230731,DLZ Corp.,6121 Huntley Rd.,Worthington,OH,43229,40.0898916,-82.9989541,Blink Network,public,E,0.0,3.0,0.0,J1772,2022-06-30,
230911,LARICHE CADILLAC,215 E MAIN CROSS,FINDLAY,OH,45840,41.038638,-83.647893,EV Connect,public,E,0.0,1.0,2.0,J1772 J1772COMBO,2022-09-30,
230936,Steinle GMC Cadillac,2149 W STATE ST,Fremont,OH,43420,41.357542,-83.141138,EV Connect,public,E,0.0,0.0,2.0,J1772COMBO,2022-09-30,
231644,Terry Henricks Chrysler Dodge Jeep RAM,1935 S Defiance St,Archbold,OH,43502,41.4943984506346,-84.3073438482548,Non-Networked,public,E,0.0,1.0,0.0,J1772,2022-09-27,CAR_DEALER
231645,Mark Moats Ford Inc,20793 County Rd 424,Defiance,OH,43512,41.2759666397124,-84.4229905475457,Non-Networked,public,E,0.0,1.0,0.0,J1772,2022-09-27,CAR_DEALER
231646,Brown Honda,6155 Central Ave,Toledo,OH,43615,41.6748461065511,-83.6900977973587,Non-Networked,public,E,0.0,2.0,2.0,J1772 J1772COMBO,2022-09-27,CAR_DEALER
231647,Grogan's Towne Chrysler Jeep Dodge Ram,6100 Telegraph Rd,Toledo,OH,43612,41.7275134042675,-83.5464100006822,Non-Networked,public,E,0.0,4.0,2.0,J1772 J1772COMBO,2022-09-27,CAR_DEALER
231648,Toledo Lucas County Public Library,325 N Michigan St,Toledo,OH,43604,41.6549138531959,-83.5397352348058,Non-Networked,public,E,0.0,2.0,0.0,J1772,2022-09-27,LIBRARY
231657,Hotel Versailles,22 N Center St,Versailles,OH,45380,40.2231564181225,-84.484773391836,Non-Networked,public,E,0.0,1.0,0.0,J1772,2022-09-27,HOTEL
231662,Kettering Troy Hospital,600 W Main St,Troy,OH,45373,40.0429478074737,-84.2100858475209,Non-Networked,public,E,0.0,2.0,0.0,J1772,2022-09-27,HOSPITAL
231663,Chevrolet Of Troy,1375 S Market St,Troy,OH,45373,40.0215612885028,-84.2002667702696,Non-Networked,public,E,0.0,3.0,0.0,J1772,2022-09-27,CAR_DEALER
231665,Evans Volkswagen,7124 Poe Ave Suite 2,Dayton,OH,45414,39.8504853554284,-84.1883084186247,Non-Networked,public,E,0.0,1.0,0.0,J1772,2022-09-27,CAR_DEALER
231666,Legrand,6500 Poe Ave,Dayton,OH,45414,39.8424029839428,-84.188311305089,Non-Networked,public,E,0.0,2.0,0.0,J1772,2022-09-27,PARKING_LOT
231667,Soin Medical Center - Kettering Health,3535 Pentagon Blvd,Beavercreek,OH,45431,39.770055566039,-84.0611998827194,Non-Networked,public,E,0.0,1.0,0.0,J1772,2022-09-27,HOSPITAL
231699,Sylvania Municipal Parking Lot,6626 Monroe St,Sylvania,OH,43560,41.7161778723719,-83.7044124129986,AMPUP,public,E,0.0,2.0,0.0,J1772,2022-09-27,PARKING_LOT
231707,Hotel Versailles - Tesla Destination,22  North Center Street,Versailles,OH,45380,40.22314,-84.48517,Tesla Destination,public,E,0.0,1.0,0.0,TESLA,2022-06-28,HOTEL
233238,GERMAIN 2 HYUN LEV 2,1400 Auto Mall Dr,Columbus,OH,43228,39.923887,-83.123632,ChargePoint Network,public,E,0.0,1.0,0.0,J1772,2022-10-11,
233263,UTOLEDO MC ENGINEERING 2,1510 N Westwood Ave,Toledo,OH,43606,41.65443,-83.606674,ChargePoint Network,public,E,0.0,2.0,0.0,J1772,2022-10-11,
233264,UTOLEDO MC ENGINEERING 1,1510 N Westwood Ave,Toledo,OH,43606,41.654373,-83.60667,ChargePoint Network,public,E,0.0,2.0,0.0,J1772,2022-10-11,
233377,Ohio's Hospice of Dayton,324 Wilmington Ave,Dayton,OH,45420,39.7343141637551,-84.1595507335383,Non-Networked,public,E,0.0,2.0,0.0,J1772,2022-10-12,PARKING_LOT
233378,Five Rivers Health Centers,721 Miami Chapel Rd,Dayton,OH,45417,39.7393139013466,-84.2072923803495,Non-Networked,public,E,0.0,2.0,0.0,J1772,2022-10-12,PARKING_LOT
233380,White Allen Volkswagen,6840 N Springboro Pike,Dayton,OH,45449,39.6513284248742,-84.2234802819637,Non-Networked,public,E,0.0,0.0,1.0,J1772COMBO,2022-10-12,CAR_DEALER
233381,Dayton Childrens South,3303 W Tech Rd,Miamisburg,OH,45342,39.588447124725,-84.2385091351785,Non-Networked,public,E,0.0,2.0,0.0,J1772,2022-10-12,PARKING_LOT
233446,EV PARKING 0001 EV PARKING 0001,89 First St,Hudson,OH,44236,41.24129,-81.441396,ChargePoint Network,public,E,0.0,2.0,0.0,J1772,2022-10-14,
234322,SORTA Oakley Transit Center,3301 Ibsen Ave,Cincinnati,OH,45209,39.1609302,-84.4237133,FLO,public,E,0.0,4.0,0.0,J1772,2022-10-14,
234625,NEW ALBANY NEW ALBANY MOB3,5150 E Dublin Granville Rd,Westerville,OH,43081,40.079835,-82.85297,ChargePoint Network,public,E,0.0,2.0,0.0,J1772,2022-10-19,
234626,NEW ALBANY NEW ALBANY MOB2,5150 E Dublin Granville Rd,Westerville,OH,43081,40.079835,-82.85297,ChargePoint Network,public,E,0.0,2.0,0.0,J1772,2022-10-19,
234627,NEW ALBANY NEW ALBANY MOB1,5150 E Dublin Granville Rd,Westerville,OH,43081,40.079835,-82.85297,ChargePoint Network,public,E,0.0,2.0,0.0,J1772,2022-10-19,
234711,PRESTON HYUNDAI INVENTORY,7554 Market St,Boardman,OH,44512,41.016727,-80.663109,ChargePoint Network,public,E,0.0,0.0,1.0,CHADEMO J1772COMBO,2022-10-21,
234729,PRESTON HYUNDAI PARKING,7554 Market St,Boardman,OH,44512,41.016611,-80.663247,ChargePoint Network,public,E,0.0,0.0,1.0,CHADEMO J1772COMBO,2022-10-21,
234732,EV CITY CHARGER STATION 2,38 Whittlesey Ave,Norwalk,OH,44857,41.24351,-82.616138,ChargePoint Network,public,E,0.0,2.0,0.0,J1772,2022-10-21,
234733,EV CITY CHARGER STATION1,30 W Seminary St,Norwalk,OH,44857,41.240496,-82.616919,ChargePoint Network,public,E,0.0,2.0,0.0,J1772,2022-10-21,
234919,The Lytle Park Hotel,311 Pike St,Cincinnati,OH,45202,39.1010073541554,-84.5029791965764,Non-Networked,public,E,0.0,2.0,0.0,J1772,2022-10-18,HOTEL
234920,MSD Administration Building,1081 Woodrow St,Cincinnati,OH,45204,39.1100267624653,-84.5485840892261,Non-Networked,public,E,0.0,2.0,0.0,J1772,2022-10-18,PARKING_LOT
234922,Cedarville University - Wood Hall,251 N Main St,Cedarville,OH,45314,39.7532422571802,-83.8144150818727,Non-Networked,public,E,0.0,4.0,0.0,J1772,2022-10-18,COLLEGE_CAMPUS
234924,White's Ford,1246 N Main St,Urbana,OH,43078,40.1255993276315,-83.7495862185451,Non-Networked,public,E,0.0,1.0,0.0,J1772,2022-10-18,CAR_DEALER
234967,Sherman Ave & Station Ave Parking Lot,2087 Sherman Ave,Norwood,OH,45212,39.1606803112287,-84.4572805685477,AMPUP,public,E,0.0,2.0,0.0,J1772,2022-10-18,PARKING_LOT
235001,CONSOLIDATED CONSOLIDATEDDEL,4993 State Rte 521,Delaware,OH,43015,40.327538,-82.9722,ChargePoint Network,public,E,0.0,2.0,0.0,J1772,2022-10-22,
235290,NW ORLEANS PROP STATION 2WEST,3157 Hollister Ln,Perrysburg,OH,43551,41.526907,-83.64309,ChargePoint Network,public,E,0.0,2.0,0.0,J1772,2022-10-27,
235310,CLOUD ROSE STATION2,6800 Executive Blvd,Dayton,OH,45424,39.868893,-84.112722,ChargePoint Network,public,E,0.0,2.0,0.0,J1772,2022-10-28,
235475,CLOUD ROSE STATION1,6800 Executive Blvd,Dayton,OH,45424,39.868893,-84.11266,ChargePoint Network,public,E,0.0,2.0,0.0,J1772,2022-10-31,
235484,Oberlin Elementary School,210 N Park St,Oberlin,OH,44074,41.29571,-82.21249,Non-Networked,public,E,0.0,4.0,0.0,J1772,2022-10-26,SCHOOL
235553,THE BEND VC BEND EV1,1541 Timbertop St,Lancaster,OH,43130,39.73924,-82.625602,ChargePoint Network,public,E,0.0,2.0,0.0,J1772,2022-11-02,
235804,HOCKING HILLS STATION 2,20020 OH-664,Logan,OH,43138,39.425032,-82.550704,ChargePoint Network,public,E,0.0,2.0,0.0,J1772,2022-11-08,
235805,HOCKING HILLS STATION 1,20020 OH-664,Logan,OH,43138,39.425045,-82.550596,ChargePoint Network,public,E,0.0,2.0,0.0,J1772,2022-11-08,
235828,First National Bank,1000 E Main St.,Lebanon,OH,45036,39.4306908,-84.1867456,FLO,public,E,0.0,2.0,0.0,J1772,2022-11-08,
235832,City Hall Rear Lot,131 Court Street,Elyria,OH,44035,41.3670013,-82.1081948,Blink Network,public,E,0.0,2.0,0.0,J1772,2022-09-17,
235964,THE BEND VC BEND EV2,1541 Timbertop St,Lancaster,OH,43130,39.739232,-82.625602,ChargePoint Network,public,E,0.0,2.0,0.0,J1772,2022-11-11,
236100,METROHEALTH1 P1-#8,3525 Scranton Rd,Cleveland,OH,44109,41.458055,-81.699453,ChargePoint Network,public,E,0.0,2.0,0.0,J1772,2022-11-15,
236412,COPPUS MOTORS 1 COPPUS MOTORS,2190 W Market St,Tiffin,OH,44883,41.109884,-83.211489,ChargePoint Network,public,E,0.0,0.0,1.0,J1772COMBO,2022-11-22,
236488,3CDC RACE & LIBERTY,1545 Race St,Cincinnati,OH,45202,39.112682,-84.517807,ChargePoint Network,public,E,0.0,2.0,0.0,J1772,2022-11-23,
236940,HI MAYFIELD STATION 01,780 Beta Dr,Mayfield,OH,44143,41.54014,-81.446523,ChargePoint Network,public,E,0.0,2.0,0.0,J1772,2022-12-02,
236997,SUMMIT TOYOTA STATION 1,1535 Vernon Odom Blvd,Akron,OH,44320,41.063476,-81.577133,ChargePoint Network,public,E,0.0,1.0,0.0,J1772,2022-12-03,
237055,Deacon's Chrysler Dodge Jeep RAM,835 Som Center Rd,Mayfield,OH,44143,41.5378946099099,-81.438320846849,Non-Networked,public,E,0.0,2.0,0.0,J1772,2022-11-28,CAR_DEALER
237212,Latitude - 5265 Natorp,5265 Natrop Blvd,Mason,OH,45040,39.299806,-84.320139,FLO,public,E,0.0,2.0,0.0,J1772,2022-12-06,
237216,49 Hundred Apartments,4900 Hunt Road,Blue Ash,OH,45242,39.2286342,-84.3747964,FLO,public,E,0.0,10.0,0.0,J1772,2022-12-06,
237225,Washington Township RecPlex,895 Miamisburg Centerville Rd,Washington Township,OH,45459,39.62847,-84.18514,ChargePoint Network,public,E,0.0,2.0,0.0,J1772,2022-09-28,REC_SPORTS_FACILITY
237824,2406,806 N Main St,Findlay,OH,45840,41.050663,-83.650428,EV Connect,public,E,0.0,4.0,0.0,J1772,2022-12-13,
237882,Airpark Main,145 Hunter Dr,Wilmington,OH,45177,39.43219546,-83.78538718,Blink Network,public,E,0.0,4.0,0.0,J1772,2022-11-17,
237893,ZCI General Contracting,29 W. Xenia Ave,Cedarville,OH,45314,39.7408372,-83.8075504,Blink Network,public,E,0.0,2.0,0.0,J1772,2022-10-31,
237923,NATIONWIDECHILD NCH-AG ST2,500 Butterfly Gardens Drive,Columbus,OH,43215,39.953077,-82.986485,ChargePoint Network,public,E,0.0,2.0,0.0,J1772,2022-12-14,
238256,NATIONWIDECHILD NCH-AG-ST4,500 Butterfly Gardens Drive,Columbus,OH,43215,39.952929,-82.986582,ChargePoint Network,public,E,0.0,2.0,0.0,J1772,2022-12-16,
238257,NATIONWIDECHILD NCH-AG-ST5,500 Butterfly Gardens Drive,Columbus,OH,43215,39.953127,-82.986464,ChargePoint Network,public,E,0.0,2.0,0.0,J1772,2022-12-16,
238298,NATIONWIDECHILD NCH-AG-ST3,500 Butterfly Gardens Drive,Columbus,OH,43215,39.953102,-82.986539,ChargePoint Network,public,E,0.0,2.0,0.0,J1772,2022-12-17,
238299,NATIONWIDECHILD NCH-AG-ST6,500 Butterfly Gardens Drive,Columbus,OH,43215,39.953077,-82.986496,ChargePoint Network,public,E,0.0,2.0,0.0,J1772,2022-12-17,
238447,CONT FLN 1 HQ CHARGER 1,703 Kumho Dr,Fairlawn,OH,44333,41.11804,-81.63845,ChargePoint Network,public,E,0.0,0.0,1.0,CHADEMO J1772COMBO,2022-12-20,
238737,2407,1909 Tiffin Ave,Findlay,OH,45840,41.052992,-83.611686,EV Connect,public,E,0.0,2.0,0.0,J1772,2022-12-24,
238749,3CDC YMCA LOT,270 Charles st,Cincinnati,OH,45202,39.107134,-84.518964,ChargePoint Network,public,E,0.0,2.0,0.0,J1772,2022-12-26,
240764,SUMMIT TOYOTA FRONT STATION,1535 Vernon Odom Blvd,Akron,OH,44320,41.063436,-81.577058,ChargePoint Network,public,E,0.0,2.0,0.0,J1772,2022-12-31,
240840,Legacy Village - Station 1,24665 Cedar Rd,Lyndhurst,OH,44124,41.50388,-81.50437,ChargePoint Network,public,E,0.0,2.0,0.0,J1772,2022-05-01,SHOPPING_CENTER
250401,"Wilcox Communities- Park Rd QOZB, LLC",7830 Alta Dr.,Columbus,OH,43085,40.125192,-83.003139,Blink Network,public,E,0.0,6.0,0.0,J1772,2022-06-09,
250434,MGH MGH 3 CANCER CT,250 Executive Dr,Marion,OH,43302,40.569957,-83.128313,ChargePoint Network,public,E,0.0,2.0,0.0,J1772,2023-01-09,
250435,MGH MGH 4 CANCER CT,250 Executive Dr,Marion,OH,43302,40.569957,-83.128313,ChargePoint Network,public,E,0.0,2.0,0.0,J1772,2023-01-09,
250465,Jeff Schmitt Mitsubishi,1045 N Central Ave,Fairbon,OH,45324,39.83281,-84.018566,Blink Network,public,E,0.0,1.0,0.0,J1772,2023-01-09,
250651,FOREST PARK EV STATION 1,1215 W Kemper Rd,Cincinnati,OH,45240,39.28784,-84.525154,ChargePoint Network,public,E,0.0,2.0,0.0,J1772,2023-01-12,
250652,FOREST PARK EV STATION 2,1215 W Kemper Rd,Cincinnati,OH,45240,39.287916,-84.525148,ChargePoint Network,public,E,0.0,2.0,0.0,J1772,2023-01-12,
250920,Local Roots Market & Caf‚àö¬© - Tesla Destination,140 S Walnut St,Wooster,OH,44691,40.797261,-81.94114,Tesla Destination,public,E,0.0,2.0,0.0,TESLA,2022-03-30,
250965,Hotel Parking Garage at Bridge Park - Tesla Destination,6725 Longshore Street,Dublin,OH,43017,40.1007,-83.10853,Tesla Destination,public,E,0.0,3.0,0.0,TESLA,2022-03-25,
251037,Aloft Cincinnati West Chester - Tesla Destination,9183  Centre Pointe Dr,West Chester,OH,45069,39.32655,-84.42641,Tesla Destination,public,E,0.0,2.0,0.0,TESLA,2021-06-22,
251149,"Beavercreek, OH - Tesla Supercharger",3822 Colonel Glenn Highway,Beavercreek,OH,45324,39.776138,-84.074429,Tesla,public,E,0.0,0.0,12.0,TESLA,2023-01-18,GROCERY
251261,City of London,186 N Main St,London,OH,43140,39.892201451,-83.45286072,AMPUP,public,E,0.0,6.0,0.0,J1772,2022-11-30,MUNI_GOV
251262,City of Sharonville,11325 Chester Rd,Cincinnati,OH,45246,39.280333793,-84.443457544,AMPUP,public,E,0.0,4.0,0.0,J1772,2021-11-24,MUNI_GOV
251273,Village of Evendale,10500 Reading Rd,Cincinnati,OH,45241,39.25686,-84.4185,AMPUP,public,E,0.0,2.0,0.0,J1772,2022-11-04,OTHER_ENTERTAINMENT
251332,Fountain Place EV,505 Vine St,Cincinnati,OH,45202,39.101435,-84.5138624,AMPUP,public,E,0.0,4.0,0.0,J1772,2023-01-04,OFFICE_BLDG
251847,MATHEWS EAST MATHEWS EAST 2,1793 Marion-Mt Gilead Rd,Marion,OH,43302,40.58038,-83.08164,ChargePoint Network,public,E,0.0,0.0,1.0,CHADEMO J1772COMBO,2023-01-25,
251897,GESMV GESMV CHARGER 2,735 E Main St,Trotwood,OH,45426,39.797878,-84.298498,ChargePoint Network,public,E,0.0,1.0,0.0,J1772,2023-01-25,
251898,GESMV GESMV CHARGER 3,735 E Main St,Trotwood,OH,45426,39.797899,-84.298512,ChargePoint Network,public,E,0.0,1.0,0.0,J1772,2023-01-25,
251899,GESMV GESMV CHARGER 1,735 E Main St,Trotwood,OH,45426,39.797833,-84.29853,ChargePoint Network,public,E,0.0,1.0,0.0,J1772,2023-01-25,
251957,MATHEWS EAST MATHEWS EAST 1,1769 Marion-Mt Gilead Rd,Marion,OH,43302,40.580757,-83.0819,ChargePoint Network,public,E,0.0,0.0,1.0,CHADEMO J1772COMBO,2023-01-25,
251958,GCCG 3,401 Jefferson Ave,Toledo,OH,43604,41.6494,-83.536603,ChargePoint Network,public,E,0.0,2.0,0.0,J1772,2023-01-25,
251959,GCCG 2,401 Jefferson Ave,Toledo,OH,43604,41.649338,-83.536646,ChargePoint Network,public,E,0.0,2.0,0.0,J1772,2023-01-25,
251960,GCCG 1,401 Jefferson Ave,Toledo,OH,43604,41.649336,-83.536593,ChargePoint Network,public,E,0.0,2.0,0.0,J1772,2023-01-25,
251978,GCCG 4,401 Jefferson Ave,Toledo,OH,43604,41.649314,-83.536617,ChargePoint Network,public,E,0.0,2.0,0.0,J1772,2023-01-25,
252149,VOSS STATION VOSS 2,676 Miamisburg Centerville Rd,Dayton,OH,45459,39.626815,-84.177277,ChargePoint Network,public,E,0.0,0.0,1.0,CHADEMO J1772COMBO,2023-01-26,
252150,VOSS STATION VOSS 1,766 Miamisburg Centerville Rd,Centerville,OH,45459,39.626779,-84.177397,ChargePoint Network,public,E,0.0,0.0,1.0,CHADEMO J1772COMBO,2023-01-26,
252151,BNC RIGHT,5995 Horseshoe Bend Rd,Troy,OH,45373,40.016548,-84.317377,ChargePoint Network,public,E,0.0,2.0,0.0,J1772,2023-01-26,
252176,BNC LEFT,5995 Horseshoe Bend Rd,Troy,OH,45373,40.016769,-84.317555,ChargePoint Network,public,E,0.0,2.0,0.0,J1772,2023-01-26,
252680,4th & Race,411 Race St,Cincinnati,OH,45202,39.100112,-84.514501,EV Connect,public,E,0.0,6.0,0.0,J1772,2023-01-31,
252803,IKEA USA WEST CHESTER 1,9500 West Chester Rd,West Chester,OH,45069,39.316033,-84.434478,ChargePoint Network,public,E,0.0,2.0,0.0,J1772,2023-02-01,
252816,IKEA USA COLUMBUS 1,1900 Ikea Wy,Columbus,OH,43240,40.14968,-82.966812,ChargePoint Network,public,E,0.0,1.0,0.0,J1772,2023-02-01,
252838,IKEA USA COLUMBUS 2,1900 Ikea Wy,Columbus,OH,43240,40.149678,-82.966796,ChargePoint Network,public,E,0.0,1.0,0.0,J1772,2023-02-01,
252982,9774,255 W. SOUTH ST.,Fostoria,OH,44830,41.155351,-83.418387,EV Connect,public,E,0.0,2.0,0.0,J1772,2023-02-02,
252983,9773,2801 Woodville Rd,Northwood,OH,43619,41.615274,-83.483889,EV Connect,public,E,0.0,2.0,0.0,J1772,2023-02-02,
253283,Holiday Inn Express & Suites Madison - Tesla Destination,181 Water Tower Dr,Madison,OH,44057,41.759843,-81.048986,Tesla Destination,public,E,0.0,2.0,0.0,TESLA,2023-02-01,HOTEL
253284,"Holiday Inn Cleveland-Mayfield, an IHG Hotel - Tesla Destination",780 Beta Dr,Mayfield,OH,44143,41.540684,-81.446911,Tesla Destination,public,E,0.0,2.0,0.0,J1772 TESLA,2023-02-01,HOTEL
253431,DENISON UNIV EISNER CENTER,100 N Mulberry St,Granville,OH,43023,40.068857,-82.522097,ChargePoint Network,public,E,0.0,2.0,0.0,J1772,2023-02-07,
253856,GATEWAYZ NORTH BAY,47190 Cooper Foster Park Rd,Amherst,OH,44001,41.413004,-82.232934,ChargePoint Network,public,E,0.0,1.0,0.0,J1772,2023-02-10,
254052,HAMILTON OHIO 218 S 3RD ST_2,218 S 3rd St,Hamilton,OH,45011,39.39745,-84.560891,ChargePoint Network,public,E,0.0,2.0,0.0,J1772,2023-02-15,
254123,CLASSIC HYUNDAI WEST SIDE,8460 Tyler Boulevard,Mentor,OH,44060,41.682364,-81.33769,ChargePoint Network,public,E,0.0,0.0,1.0,CHADEMO J1772COMBO,2023-02-16,
254206,KENT STATE R9 IAB,332 S Lincoln St,Kent,OH,44242,41.150817,-81.3523,ChargePoint Network,public,E,0.0,2.0,0.0,J1772,2023-02-17,
254465,1212 Huron Rd,1212 Huron Rd,Cleveland,OH,44115,41.499867,-81.683532,EV Connect,public,E,0.0,6.0,0.0,J1772,2023-02-24,
254501,BAYWOOD HOTELS STATION 2,9101 Lyra Dr,Columbus,OH,43240,40.151569,-82.975092,ChargePoint Network,public,E,0.0,2.0,0.0,J1772,2023-02-24,
254502,BAYWOOD HOTELS STATION 1,9101 Lyra Dr,Columbus,OH,43240,40.151642,-82.974802,ChargePoint Network,public,E,0.0,2.0,0.0,J1772,2023-02-24,
255189,Woodside,291 Pearlash Rd,Marysville,OH,43040,40.232995,-83.353963,Blink Network,public,E,0.0,2.0,0.0,J1772,2022-08-17,
255203,Amvets Post 464,5420 Brandt Pike,Huber Heights,OH,45424,39.8316732,-84.1196143,Blink Network,public,E,0.0,6.0,0.0,J1772,2022-11-15,
255225,Singer Vaughn Services,2715 Culver Avenue,Kettering,OH,45429,39.7072143,-84.1338254,Blink Network,public,E,0.0,6.0,0.0,J1772,2022-10-21,
255268,Maggies Place,6515 N. Dixie Dr,Dayton,OH,45414,39.8286443,-84.198684,Blink Network,public,E,0.0,2.0,0.0,J1772,2022-11-11,
255275,American Legion Post 668,8220 N. Dixie Dr,Dayton,OH,45414,39.8498395,-84.1984047,Blink Network,public,E,0.0,2.0,0.0,J1772,2022-12-12,
255310,AURORA LIBRARY EAST CHARGERS,115 E Pioneer Trail,Aurora,OH,44202,41.3133,-81.344086,ChargePoint Network,public,E,0.0,2.0,0.0,J1772,2023-02-28,
255311,AURORA LIBRARY WEST CHARGERS,115 E Pioneer Trail,Aurora,OH,44202,41.313313,-81.34418,ChargePoint Network,public,E,0.0,2.0,0.0,J1772,2023-02-28,
255387,WESTSIDEMZ SERVICE,13930 Brookpark Rd,Cleveland,OH,44142,41.419384,-81.79034,ChargePoint Network,public,E,0.0,1.0,0.0,J1772,2023-03-01,
255570,Hartco,1280 Glendale Milford Road,Cincinnati,OH,45215,39.2571297,-84.4536263,Blink Network,public,E,0.0,2.0,0.0,J1772,2022-12-11,
255626,MCCTC MCCTC01,Mahoning County Career & Tec Center,Canfield,OH,44406,41.032213,-80.788367,ChargePoint Network,public,E,0.0,2.0,0.0,J1772,2023-03-07,
255627,MCCTC MCCTC02,Mahoning County Career & Tec Center,Canfield,OH,44406,41.032241,-80.788424,ChargePoint Network,public,E,0.0,2.0,0.0,J1772,2023-03-07,
256091,Village of Rio Grande - Municipal Building,174 E College St,Rio Grande,OH,45674,38.8833663379642,-82.3779262063029,Non-Networked,public,E,0.0,1.0,0.0,J1772,2023-03-09,MUNI_GOV
256230,KENT STATE R8 ATB,1411 E Summit St,Kent,OH,44243,41.143673,-81.340117,ChargePoint Network,public,E,0.0,2.0,0.0,J1772,2023-03-11,
256231,KENT STATE R4 PERF ARTS,1325 Theatre Dr,Kent,OH,44243,41.152935,-81.340077,ChargePoint Network,public,E,0.0,2.0,0.0,J1772,2023-03-11,
256232,KENT STATE R7 BOWMAN HALL,850 Lester A Lefton Esplanade,Kent,OH,44240,41.148344,-81.346731,ChargePoint Network,public,E,0.0,2.0,0.0,J1772,2023-03-11,
256289,BETHANY 1 & 2 EV CHARGER 2,6430 Inner Mission Way,Dayton,OH,45459,39.651867,-84.15869,ChargePoint Network,public,E,0.0,2.0,0.0,J1772,2023-03-14,
256290,BETHANY 1 & 2 BETHANY 1,6430 Inner Mission Way,Dayton,OH,45459,39.65182,-84.158714,ChargePoint Network,public,E,0.0,2.0,0.0,J1772,2023-03-14,
256381,CORPORATE HILL STATION 1,100 W Old Wilson Bridge Rd,Worthington,OH,43085,40.110939,-83.019688,ChargePoint Network,public,E,0.0,2.0,0.0,J1772,2023-03-16,
256430,Voss Village Cadillac,650 MIAMISBURG CENTERVILLE RD,DAYTON,OH,45458,39.627056,-84.17546,EV Connect,public,E,0.0,0.0,2.0,J1772COMBO,2023-03-16,
256619,EVPassport - Home2 Suites,400 Colemans Crossing Blvd,Marysville,OH,43040,40.2340149810767,-83.3468333217973,Non-Networked,public,E,0.0,4.0,0.0,J1772,2023-03-16,HOTEL
256620,Stratford Ecological Center,3085 Liberty Rd,Delaware,OH,43015,40.2567788863199,-83.0738675942256,Non-Networked,public,E,0.0,1.0,0.0,J1772,2023-03-16,OTHER
257003,"Cleveland, OH - Euclid Avenue - Tesla Supercharger",8037 Euclid Ave,Cleveland,OH,44103,41.504217,-81.632468,Tesla,public,E,0.0,0.0,12.0,TESLA,2023-03-20,SHOPPING_CENTER
257318,The Residences at Phillips Farm,6440 Phillips Farm Road,Westerville,OH,43081,40.112359,-82.852228,Blink Network,public,E,0.0,2.0,0.0,J1772,2023-03-29,
257676,"West Chester Township, OH - Tesla Supercharger",7390 Tylersville Rd,West Chester Township,OH,45069,39.356372,-84.377555,Tesla,public,E,0.0,0.0,12.0,TESLA,2023-03-29,GROCERY
257692,Five Rivers MetroParks,409 E Monument Ave,Dayton,OH,45402,39.7656546789587,-84.1858464355647,SWTCH,public,E,0.0,2.0,0.0,J1772,2023-03-30,PARKING_LOT
257693,South Point Medical,6601 Centerville Business Pkwy,Dayton,OH,45459,39.6508839266729,-84.1363208280808,SWTCH,public,E,0.0,2.0,0.0,J1772,2022-08-24,HOSPITAL
257694,Coldwater Memorial Park,706 N Elm St,Coldwater,OH,45828,40.4864111683328,-84.6340595633694,SWTCH,public,E,0.0,4.0,0.0,J1772,2023-03-30,PARK
257695,Village of Coldwater,610 W Sycamore St,Coldwater,OH,45828,40.4766698494178,-84.6339121984584,SWTCH,public,E,0.0,4.0,0.0,J1772,2023-03-30,PARKING_LOT
257781,RICART CHARGER HYUNDAI SHOW,4255 S Hamilton Rd,Columbus,OH,43125,39.890774,-82.88708,ChargePoint Network,public,E,0.0,0.0,1.0,CHADEMO J1772COMBO,2023-04-01,
257782,RICART CHARGER HYUNDAI PARK,4255 S Hamilton Rd,Columbus,OH,43125,39.89093,-82.887221,ChargePoint Network,public,E,0.0,0.0,1.0,CHADEMO J1772COMBO,2023-04-01,
257937,NATIONWIDECHILD NCH-AG ST1,500 Butterfly Gardens Drive,Columbus,OH,43215,39.952798,-82.986303,ChargePoint Network,public,E,0.0,2.0,0.0,J1772,2023-04-06,
258265,"Fairfield, OH - Tesla Supercharger",6325 South Gilmore Rd,Fairfield,OH,45014,39.30433,-84.525742,Tesla,public,E,0.0,0.0,12.0,TESLA,2023-03-30,SHOPPING_CENTER
258907,Swtch Energy,495 Metro Pl,Dublin,OH,43017,40.09296737,-83.13017002,SWTCH,public,E,0.0,2.0,0.0,J1772,2023-04-06,
258969,Fredericktown Splash Pad,69 N. MAIN ST.,FREDERICKTOWN,OH,43019,40.482344,-82.54383,FLO,public,E,0.0,2.0,0.0,J1772,2023-04-11,
259239,GRLA HYUNDAI BACK FENCE,2874 Morse Rd,Columbus,OH,43231,40.059917,-82.942086,ChargePoint Network,public,E,0.0,0.0,1.0,CHADEMO J1772COMBO,2023-04-13,
259240,GRLA HYUNDAI FRONT DRIVE 1,2850 Morse Rd,Columbus,OH,43231,40.059406,-82.942558,ChargePoint Network,public,E,0.0,0.0,1.0,CHADEMO J1772COMBO,2023-04-13,
259318,CAPITAL KIA CPE250 1,9630 OH-14,Streetsboro,OH,44241,41.248611,-81.359163,ChargePoint Network,public,E,0.0,0.0,1.0,CHADEMO J1772COMBO,2023-04-14,
259885,DONWOODAUTO DW CHEVY 1,12916 OH-664,Logan,OH,43138,39.539284,-82.439698,ChargePoint Network,public,E,0.0,0.0,1.0,CHADEMO J1772COMBO,2023-04-26,
259979,Wooster Dental,1706 Beall Ave,Wooster,OH,44691,40.8197700569678,-81.9348670465501,Non-Networked,public,E,0.0,2.0,0.0,J1772,2023-04-27,PARKING_LOT
259998,Sugar Crossing Convenience Store,2049 Hornsmill Rd SE,Lancaster,OH,43130,39.6640696,-82.5602711,FCN,public,E,0.0,0.0,4.0,CHADEMO J1772COMBO,2023-04-27,
260004,Warehouse 4 Coffee,335 South Dixie Drive,Vandalia,OH,45377,39.8874597,-84.1994091,Blink Network,public,E,0.0,2.0,0.0,J1772,2022-12-11,
260178,CRESTMONT DRIVECRESTMONT2,2961 Center Rd,Brunswick,OH,44212,41.239116,-81.792605,ChargePoint Network,public,E,0.0,0.0,1.0,CHADEMO J1772COMBO,2023-05-02,
260190,CORP STATIONS CORP 2,401 Milford Pkwy,Milford,OH,45150,39.167774,-84.278245,ChargePoint Network,public,E,0.0,2.0,0.0,J1772,2023-05-02,
260191,CORP STATIONS CORP 1- MILFORD,401 Milford Pkwy,Milford,OH,45150,39.167682,-84.278245,ChargePoint Network,public,E,0.0,2.0,0.0,J1772,2023-05-02,
260202,Fredericktown Municipal Building,2 East Sandusky Street,Fredericktown,OH,43019,40.2853,-82.3235,FLO,public,E,0.0,1.0,0.0,J1772,2023-05-02,
260251,Miami Valley Hospital South - Parking Lot D1,2400 Miami Valley Dr,Centerville,OH,45459,39.65161917908331,-84.11659451324464,Non-Networked,public,E,0.0,4.0,0.0,J1772,2023-03-01,HOSPITAL
260292,Bush Auto Place,1850 Rombach Avenue,Wilmington,OH,45177,39.449431,-83.796328,EV Connect,public,E,0.0,0.0,1.0,J1772COMBO,2023-05-04,
260375,GROVE CITY WEST GC MOB 1,3503 Southwest Blvd,Grove City,OH,43123,39.892077,-83.096899,ChargePoint Network,public,E,0.0,2.0,0.0,J1772,2023-05-06,
260376,GROVE CITY WEST GC MOB 2,3503 Southwest Blvd,Grove City,OH,43123,39.892085,-83.096883,ChargePoint Network,public,E,0.0,2.0,0.0,J1772,2023-05-06,
260400,ACURA OF DAYTON AD EXPRESS 250,Loop @ Far Hills,Centerville,OH,45459,39.649009,-84.155256,ChargePoint Network,public,E,0.0,0.0,1.0,CHADEMO J1772COMBO,2023-05-06,
260675,Jay's Chevrolet GMC,720 N SHOOP AVE,WAUSEON,OH,43567,41.556113,-84.133702,EV Connect,public,E,0.0,0.0,1.0,J1772COMBO,2023-05-11,
260712,MURPHY PARK CITY HALL,47 Hall St,Powell,OH,43065,40.156842,-83.076784,ChargePoint Network,public,E,0.0,2.0,0.0,J1772,2023-05-12,
260722,SUPERIOR HONDA CPE250-SUP HOND,4777 Spring Grove Ave,Cincinnati,OH,45232,39.166895,-84.5146,ChargePoint Network,public,E,0.0,0.0,1.0,CHADEMO J1772COMBO,2023-05-12,
260793,DENISON UNIV MITCHELL CENTER,250 Livingston Dr,Granville,OH,43023,40.073909,-82.51959,ChargePoint Network,public,E,0.0,2.0,0.0,J1772,2023-05-13,
260816,Lambert Buick GMC Cuyahoga Falls,2409 FRONT ST,CUYAHOGA FALLS,OH,44221,41.140328,-81.479418,EV Connect,public,E,0.0,0.0,2.0,J1772COMBO,2023-05-13,
260843,The Hiatus,3800 Park East Drive,Beachwood,OH,44122,41.4577868,-81.4950391,Blink Network,public,E,0.0,4.0,0.0,J1772,2022-12-29,
260873,Hollywood Parking Lot (KeyMark/8K),1538 Cedar Ave,Cincinnati,OH,45224,39.1989804,-84.5459348,FLO,public,E,0.0,7.0,0.0,J1772,2023-05-16,
260912,DONWOODAUTO DW CHEVY 2,12916 OH-664,Logan,OH,43138,39.539298,-82.439625,ChargePoint Network,public,E,0.0,0.0,1.0,J1772COMBO TESLA,2023-05-17,
260918,HUNTINGTON CENT 4,43 W Capital Street,Columbus,OH,43222,39.9591,-83.021548,ChargePoint Network,public,E,0.0,2.0,0.0,J1772,2023-05-17,
260919,HUNTINGTON CENT 5,20 N Davis Ave,Columbus,OH,43222,39.9591,-83.021526,ChargePoint Network,public,E,0.0,2.0,0.0,J1772,2023-05-17,
261239,Stone Falls,3168 Clubhouse Drive,Beavercreek,OH,45431,39.761398,-84.0464782,Blink Network,public,E,0.0,4.0,0.0,J1772,2022-12-11,
261388,Wagner Subaru,5470 Intrastate Drive,Fairborn,OH,45324,39.84584,-83.989626,Blink Network,public,E,0.0,2.0,0.0,J1772,2022-11-29,
261431,Friendship Kitchen 83,4024 Hayes Ave.,Sandusky,OH,44870,41.409706,-82.725837,EV Connect,public,E,0.0,0.0,4.0,CHADEMO J1772COMBO,2023-05-26,
261444,Tim Lally Chevrolet,24999 Miles Rd,Bedford Heights,OH,44128,41.426507,-81.502607,Non-Networked,public,E,0.0,1.0,1.0,J1772 J1772COMBO,2023-05-25,CAR_DEALER
261445,Serra Chevrolet,3281 S Arlington Rd,Akron,OH,44312,40.98166,-81.492293,Non-Networked,public,E,0.0,1.0,1.0,J1772 J1772COMBO,2023-05-25,CAR_DEALER
261449,Kenyon College Parking Garage,103 College Dr,Gambier,OH,43022,40.3744130294237,-82.3986646071246,Non-Networked,public,E,0.0,6.0,0.0,J1772,2023-05-25,PARKING_GARAGE
261457,"Columbus, OH - Hilliard Rome Road - Tesla Supercharger",1661 Hilliard Rome Road,Columbus,OH,43228,39.982978,-83.152989,Tesla,public,E,0.0,0.0,12.0,TESLA,2023-05-12,GROCERY
261471,"West Unity, OH - Indian Meadow Service Plaza - Tesla Supercharger",21738 Co Rd M-50,West Unity,OH,43570,41.605137,-84.406609,Tesla,public,E,0.0,0.0,8.0,TESLA,2023-05-24,REST_STOP
261472,"West Unity, OH - Tiffin River Service Plaza - Tesla Supercharger",21747 Co Rd M,West Unity,OH,43570,41.603772,-84.40879,Tesla,public,E,0.0,0.0,8.0,TESLA,2023-05-24,REST_STOP
261482,Hampton Inn - Canton,5256 Broadmoor Cir NW,Canton,OH,44709,40.8556271,-81.4156698,FCN,public,E,0.0,0.0,4.0,CHADEMO J1772COMBO,2023-05-25,
261576,Lima Auto Mall,2200 N Cable Rd,Lima,OH,45807,40.768037,-84.146317,EV Connect,public,E,0.0,1.0,2.0,J1772 J1772COMBO,2023-05-27,
261578,Friendship Kitchen 70,3800 E. State Rd.,Port Clinton,OH,43452,41.507951,-82.858993,EV Connect,public,E,0.0,0.0,4.0,CHADEMO J1772COMBO,2023-05-27,
261679,Avon Lake Family Health Center,450 Avon Beldon Rd,Avon Lake,OH,44012,41.4935,-82.019347,Blink Network,public,E,0.0,6.0,0.0,J1772,2023-05-31,
261685,CITY OF CF CUYAHOGA FALLS,2355 2ND ST,Cuyahoga Falls,OH,44221,41.139163,-81.481421,ChargePoint Network,public,E,0.0,2.0,0.0,J1772,2023-06-01,
261742,Glockner of Ironton,911 S. 3rd St,Ironton,OH,45638,38.528979,-82.679818,EV Connect,public,E,0.0,0.0,1.0,J1772COMBO,2023-06-01,
261811,NC Soccer Club,5661 stow road,Hudson,OH,44236,41.2120156,-81.4060512,FLO,public,E,0.0,2.0,0.0,J1772,2023-06-02,
262128,City of London - Cowling Park,175 N Main St,London,OH,43140,39.890369,-83.4535802,AMPUP,public,E,0.0,2.0,0.0,J1772,2023-01-11,PARK
262224,Village of Garrettsville,8123 High St,Garrettsville,OH,44231,41.28558637,-81.09726792,AMPUP,public,E,0.0,2.0,0.0,J1772,2023-04-05,MUNI_GOV
262237,Vistula Parking Garage,610 N Superior St,Toledo,OH,43604,41.65435,-83.5316,AMPUP,public,E,0.0,2.0,0.0,J1772,2022-07-25,PARKING_GARAGE
262238,Port Lawrence Parking Garage,227 N Saint Clair St,Toledo,OH,43604,41.65087,-83.53542,AMPUP,public,E,0.0,2.0,0.0,J1772,2023-07-25,PARKING_GARAGE
262239,Superior Parking Garage,334 N Superior St,Toledo,OH,43604,41.65087,-83.53542,AMPUP,public,E,0.0,2.0,0.0,J1772,2022-07-25,PARKING_GARAGE
262285,TOB SALES CUSTOMER,8250 Market St,Boardman,OH,44512,40.999122,-80.663594,ChargePoint Network,public,E,0.0,2.0,0.0,J1772,2023-06-07,
262301,METROHEALTH1 P2-#2,1700 Southpoint Dr,Cleveland,OH,44109,41.460628,-81.696498,ChargePoint Network,public,E,0.0,2.0,0.0,J1772,2023-06-07,
262469,HONDA-COLERAIN HCEXPRESS 250 1,8950 Colerain Ave,Cincinnati,OH,45251,39.234309,-84.590577,ChargePoint Network,public,E,0.0,0.0,1.0,CHADEMO J1772COMBO,2023-06-09,
262479,"Energy Optimizers, USA",632 E 1st Street,Dayton,OH,45402,39.763948,-84.180963,CHARGELAB,public,E,0.0,2.0,0.0,J1772,2023-06-08,
262491,General Denver Hotel,81 W Main St,Wilmington,OH,45177,39.4456138259423,-83.8299417141817,SWTCH,public,E,0.0,4.0,0.0,J1772,2023-06-08,HOTEL
262493,JOANN Fabric and Crafts Corporate,5555 Darrow Rd,Hudson,OH,44236,41.2155128910682,-81.4379522089722,Non-Networked,public,E,0.0,2.0,0.0,J1772,2023-06-08,PARKING_LOT
262763,Headquarters,2750 US 40 Building 1,Tipp City,OH,45371,39.8947942,-84.1515794,Blink Network,public,E,0.0,2.0,0.0,J1772,2022-03-27,
263025,SOUTH EUCLID BEXLEY PARK,1630 Wrenford Rd,South Euclid,OH,44121,41.515779,-81.528641,ChargePoint Network,public,E,0.0,2.0,0.0,J1772,2023-06-21,
273707,HTM HTM STATION 3,6964 OH-235,Russells Point,OH,43348,40.44671,-83.901821,ChargePoint Network,public,E,0.0,2.0,0.0,J1772,2023-06-22,
273708,HTM HTM STATION 2,6964 OH-235,Russells Point,OH,43348,40.446706,-83.901798,ChargePoint Network,public,E,0.0,2.0,0.0,J1772,2023-06-22,
279602,Bowling Green State University - Parking Lot A,819 E Wooster St,Bowling Green,OH,43403,41.37479,-83.64049,Non-Networked,public,E,0.0,4.0,0.0,J1772,2021-08-01,COLLEGE_CAMPUS
294259,WYLER HYUNDAI #2 SHOWROOM,238 W Mitchell Ave,Cincinnati,OH,45232,39.16525,-84.510937,ChargePoint Network,public,E,0.0,0.0,1.0,CHADEMO J1772COMBO,2023-06-23,
296667,ACPL CHARGER #1,30 Home Street,Athens,OH,45701,39.334889,-82.083401,ChargePoint Network,public,E,0.0,2.0,0.0,J1772,2023-06-23,
296762,DoubleTree by Hilton,600 Metro Pl N,Dublin,OH,43017,40.0965434954452,-83.1328375973933,Non-Networked,public,E,0.0,3.0,0.0,J1772 TESLA,2023-06-15,HOTEL
296792,Mabley Place,410 Race St.,Cincinnati,OH,45202,39.100174796527035,-84.51392501527154,FLASH,public,E,0.0,20.0,0.0,J1772,2023-06-24,PUBLIC
298647,Key Chrysler - Tobey Auto Group,2020 N Detroit St,Xenia,OH,45385,39.71173266906,-83.9365899069458,Non-Networked,public,E,0.0,7.0,2.0,J1772 J1772COMBO,2023-05-02,CAR_DEALER
298704,GERMAIN 4 HYUN LEV 3,1400 Auto Mall Dr,Columbus,OH,43228,39.923442,-83.123523,ChargePoint Network,public,E,0.0,0.0,1.0,CHADEMO J1772COMBO,2023-06-29,
298705,GERMAIN 3 HYUN LEV 3,1400 Auto Mall Dr,Columbus,OH,43228,39.923434,-83.123575,ChargePoint Network,public,E,0.0,0.0,1.0,CHADEMO J1772COMBO,2023-06-29,
298892,HORIZONS INC STATION 1,18531 S Miles Rd,Cleveland,OH,44128,41.433241,-81.550224,ChargePoint Network,public,E,0.0,2.0,0.0,J1772,2023-06-29,
299243,CLASSIC LEXUS CUSTOMER,2551 Som Center Rd,Willoughby Hills,OH,44094,41.598666,-81.43936,ChargePoint Network,public,E,0.0,2.0,0.0,J1772,2023-06-29,
300165,DCH STATION 2,1 Childrens Plaza,Dayton,OH,45404,39.775169,-84.166396,ChargePoint Network,public,E,0.0,2.0,0.0,J1772,2023-06-29,
300168,DCH STATION 3,1 Childrens Plaza,Dayton,OH,45404,39.775062,-84.166579,ChargePoint Network,public,E,0.0,2.0,0.0,J1772,2023-06-29,
300169,DCH STATION 1,1 Childrens Plaza,Dayton,OH,45404,39.775144,-84.166343,ChargePoint Network,public,E,0.0,2.0,0.0,J1772,2023-06-29,
300170,DCH STATION 4,1 Childrens Plaza,Dayton,OH,45404,39.775029,-84.166482,ChargePoint Network,public,E,0.0,2.0,0.0,J1772,2023-06-29,
300508,DONWOODAUTO DW TOYOTA 1,898 E State St,Athens,OH,45701,39.337305,-82.07097,ChargePoint Network,public,E,0.0,0.0,1.0,J1772COMBO TESLA,2023-06-29,
301680,GRLA HYUNDAI CHARGER 1,2441 Billingsley Rd,Columbus,OH,43235,40.110344,-83.080334,ChargePoint Network,public,E,0.0,0.0,1.0,CHADEMO J1772COMBO,2023-06-30,
301720,"Broadview Heights, OH - Towpath Service Plaza - Tesla Supercharger",10037 Broadview Rd,Broadview Heights,OH,44147,41.292252,-81.676217,Tesla,public,E,0.0,0.0,8.0,TESLA,2023-06-24,REST_STOP
301721,"Broadview Heights, OH - Great Lakes Service Plaza - Tesla Supercharger",2000 E Edgerton Rd,Broadview Heights,OH,44147,41.291792,-81.670856,Tesla,public,E,0.0,0.0,8.0,TESLA,2023-06-27,REST_STOP
301739,Berrodin Bed & Breakfast's,814 Bloomfield Ave,Akron,OH,44302,41.09387636,-81.54551845,Non-Networked,public,E,0.0,1.0,0.0,J1772,2023-06-29,B_AND_B
301794,GRLA HYUNDAI CHARGER 2,2441 Billingsley Rd,Columbus,OH,43235,40.110717,-83.080479,ChargePoint Network,public,E,0.0,0.0,1.0,CHADEMO J1772COMBO,2023-07-01,
302296,GERMAIN VW SUBARU STATION2,1395 Auto Mall Parkway,Columbus,OH,43228,39.92409,-83.12588,ChargePoint Network,public,E,0.0,1.0,0.0,J1772,2023-07-11,
302375,UCI LOT 22 UCI LOT 22,11366 Mayfield Rd,Cleveland,OH,44106,41.508277,-81.604911,ChargePoint Network,public,E,0.0,2.0,0.0,J1772,2023-07-13,
302668,Akron Children’s Hospital,6505 Market St,Youngstown,OH,44512,41.0332013948884,-80.6596910994979,Non-Networked,public,E,0.0,4.0,0.0,J1772,2023-07-13,HOSPITAL
302710,MONTGOMERY CNTY TRT-1,875 E Main St,Trotwood,OH,45426,39.79766,-84.294699,ChargePoint Network,public,E,0.0,2.0,0.0,J1772,2023-07-18,
302711,MONTGOMERY CNTY TRT-2,875 E Main St,Trotwood,OH,45426,39.798166,-84.294802,ChargePoint Network,public,E,0.0,2.0,0.0,J1772,2023-07-18,
302758,Stykemain Buick GMC LTD.,25124 Elliot Rd,Defiance,OH,43512,41.310836,-84.339661,EV Connect,public,E,0.0,0.0,1.0,J1772COMBO,2023-07-18,
302837,Glockner Chevrolet,4368 US-23,Portsmouth,OH,45662,38.791687,-82.984679,EV Connect,public,E,0.0,0.0,1.0,J1772COMBO,2023-07-19,
302978,Mechanics Bank,2 S Main St,Mansfield,OH,44902,40.7578770695223,-82.5160303922433,AMPUP,public,E,0.0,1.0,0.0,J1772,2023-07-20,BANK
302984,Orthopedic Associates,1002 Rainbow Ct,Fairborn,OH,45324,39.7816008782945,-84.0032371811874,Non-Networked,public,E,0.0,2.0,0.0,J1772,2023-07-20,PARKING_LOT
303241,Swtch Energy,160 Wilson Bridge Rd,Columbus,OH,43085,40.109846,-83.030632,SWTCH,public,E,0.0,1.0,0.0,J1772,2023-05-26,PARKING_LOT
303463,TELHIO W5TH TELHIO W 5TH,1666 W 5th Ave,Columbus,OH,43212,39.989331,-83.051078,ChargePoint Network,public,E,0.0,2.0,0.0,J1772,2023-07-26,
303675,AAA MID STATES AAA MID STATES,1550 Tiffin Ave,Findlay,OH,45840,41.051812,-83.621665,ChargePoint Network,public,E,0.0,2.0,0.0,J1772,2023-07-28,
303728,"Columbus, OH - East Campus View Boulevard - Tesla Supercharger",179 E Campus View Blvd,Columbus,OH,43235,40.117459,-83.010765,Tesla,public,E,0.0,0.0,16.0,TESLA,2023-07-20,SHOPPING_CENTER
303772,HOLOWICKI STATION 1,1305 W 5th St,Marysville,OH,43040,40.240991,-83.391411,ChargePoint Network,public,E,0.0,2.0,0.0,J1772,2023-07-29,
303773,HOLOWICKI STATION 2,1305 W 5th St,Marysville,OH,43040,40.241004,-83.391441,ChargePoint Network,public,E,0.0,2.0,0.0,J1772,2023-07-29,
303836,CMH AIRPORT EV WALKING LOT,4318 International Gateway,Columbus,OH,43219,39.999184,-82.88824,ChargePoint Network,public,E,0.0,2.0,0.0,J1772,2023-08-01,
306345,VICTORY AG CUSTOMER CHARGE,13775 Brookpark Rd,Brook Park,OH,44142,41.417485,-81.786938,ChargePoint Network,public,E,0.0,2.0,0.0,J1772,2023-08-04,
306819,Terminal Tower,549 W. Superior,Cleveland,OH,44113,41.498182,-81.696172,EV Connect,public,E,0.0,4.0,0.0,J1772,2023-08-11,
306844,"New Springfield, OH - Mahoning Valley Service Plaza - Tesla Supercharger",3500 E South Range Rd,New Springfield,OH,44443,40.940118,-80.585203,Tesla,public,E,0.0,0.0,8.0,TESLA,2023-08-02,REST_STOP
306845,"New Springfield, OH - Glacier Hills Service Plaza - Tesla Supercharger",12500 Beard Rd,New Springfield,OH,44443,40.939059,-80.587911,Tesla,public,E,0.0,0.0,8.0,TESLA,2023-08-02,REST_STOP
307020,SCC. VISITORS,450 W 4th St,Dayton,OH,45402,39.756721,-84.197879,ChargePoint Network,public,E,0.0,2.0,0.0,J1772,2023-08-15,
307021,SCC. LOT K EAST,275 S Perry St,Dayton,OH,45402,39.755229,-84.197909,ChargePoint Network,public,E,0.0,2.0,0.0,J1772,2023-08-15,
307022,SCC. LOT K WEST,275 S Perry St,Dayton,OH,45402,39.755377,-84.19677,ChargePoint Network,public,E,0.0,2.0,0.0,J1772,2023-08-15,
307023,SCC. LOT E,240 W 4th St,Dayton,OH,45402,39.756913,-84.195982,ChargePoint Network,public,E,0.0,2.0,0.0,J1772,2023-08-15,
307464,Cole Valley Cadillac,4111 Elm Rd NE,Warren,OH,44483,41.2760252,-80.7773996,FLO,public,E,0.0,0.0,1.0,CHADEMO J1772COMBO,2023-08-18,
307490,GRAVITY STATION 2,60 Mc Dowell St,Columbus,OH,43215,39.959608,-83.012595,ChargePoint Network,public,E,0.0,2.0,0.0,J1772,2023-08-19,
307491,GRAVITY STATION 1,60 Mc Dowell St,Columbus,OH,43215,39.959584,-83.012563,ChargePoint Network,public,E,0.0,2.0,0.0,J1772,2023-08-19,
307506,GENESIS OF MENT SERVICE RIGHT,8494 Tyler Blvd,Mentor,OH,44060,41.683654,-81.335248,ChargePoint Network,public,E,0.0,1.0,0.0,J1772,2023-08-19,
307516,GRAVITY STATION 4,60 Mc Dowell St,Columbus,OH,43215,39.959633,-83.012595,ChargePoint Network,public,E,0.0,2.0,0.0,J1772,2023-08-19,
307517,GRAVITY STATION 3,60 Mc Dowell St,Columbus,OH,43215,39.9596,-83.012573,ChargePoint Network,public,E,0.0,2.0,0.0,J1772,2023-08-19,
307659,SCC. SCC LOT J,201 W 5th St,Dayton,OH,45402,39.756379,-84.194945,ChargePoint Network,public,E,0.0,2.0,0.0,J1772,2023-08-23,
307709,HAMILTON OHIO 235 S MONUMENT,101 S Monument Ave,Hamilton,OH,45011,39.399092,-84.565886,ChargePoint Network,public,E,0.0,2.0,0.0,J1772,2023-08-23,
307827,"Upper Sandusky, OH - Tesla Supercharger",1745 E Wyandot Ave,Upper Sandusky,OH,43351,40.834545,-83.237167,Tesla,public,E,0.0,0.0,12.0,TESLA,2023-08-22,RESTAURANT
308079,3100 EASTON STATION 1,3100 Easton Square Pl,Columbus,OH,43219,40.037357,-82.911091,ChargePoint Network,public,E,0.0,2.0,0.0,J1772,2023-08-30,
308080,3100 EASTON STATION 2,3100 Easton Square Pl,Columbus,OH,43219,40.037355,-82.911021,ChargePoint Network,public,E,0.0,2.0,0.0,J1772,2023-08-30,
308416,"New Philadelphia, OH - Tesla Supercharger",1281 W High Ave,New Philadelphia,OH,44663,40.493928,-81.473442,Tesla,public,E,0.0,0.0,12.0,TESLA,2023-08-25,GAS_STATION
308453,SRS EV CHELSEA - 1,4100 Quentin Boulevard,Columbus,OH,43230,40.063312,-82.856186,ChargePoint Network,public,E,0.0,2.0,0.0,J1772,2023-09-02,
308521,RR CITY HALL CITY HALL,2129 Wagar Rd,Rocky River,OH,44116,41.467711,-81.85284,ChargePoint Network,public,E,0.0,2.0,0.0,J1772,2023-09-05,
308594,UD ST. JOSEPH HALL,300 College Park,Dayton,OH,45469,39.739017,-84.178063,ChargePoint Network,public,E,0.0,2.0,0.0,J1772,2023-09-06,
308595,UD FITZ HALL,1529 Brown Street D Lot,Dayton,OH,45409,39.739047,-84.182598,ChargePoint Network,public,E,0.0,2.0,0.0,J1772,2023-09-06,
308596,UD R1 LOT,1700 South Patterson Boulevard R1 Lot,Dayton,OH,45409,39.729591,-84.194011,ChargePoint Network,public,E,0.0,2.0,0.0,J1772,2023-09-06,
308597,NCEC-ATTICA NCE-2,350 Stump Pike Rd,Attica,OH,44807,41.065586,-82.900845,ChargePoint Network,public,E,0.0,2.0,0.0,J1772,2023-09-06,
308601,COUGHLIN EV REAR,2306 Hebron Rd,Heath,OH,43056,39.992284,-82.474666,ChargePoint Network,public,E,0.0,0.0,1.0,CHADEMO J1772COMBO,2023-09-06,
308602,COUGHLIN EV FRONT,2300 Hebron Rd,Heath,OH,43056,39.992525,-82.474868,ChargePoint Network,public,E,0.0,0.0,1.0,CHADEMO J1772COMBO,2023-09-06,
308793,OHIO STATE UNV JOPC1,2061 Kenny Rd,Columbus,OH,43221,40.001157,-83.03519,ChargePoint Network,public,E,0.0,2.0,0.0,J1772,2023-09-09,
308805,SOUTH EUCLID COMMUNITY CENT,1370 Victory Drive,South Euclid,OH,44121,41.522628,-81.521783,ChargePoint Network,public,E,0.0,2.0,0.0,J1772,2023-09-09,
308974,Serra Honda,951 Interstate Parkway,Akron,OH,44312,40.97961073558032,-81.48967958445725,Blink Network,public,E,0.0,0.0,2.0,J1772COMBO,2023-08-01,
309083,Mentor Hospital,8300 Norton Parkway,Mentor,OH,44060,41.65032196044922,-81.3468017578125,Blink Network,public,E,0.0,6.0,0.0,J1772,2023-06-30,
309236,Kettering Health Pavilion,3700 Southern Boulevard,Kettering,OH,45429,39.696651,-84.189968,Blink Network,public,E,0.0,4.0,0.0,J1772,2023-07-07,
309241,Kettering Health Troy,600 West Main Street,Troy,OH,45373,40.04315,-84.21049,Blink Network,public,E,0.0,4.0,0.0,J1772,2023-07-28,
309545,Kettering Health Piqua,1 Kettering Way,Piqua,OH,45356,40.15034,-84.21781,Blink Network,public,E,0.0,2.0,0.0,J1772,2023-07-28,
309675,Grandview Crossing,810 Grandview Avenue,Columbus,OH,43215,39.973331272672944,-83.04548155767192,Blink Network,public,E,0.0,8.0,0.0,J1772,2023-08-04,
309856,Yark Chrysler Jeep Dodge Ram,6019 Central Avenue,Toledo,OH,43615,41.67543485519552,-83.68610447442569,Blink Network,public,E,0.0,4.0,0.0,J1772,2023-08-14,
310055,Kettering Health Main Campus,3535 Southern Boulevard,Kettering,OH,45429,39.698531,-84.192476,Blink Network,public,E,0.0,6.0,0.0,J1772,2023-07-07,
310576,SNYDER BUICKGMC SNYDER BUICKGMC,1421 Scott St,Napoleon,OH,43545,41.400555,-84.133521,ChargePoint Network,public,E,0.0,0.0,1.0,CHADEMO J1772COMBO,2023-09-14,
310718,ELYRIA HYUNDAI SHOWROOM,845 Leona St,Elyria,OH,44035,41.403512,-82.123881,ChargePoint Network,public,E,0.0,0.0,1.0,CHADEMO J1772COMBO,2023-09-15,
310732,BEDROCK TOWER CITY P1-4,1527 W 6th St,Cleveland,OH,44113,41.496657,-81.695842,ChargePoint Network,public,E,0.0,2.0,0.0,J1772,2023-09-15,
310733,BEDROCK TOWER CITY P1-3,1527 W 6th St,Cleveland,OH,44113,41.49668,-81.695081,ChargePoint Network,public,E,0.0,2.0,0.0,J1772,2023-09-15,
310734,BEDROCK TOWER CITY P1-5,1527 W 6th St,Cleveland,OH,44113,41.496877,-81.694311,ChargePoint Network,public,E,0.0,2.0,0.0,J1772,2023-09-15,
310735,BEDROCK TOWER CITY P1-6,1527 W 6th St,Cleveland,OH,44113,41.496981,-81.694322,ChargePoint Network,public,E,0.0,2.0,0.0,J1772,2023-09-15,
310736,BEDROCK TOWER CITY P1-2,1527 W 6th St,Cleveland,OH,44113,41.496377,-81.693019,ChargePoint Network,public,E,0.0,2.0,0.0,J1772,2023-09-15,
310737,BEDROCK TOWER CITY P3-2,1527 W 6th St,Cleveland,OH,44113,41.497269,-81.694761,ChargePoint Network,public,E,0.0,2.0,0.0,J1772,2023-09-15,
310738,BEDROCK TOWER CITY P3-1,1527 W 6th St,Cleveland,OH,44113,41.496622,-81.695648,ChargePoint Network,public,E,0.0,2.0,0.0,J1772,2023-09-15,
310739,BEDROCK TOWER CITY P1-1,1527 W 6th St,Cleveland,OH,44113,41.496251,-81.693378,ChargePoint Network,public,E,0.0,2.0,0.0,J1772,2023-09-15,
311138,Pilot Travel Center 4,39115 Colorado Ave,Avon,OH,44011,41.465574,-82.06075,eVgo Network,public,E,0.0,0.0,4.0,J1772COMBO,2023-09-20,
311258,Flying J 700,26415 Warns Road,Lake Township,OH,43551,41.535549,-83.46066,eVgo Network,public,E,0.0,0.0,4.0,J1772COMBO,2023-09-21,
311262,Kettering Health Wilmington,1500 Rombach Avenue,Wilmington,OH,45177,39.4488907,-83.8029247,Blink Network,public,E,0.0,4.0,0.0,J1772,2023-09-21,
311361,55 Public Square,55 Public Square,Cleveland,OH,44113,41.500209,-81.696431,EV Connect,public,E,0.0,6.0,0.0,J1772,2023-09-22,
311539,Harbour Club Apartments,100 Sailboat Run,Dayton,OH,45458,39.6050908,-84.1573631,Blink Network,public,E,0.0,10.0,0.0,J1772,2022-11-08,
311540,Arbors of Yankee Vineyards,1500 Finger Lakes,Dayton,OH,45458,39.621722,-84.197502,Blink Network,public,E,0.0,2.0,0.0,J1772,2022-11-11,
311989,"Rossford, OH - Tesla Supercharger",10055 Olde US-20,Rossford,OH,43460,41.546113,-83.590157,Tesla,public,E,0.0,0.0,12.0,TESLA,2023-09-22,GROCERY
312291,Broadview Heights Recreation Center,9543 Broadview Rd,Broadview Heights,OH,44147,41.306762,-81.680234,EV Connect,public,E,0.0,0.0,1.0,J1772COMBO,2023-10-04,
312359,Joyce Buick GMC,38039 CHESTER ROAD,AVON,OH,44011,41.46575,-82.04414,EV Connect,public,E,0.0,0.0,2.0,J1772COMBO,2023-10-05,
312569,CDJR CHARGE CPE250CUST2,1290 Hebron Rd,Heath,OH,43056,40.016137,-82.451851,ChargePoint Network,public,E,0.0,0.0,1.0,CHADEMO J1772COMBO,2023-10-07,
312570,CDJR CHARGE CPE250CUST3,1290 Hebron Rd,Heath,OH,43056,40.016056,-82.45205,ChargePoint Network,public,E,0.0,0.0,1.0,CHADEMO J1772COMBO,2023-10-07,
312571,CDJR CHARGE EXTERIORNEWDELV,1290 Hebron Road,Heath,OH,43056,40.016914,-82.451235,ChargePoint Network,public,E,0.0,1.0,0.0,J1772,2023-10-07,
312708,KIDS EV PARKING BUCHTEL #3,201 West Buchtel Avenue,Akron,OH,44302,41.080397,-81.526557,ChargePoint Network,public,E,0.0,2.0,0.0,J1772,2023-10-11,
312709,KIDS EV PARKING BUCHTEL #1,201 West Buchtel Avenue,Akron,OH,44302,41.080322,-81.52686,ChargePoint Network,public,E,0.0,2.0,0.0,J1772,2023-10-11,
312710,KIDS EV PARKING BUCHTEL #4,201 West Buchtel Avenue,Akron,OH,44302,41.080419,-81.52642,ChargePoint Network,public,E,0.0,2.0,0.0,J1772,2023-10-11,
312711,KIDS EV PARKING BUCHTEL #2,201 West Buchtel Avenue,Akron,OH,44302,41.080377,-81.526608,ChargePoint Network,public,E,0.0,2.0,0.0,J1772,2023-10-11,
312773,KIDS EV PARKING EXCHANGE #7,178 W Exchange St,Akron,OH,44302,41.078557,-81.528154,ChargePoint Network,public,E,0.0,2.0,0.0,J1772,2023-10-11,
312774,KIDS EV PARKING EXCHANGE #5,178 W Exchange St,Akron,OH,44302,41.078546,-81.528259,ChargePoint Network,public,E,0.0,2.0,0.0,J1772,2023-10-11,
312775,KIDS EV PARKING EXCHANGE #6,178 W Exchange St,Akron,OH,44302,41.078527,-81.528315,ChargePoint Network,public,E,0.0,2.0,0.0,J1772,2023-10-11,
312960,"KERRY FORD, INC BUICK GMC L3",150 Northland Blvd,Cincinnati,OH,45246,39.284888,-84.475509,ChargePoint Network,public,E,0.0,0.0,1.0,CHADEMO J1772COMBO,2023-10-12,
314067,UD ADELE CENTER,301 Lowes Street AS Lot,Dayton,OH,45469,39.735018,-84.178062,ChargePoint Network,public,E,0.0,2.0,0.0,J1772,2023-10-18,
314068,UD SYROYER PARK,141 Firwood Drive,Dayton,OH,45419,39.732649,-84.163289,ChargePoint Network,public,E,0.0,2.0,0.0,J1772,2023-10-18,
314546,Ganley Buick GMC,14000 PEARL RD,STRONGSVILLE,OH,44136,41.312617,-81.836012,EV Connect,public,E,0.0,1.0,2.0,J1772 J1772COMBO,2023-10-20,
315870,Central Riverfront South Garage,99 Second Street East,Cincinnati,OH,45202,39.0978884,-84.5091372,FLO,public,E,0.0,4.0,0.0,J1772,2023-10-26,
315871,Montgomery QTR Garage Block – Northern Building,9260 Montgomery Rd.,Montgomery,OH,45242,39.2251615,-84.3546329,FLO,public,E,0.0,8.0,0.0,J1772,2023-10-26,
316050,Mill Pond Apartments,4335 Old Pepper Bend,Bellbrook,OH,45305,39.63657070297505,-84.10487088650785,Blink Network,public,E,0.0,8.0,0.0,J1772,2023-10-26,
316277,"Meijer 223 (Cincinnati, OH)",6520 Harrison Ave,Cincinnati,OH,45247,39.1942,-84.6586,Electrify America,public,E,0.0,0.0,6.0,J1772COMBO,2023-10-28,
316313,"Applied Electric, LLC - Honda Marysville",640 Colemans Crossing Boulevard,Marysville,OH,43040,40.2337438902438,-83.34237184211088,Blink Network,public,E,0.0,2.0,1.0,J1772 J1772COMBO,2023-10-16,
316457,Byers Chevrolet,5887 N Meadows Drive,Grove City,OH,43123,39.843838,-83.086193,EV Connect,public,E,0.0,0.0,2.0,J1772COMBO,2023-11-01,
316509,VCSTATION VC STATION 1,1541 East Turkeyfoot Lake Road,Akron,OH,44312,40.97453,-81.469737,ChargePoint Network,public,E,0.0,2.0,0.0,J1772,2023-11-02,
316510,VCSTATION VC STATION 2,1541 East Turkeyfoot Lake Road,Akron,OH,44312,40.974589,-81.469678,ChargePoint Network,public,E,0.0,2.0,0.0,J1772,2023-11-02,
316511,VCMEADOWS VC MEADOWS 1,1745 Sledge Drive,Hilliard,OH,43026,39.986493,-83.176592,ChargePoint Network,public,E,0.0,2.0,0.0,J1772,2023-11-02,
316512,VCMEADOWS VC MEADOWS 2,1745 Sledge Drive,Hilliard,OH,43026,39.981991,-83.171274,ChargePoint Network,public,E,0.0,2.0,0.0,J1772,2023-11-02,
316572,Akron General Health and Wellness,4300 Allen Road,Stow,OH,44224,41.185044,-81.474066,Blink Network,public,E,0.0,6.0,0.0,J1772,2023-11-02,
316812,MID-OHIO ENERGY RIDGEDALE,3103 Hillman-Ford Rd,Morral,OH,43337,40.647319,-83.173778,ChargePoint Network,public,E,0.0,2.0,0.0,J1772,2023-11-07,
316911,White Allen Chevrolet Dayton OH,442 N Main St,Dayton,OH,45405,39.7674698734,-84.19362687933,RED_E,public,E,0.0,0.0,2.0,J1772COMBO,2023-11-02,PUBLIC
318052,Premier GMC,2000 EASTERN RD,RITTMAN,OH,44270,40.987893,-81.762338,EV Connect,public,E,0.0,0.0,1.0,J1772COMBO,2023-11-10,
319426,Sawyer Point Building,720 E Pete Rose Way,Cincinnati,OH,45202,39.1,-84.5,AMPUP,public,E,0.0,2.0,0.0,J1772,2023-05-17,
319562,Hollywood Gaming at Mahoning Valley Race Course,655 N Canfield Niles Rd,Youngstown,OH,44515,41.11634036875022,-80.76264942985534,Non-Networked,public,E,0.0,6.0,0.0,J1772 TESLA,2023-10-27,OTHER_ENTERTAINMENT
319735,Boardman Mitsubishi,883 Boardman-Canfield Road,Boardman,OH,44512,41.02399359262474,-80.68787447608527,Blink Network,public,E,0.0,1.0,0.0,J1772,2023-05-05,
319820,CADILLAC FAIRFI CPE250R- CUST,5815 Dixie Hwy,Fairfield,OH,45014,39.329403,-84.517875,ChargePoint Network,public,E,0.0,0.0,1.0,CHADEMO J1772COMBO,2023-11-15,
319821,CADILLAC FAIRFI CPE250L- CUST,5815 Dixie Hwy,Fairfield,OH,45014,39.329381,-84.517875,ChargePoint Network,public,E,0.0,0.0,1.0,CHADEMO J1772COMBO,2023-11-15,
319968,Kettering Health Prestige,1 Prestige Place,Miamisburg,OH,45342,39.63566230541653,-84.22948035767192,Blink Network,public,E,0.0,2.0,0.0,J1772,2023-11-16,
320139,"Shaker Heights, OH - Tesla Supercharger",20040-20200 Van Aken Blvd,Shaker Heights,OH,44122,41.465863,-81.538545,Tesla,public,E,0.0,0.0,12.0,TESLA,2023-11-10,
320148,"Columbus, OH – West 3rd Avenue - Tesla Supercharger",820 W 3rd Ave,Columbus,OH,43212,39.98463,-83.026361,Tesla,public,E,0.0,0.0,8.0,TESLA,2023-11-16,GAS_STATION
320224,CPL-WOODLAND CPL WOODLAND 1,5811 Woodland Ave,Cleveland,OH,44104,41.487389,-81.648568,ChargePoint Network,public,E,0.0,2.0,0.0,J1772,2023-11-18,
320752,112 E. AUGLAIZE 112 E AUGLAIZE,112 East Auglaize Street,Wapakoneta,OH,45895,40.570628,-84.192193,ChargePoint Network,public,E,0.0,2.0,0.0,J1772,2023-11-28,
321150,"Toledo, OH - Central Avenue - Tesla Supercharger",7240 Central Ave,Toledo,OH,43617,41.675714,-83.716319,Tesla,public,E,0.0,0.0,12.0,TESLA,2023-11-21,GROCERY
321183,Yark Ford,5555 Central Avenue,Toledo,OH,43615,41.675622,-83.675028,Blink Network,public,E,0.0,3.0,4.0,J1772 J1772COMBO,2023-10-26,
322167,LAZ COLUMBUS OH MARCONI BLVD,245 Marconi Blvd,Columbus,OH,43215,39.967285,-83.006446,ChargePoint Network,public,E,0.0,2.0,0.0,J1772,2023-12-07,
322200,EASTON GATEWAY CPE-2,4194 Easton Gateway Drive,Columbus,OH,43219,40.056201,-82.907255,ChargePoint Network,public,E,0.0,0.0,1.0,J1772COMBO,2023-12-07,
322368,Pilot Travel Center 454,1365 Sr 42 Ne,London,OH,43140,39.9595461,-83.3692316,eVgo Network,public,E,0.0,0.0,4.0,J1772COMBO,2023-12-08,
322498,Freshwater Farms of Ohio,2624 US-68,Urbana,OH,43078,40.14844,-83.74873,Non-Networked,public,E,0.0,1.0,0.0,J1772,2023-01-06,GROCERY
322648,S MAIN FOSTORIA FOSTORIA,110 S Main St,Fostoria,OH,44830,41.157097,-83.41369,ChargePoint Network,public,E,0.0,0.0,1.0,CHADEMO J1772COMBO,2023-12-14,
322779,MEDINA CITY HAL CITY HALL #01,132 N Elmwood Ave,Medina,OH,44256,41.140137,-81.865607,ChargePoint Network,public,E,0.0,2.0,0.0,J1772,2023-12-15,
322780,MEDINA CITY HAL CITY HALL #02,139 W Liberty St,Medina,OH,44256,41.139975,-81.865629,ChargePoint Network,public,E,0.0,2.0,0.0,J1772,2023-12-15,
322881,BOE EV CHARGERS BOE EV WEST,125 S Miami Ave,Sidney,OH,45365,40.284922,-84.154,ChargePoint Network,public,E,0.0,2.0,0.0,J1772,2023-12-16,
322882,BOE EV CHARGERS BOE EV EAST,125 S Miami Ave,Sidney,OH,45365,40.284929,-84.153808,ChargePoint Network,public,E,0.0,2.0,0.0,J1772,2023-12-16,
322891,TPS CHARGING NSTA,5561 Elmer Dr,Toledo,OH,43615,41.668526,-83.674523,ChargePoint Network,public,E,0.0,2.0,0.0,J1772,2023-12-16,
323180,BellStores (Columbus Ave),220 S Columbus Rd,Wooster,OH,44691,40.79587,-81.94727,Non-Networked,public,E,1.0,2.0,0.0,J1772 NEMA515,2023-12-21,CONVENIENCE_STORE
323266,"Loveland, OH - Tesla Supercharger",3911 US-22,Loveland,OH,45140,39.293665,-84.292915,Tesla,public,E,0.0,0.0,16.0,TESLA,2023-12-15,GROCERY
323285,City of Mason Public Parking Lot,213 West Main Street,Mason,OH,45040,39.3600136440999,-84.31145408465837,Blink Network,public,E,0.0,2.0,0.0,J1772,2023-12-21,
323357,BEAVERCREEK  CPF50 - 2,2170 Heller Dr,Dayton,OH,45434,39.707284,-84.016441,ChargePoint Network,public,E,0.0,1.0,0.0,J1772,2023-12-22,
323533,GAS DEPOT STATION,11 Akron St,New London,OH,44851,41.086289,-82.401224,ChargePoint Network,public,E,0.0,2.0,0.0,J1772,2023-12-28,
323885,Donnellon McCarthy Enterprises Inc,10855 Medallion Drive,Cincinnati,OH,45241,39.2654404704542,-84.42454864232919,Blink Network,public,E,0.0,2.0,0.0,J1772,2024-01-04,
323952,BEAVERCREEK  CPE250 1,2170 Heller Dr,Dayton,OH,45434,39.707286,-84.016524,ChargePoint Network,public,E,0.0,0.0,1.0,CHADEMO J1772COMBO,2024-01-05,
324015,"Ashland, OH - Enterprise Parkway - Tesla Supercharger",1392 Enterprise Parkway,Ashland,OH,44805,40.859347,-82.268068,Tesla,public,E,0.0,0.0,12.0,TESLA,2023-12-27,HOTEL
324962,WILLOUGHBY STATION1,"1 East Spaulding St, Willoughby, OH 44094",Willoughby,OH,44094,41.639281,-81.405803,ChargePoint Network,public,E,0.0,2.0,0.0,J1772,2024-01-10,
324963,WILLOUGHBY STATION2,"1 East Spaulding St, Willoughby, OH 44094",Willoughby,OH,44094,41.639282,-81.405741,ChargePoint Network,public,E,0.0,2.0,0.0,J1772,2024-01-10,
325260,The View at Dayton Towers,425 Dayton Towers Drive,Dayton,OH,45410,39.75679983144484,-84.1787108288354,Blink Network,public,E,0.0,6.0,0.0,J1772,2024-01-11,
326606,Airpark - Curbside Charging,306 E Monument Ave,Dayton,OH,45402,39.764618,-84.18724,FLO,public,E,0.0,2.0,0.0,J1772,2024-01-25,
326756,Levitt Pavilion - Curbside Charging,16 East 4th St,Dayton,OH,45402,39.7581432,-84.1908926,FLO,public,E,0.0,2.0,0.0,J1772,2024-01-26,
326757,Cooper Park - Curbside Charging,210 East 2nd St,Dayton,OH,45402,39.7616427,-84.1876951,FLO,public,E,0.0,2.0,0.0,J1772,2024-01-26,
327425,"Willowick, OH - Tesla Supercharger",30320 Lakeshore Blvd,Willowick,OH,44095,41.636954,-81.475554,Tesla,public,E,0.0,0.0,12.0,TESLA,2024-01-25,SHOPPING_CENTER
327432,"Seville, OH - Tesla Supercharger",8700 Wooster Pike,Seville,OH,44273,41.035545,-81.8649,Tesla,public,E,0.0,0.0,12.0,TESLA,2024-01-30,GAS_STATION
327502,Graham Chevrolet Cadillac,1515 WEST 4TH STREET,MANSFIELD,OH,44906,40.767961,-82.565584,EV Connect,public,E,0.0,1.0,2.0,J1772 J1772COMBO,2024-02-03,
327908,SNYDER CHEV CPE250,524 North Perry Street,Napoleon,OH,43545,41.389924,-84.122752,ChargePoint Network,public,E,0.0,0.0,1.0,CHADEMO J1772COMBO,2024-02-08,
328172,Coughlin Chevrolet Buick GMC Of Chillicothe,1221 N BRDGE ST,CHILLICOTHE,OH,45601,39.360611,-82.974601,EV Connect,public,E,0.0,0.0,1.0,J1772COMBO,2024-02-10,
328483,HAMPTONROOKWOOD HAMPTON INN,2654 Madison Road,Cincinnati,OH,45208,39.144952,-84.44522,ChargePoint Network,public,E,0.0,1.0,0.0,J1772,2024-02-15,
328484,HAMPTONROOKWOOD HAMPTON INN 2,409 Wasson Way,Cincinnati,OH,45208,39.144951,-84.445288,ChargePoint Network,public,E,0.0,2.0,0.0,J1772,2024-02-15,
328864,BEAVERCREEK  CPE250 - 2,2170 Heller Dr,Dayton,OH,45434,39.707226,-84.016441,ChargePoint Network,public,E,0.0,0.0,1.0,CHADEMO J1772COMBO,2024-02-21,
328940,PICK TOWN PMH 3 NORTH LOT,1020 Refugee Rd,Pickerington,OH,43147,39.912529,-82.782743,ChargePoint Network,public,E,0.0,2.0,0.0,J1772,2024-02-22,
329053,HAMCO: Findlay Market Garage,1810 Race St,Cincinnati,OH,45202,39.1153805,-84.5208291,FLO,public,E,0.0,5.0,0.0,J1772,2024-02-23,
329251,PICK TOWN PMH 4 NORTH LOT,1020 Refugee Rd,Pickerington,OH,43147,39.912529,-82.782743,ChargePoint Network,public,E,0.0,2.0,0.0,J1772,2024-02-24,
329252,PICK TOWN PMH 1 ER LOT,1020 Refugee Rd,Pickerington,OH,43147,39.912529,-82.782743,ChargePoint Network,public,E,0.0,2.0,0.0,J1772,2024-02-24,
329253,PICK TOWN PMH 2 ER LOT,1020 Refugee Rd,Pickerington,OH,43147,39.912529,-82.782743,ChargePoint Network,public,E,0.0,2.0,0.0,J1772,2024-02-24,
329285,Flying J 1056,14896 State Route 49,Edon,OH,43518,41.63336,-84.76606,eVgo Network,public,E,0.0,0.0,4.0,J1772COMBO,2024-02-25,
329382,Align Home Health,4114 Mapleview Drive,Dayton,OH,45432,39.74007877054433,-84.08740353556972,Blink Network,public,E,0.0,4.0,0.0,J1772,2023-07-19,
329628,M-B HUDSON MBWC FAST CHG,5897 Muhlhauser Rd,West Chester,OH,45069,39.3195,-84.429904,ChargePoint Network,public,E,0.0,0.0,1.0,CHADEMO J1772COMBO,2024-03-01,
330093,Lavery Automotive Sales & Service,1096 W State Street,Alliance,OH,44601,40.901497,-81.1217,EV Connect,public,E,0.0,0.0,2.0,J1772COMBO,2024-03-08,
330105,EVPassport - FriendsOffice,2300 Bright Rd,Findlay,OH,45840,41.0671206649742,-83.6181262887935,Non-Networked,public,E,0.0,1.0,0.0,J1772,2024-03-07,PARKING_LOT
330125,FORTINDUSTRYSQ FIS (107-108),136 Water St,Toledo,OH,43604,41.648855,-83.5346,ChargePoint Network,public,E,0.0,2.0,0.0,J1772,2024-03-09,
330126,FORTINDUSTRYSQ FIS (109-110),136 Water St,Toledo,OH,43604,41.648755,-83.534709,ChargePoint Network,public,E,0.0,2.0,0.0,J1772,2024-03-09,
330141,OVM STATION 1,15 S Ontario St,Toledo,OH,43604,41.648765,-83.542412,ChargePoint Network,public,E,0.0,2.0,0.0,J1772,2024-03-09,
330142,OVM STATION 2,15 S Ontario St,Toledo,OH,43604,41.648726,-83.542446,ChargePoint Network,public,E,0.0,2.0,0.0,J1772,2024-03-09,
330143,OVM STATION 3,15 S Ontario St,Toledo,OH,43604,41.64872,-83.542414,ChargePoint Network,public,E,0.0,2.0,0.0,J1772,2024-03-09,
330581,EVPassport - FriendsOffice,1041 Perry St,Defiance,OH,45840,41.27753567,-84.37428144,Non-Networked,public,E,0.0,1.0,0.0,J1772,2024-03-14,PARKING_LOT
330597,IRT LIVING CHELSEA,5965 Carson Michael Ave,Columbus,OH,43230,40.063416,-82.859323,ChargePoint Network,public,E,0.0,2.0,0.0,J1772,2024-03-15,
330701,LUXE360 UVF B2,5517 East Vue Drive,Dublin,OH,43016,40.065636,-83.140439,ChargePoint Network,public,E,0.0,2.0,0.0,J1772,2024-03-17,
330703,LUXE360 UVF B7,4723 Water Vue Lane,Dublin,OH,43016,40.066172,-83.143836,ChargePoint Network,public,E,0.0,2.0,0.0,J1772,2024-03-17,
330726,COTA COTA 1,1600 Mc Kinley Avenue,Columbus,OH,43222,39.964389,-83.044858,ChargePoint Network,public,E,0.0,2.0,0.0,J1772,2024-03-17,
330727,COTA COTA 3,1600 Mc Kinley Avenue,Columbus,OH,43222,39.964329,-83.044866,ChargePoint Network,public,E,0.0,2.0,0.0,J1772,2024-03-17,
330728,COTA COTA 2,1600 Mc Kinley Avenue,Columbus,OH,43222,39.964378,-83.044806,ChargePoint Network,public,E,0.0,2.0,0.0,J1772,2024-03-17,
330729,COTA COTA 4,1600 Mc Kinley Avenue,Columbus,OH,43222,39.964328,-83.044816,ChargePoint Network,public,E,0.0,2.0,0.0,J1772,2024-03-17,
330730,COTA COTA 6,1600 Mc Kinley Avenue,Columbus,OH,43222,39.964798,-83.045662,ChargePoint Network,public,E,0.0,2.0,0.0,J1772,2024-03-17,
330731,COTA COTA 5,1600 Mc Kinley Avenue,Columbus,OH,43222,39.964985,-83.045726,ChargePoint Network,public,E,0.0,2.0,0.0,J1772,2024-03-17,
330883,"Applied Electric, LLC - Performance CJDR",1130 Auto Mall Drive,Columbus,OH,43228,39.929374230435336,-83.12554504539168,Blink Network,public,E,0.0,2.0,0.0,J1772,2024-03-20,
331038,Tom Gill Buick GMC,6720 Gilmore Road,Hamilton,OH,45011,39.387514,-84.513617,EV Connect,public,E,0.0,0.0,1.0,J1772COMBO,2024-03-22,
331056,UD GLASS CENTER,40 W Stewart St,Dayton,OH,45409,39.739483,-84.187694,ChargePoint Network,public,E,0.0,2.0,0.0,J1772,2024-03-23,
331227,UPPER ARLINGTON LANE AVE MOB 1,1480 W Lane Ave,Upper Arlington,OH,43221,40.007276,-83.049531,ChargePoint Network,public,E,0.0,2.0,0.0,J1772,2024-03-28,
331228,UPPER ARLINGTON LANE AVE MOB 2,1480 W Lane Ave,Upper Arlington,OH,43221,40.007274,-83.049513,ChargePoint Network,public,E,0.0,2.0,0.0,J1772,2024-03-28,
331244,FF HYUNDAI CPE250-1,5665 Dixie Hwy,Fairfield,OH,45014,39.330922,-84.520672,ChargePoint Network,public,E,0.0,0.0,1.0,CHADEMO J1772COMBO,2024-03-28,
331245,FF HYUNDAI CPE250-2,5665 Dixie Hwy,Fairfield,OH,45014,39.331124,-84.520645,ChargePoint Network,public,E,0.0,0.0,1.0,CHADEMO J1772COMBO,2024-03-28,
331286,MARYSVILLE DUBLIN JEROME 1,10190 US-42,Marysville,OH,43040,40.158601,-83.232394,ChargePoint Network,public,E,0.0,2.0,0.0,J1772,2024-03-29,
331290,MARION MARION MOB 2,278 Barks Rd W,Marion,OH,43302,40.565019,-83.126079,ChargePoint Network,public,E,0.0,2.0,0.0,J1772,2024-03-29,
331291,MARION MARION MOB 1,278 Barks Rd W,Marion,OH,43302,40.565019,-83.126079,ChargePoint Network,public,E,0.0,2.0,0.0,J1772,2024-03-29,
331295,MARYSVILLE DUBLIN JEROME 2,10190 US-42,Marysville,OH,43040,40.158642,-83.232211,ChargePoint Network,public,E,0.0,2.0,0.0,J1772,2024-03-29,
331329,JEFF DRENNEN CADILLAC OF ZANESVILLE,3625 MAPLE AVE,ZANESVILLE,OH,43701,39.99078,-82.02533,EV Connect,public,E,0.0,0.0,1.0,J1772COMBO,2024-03-29,
331360,Liberty Beall Apartments Parking,365 E Liberty St,Wooster,OH,44691,40.7986209618542,-81.935172999171,SWTCH,public,E,0.0,2.0,0.0,J1772,2024-03-26,PARKING_LOT
331443,"Econo Lodge - Holland, OH",1201 East Mall Drive,Holland,OH,43528,41.61895514731181,-83.69300498690436,Blink Network,public,E,0.0,2.0,0.0,J1772,2022-07-10,
331445,Comfort Suites Miamisburg - Dayton South,42 Prestige Plaza Drive,Miamisburg,OH,45342,39.63686862443808,-84.22671865950043,Blink Network,public,E,0.0,2.0,0.0,J1772,2022-08-11,
331467,"KERRY FORD, INC FORD ISLAND #4",155 W Kemper Rd,Cincinnati,OH,45246,39.286395,-84.474117,ChargePoint Network,public,E,0.0,2.0,0.0,J1772,2024-03-30,
331470,VANDEVERE CADILLAC,111 WEST MARKET STREET,AKRON,OH,44303,41.087418,-81.521384,EV Connect,public,E,0.0,0.0,1.0,J1772COMBO,2024-03-30,
331556,HONDA HERITAGE HHC1,24025 Honda Parkway,Marysville,OH,43040,40.270771,-83.505187,ChargePoint Network,public,E,0.0,2.0,0.0,J1772,2024-04-03,
331557,HONDA HERITAGE HHC2,24025 Honda Parkway,Marysville,OH,43040,40.270749,-83.505237,ChargePoint Network,public,E,0.0,2.0,0.0,J1772,2024-04-03,
331558,HONDA HERITAGE HHC4,24025 Honda Parkway,Marysville,OH,43040,40.270697,-83.505347,ChargePoint Network,public,E,0.0,2.0,0.0,J1772,2024-04-03,
331640,COTA NEW ALBANY #1,5202 Forest Drive,New Albany,OH,43054,40.090469,-82.788418,ChargePoint Network,public,E,0.0,2.0,0.0,J1772,2024-04-04,
331641,COTA LINDEN #2,1390 Cleveland Avenue,Columbus,OH,43211,39.993346,-82.981413,ChargePoint Network,public,E,0.0,2.0,0.0,J1772,2024-04-04,
331642,COTA LINDEN #1,1390 Cleveland Avenue,Columbus,OH,43211,39.99331,-82.98136,ChargePoint Network,public,E,0.0,2.0,0.0,J1772,2024-04-04,
331643,WAI PROP PIKE SQ 2A,425 E 2nd St,Piketon,OH,45661,39.067778,-83.012512,ChargePoint Network,public,E,0.0,2.0,0.0,J1772,2024-04-04,
331644,WAI PROP PIKE SQ 1A,425 E 2nd St,Piketon,OH,45661,39.068017,-83.012542,ChargePoint Network,public,E,0.0,2.0,0.0,J1772,2024-04-04,
331647,HONDA HERITAGE HHC3,24025 Honda Parkway,Marysville,OH,43040,40.270723,-83.505293,ChargePoint Network,public,E,0.0,2.0,0.0,J1772,2024-04-04,
331733,NOURSE TOYOTA TOYOTA SRV,423 N Bridge St,Chillicothe,OH,45601,39.347156,-82.975444,ChargePoint Network,public,E,0.0,1.0,0.0,J1772,2024-04-05,
331754,LAZ PARKING COL AGW 3,1359 W Lane Ave,Columbus,OH,43221,40.006465,-83.046867,ChargePoint Network,public,E,0.0,2.0,0.0,J1772,2024-04-05,
331755,LAZ PARKING COL AGW 4,1375 W Lane Ave,Columbus,OH,43221,40.006424,-83.046835,ChargePoint Network,public,E,0.0,2.0,0.0,J1772,2024-04-05,
331756,LAZ PARKING COL AGW 1,1359 W Lane Ave,Columbus,OH,43221,40.006654,-83.046846,ChargePoint Network,public,E,0.0,2.0,0.0,J1772,2024-04-05,
331757,LAZ PARKING COL AGW 2,1359 W Lane Ave,Columbus,OH,43221,40.006555,-83.046846,ChargePoint Network,public,E,0.0,2.0,0.0,J1772,2024-04-05,
331827,"North Canton, OH - Tesla Supercharger",6215 Whipple Avenue NW,North Canton,OH,44720,40.871833,-81.422337,Tesla,public,E,0.0,0.0,8.0,TESLA,2024-03-29,GAS_STATION
331836,Wooster Chrysler Jeep Dodge Ram,2626 Cleveland Road,Wooster,OH,44691,40.831890650336206,-81.93121997478056,Blink Network,public,E,0.0,0.0,2.0,J1772COMBO,2024-04-04,
332007,LAZ PARKING COL KINGSDALE 1,3181 Northwest Blvd,Upper Arlington,OH,43221,40.022832,-83.058304,ChargePoint Network,public,E,0.0,2.0,0.0,J1772,2024-04-11,
332016,OHM MANS GENERAL 1,335 Glessner Ave,Mansfield,OH,44903,40.752904,-82.529316,ChargePoint Network,public,E,0.0,2.0,0.0,J1772,2024-04-11,
332017,OHM MANS GENERAL 2,335 Glessner Ave,Mansfield,OH,44903,40.752904,-82.529316,ChargePoint Network,public,E,0.0,2.0,0.0,J1772,2024-04-11,
332175,Heartland Charging Services Office,6161 Riverside Drive,Dublin,OH,43017,40.09213325958118,-83.10893244598255,Blink Network,public,E,0.0,0.0,2.0,J1772COMBO,2024-03-11,
332451,Southern Station BAE701527,826 Bowman Way,Columbus,OH,43212,39.9739087,-83.0264585,Blink Network,public,E,0.0,2.0,0.0,J1772,2022-11-02,
332597,Parking Garage Basement,1399 Delashmut Avenue,Columbus,OH,43212,39.98735530487605,-83.0310602458417,Blink Network,public,E,0.0,4.0,0.0,J1772,2024-04-18,
332643,"KERRY FORD, INC FORD ISLAND #3",155 West Kemper Road,Cincinnati,OH,45246,39.286362,-84.474103,ChargePoint Network,public,E,0.0,0.0,2.0,J1772COMBO,2024-04-19,
332678,Heartland Charging Services Office S7,6161 Riverside Drive,Dublin,OH,43017,40.09205939055688,-83.10892171700112,Blink Network,public,E,0.0,4.0,0.0,J1772,2024-04-19,
332955,Chalets Of Hocking Hills,18905 S.R. 664 S,Logan,OH,43138,39.456435,-82.507149,NOODOE,public,E,0.0,2.0,0.0,J1772,2024-04-22,
333436,"KINGS FORD, INC FORD L3 PUBLIC1",9555 Kings Automall Drive,Cincinnati,OH,45249,39.295877,-84.307439,ChargePoint Network,public,E,0.0,0.0,2.0,J1772COMBO,2024-04-24,
333818,Davey Resources,3900 Kinross Lakes Pkwy,Richfield,OH,44286,41.22129229999999,-81.6327057,EVGATEWAY,public,E,0.0,4.0,0.0,J1772,2023-06-12,
334229,Davis Automotive Group,6135 Kruse Dr,Solon,OH,44139,41.39384,-81.44131,Non-Networked,public,E,0.0,4.0,0.0,J1772,2023-09-26,PARKING_LOT
334563,Liberty Ford Brunswick,3101 Center Rd,Brunswick,OH,44212,41.238909,-81.802217,FORD_CHARGE,public,E,0.0,0.0,6.0,J1772COMBO,2023-12-04,PUBLIC
334565,Diane Sauer Chevrolet,626 S St SE,Warren,OH,44483,41.2336293966823,-80.8095009630939,Non-Networked,public,E,0.0,0.0,2.0,J1772COMBO,2024-05-02,CAR_DEALER
335288,Canvas,10000 Brecksville Rd,Brecksville,OH,44141,41.2961326,-81.6309452,AMPUP,public,E,0.0,6.0,0.0,J1772,2023-11-13,MULTI_UNIT_DWELLING
335295,Cornerstone Church,1520 S Reynolds Rd,Maumee,OH,43537,41.5862656,-83.6618555,AMPUP,public,E,0.0,2.0,0.0,J1772,2023-11-08,PLACE_OF_WORSHIP
335323,One Government Center,1 Government Center,Toledo,OH,43604,41.6555513,-83.5347256,AMPUP,public,E,0.0,1.0,0.0,J1772,2024-02-12,MUNI_GOV
335481,GRAHAM TOYOTA CT4K 1,1515 W 4th St,Mansfield,OH,44906,40.767803,-82.56481,ChargePoint Network,public,E,0.0,2.0,0.0,J1772,2024-05-04,
335512,MIAMISBURG 1,1 Water Street,Miamisburg,OH,45342,39.64125,-84.290331,ChargePoint Network,public,E,0.0,2.0,0.0,J1772,2024-05-04,
335513,MIAMISBURG 2,1 Water Street,Miamisburg,OH,45342,39.641264,-84.290368,ChargePoint Network,public,E,0.0,2.0,0.0,J1772,2024-05-04,
335542,FOUR SEASON APARTMENTS,26600 George Zeiger Dr,Beachwood,OH,44122,41.496272,-81.4898,CHARGEUP,public,E,0.0,1.0,0.0,J1772,2024-05-05,
335709,University of Mount Union,1972 clark ave,Alliance,OH,44601,40.901885,-81.107559,FLO,public,E,0.0,4.0,0.0,J1772,2024-05-07,
335719,Kettering Health Miamisburg,4000 Miamisburg Centerville Road,Miamisburg,OH,45342,39.63726,-84.24902,Blink Network,public,E,0.0,8.0,0.0,J1772,2024-05-07,
341787,SWTCH Energy Inc.,160 Wilson Bridge Rd,Columbus,OH,43085,40.10960007,-83.01119995,SWTCH,public,E,0.0,1.0,0.0,J1772,2024-04-04,PARKING_LOT
341817,SWTCH Energy Inc.,365 E Liberty St,Wooster,OH,44691,40.79859924,-81.93540192,SWTCH,public,E,0.0,2.0,0.0,J1772,2024-03-26,MULTI_UNIT_DWELLING
341822,SWTCH Energy Inc.,409 E Monument Ave,Dayton,OH,45402,39.76520157,-84.186203,SWTCH,public,E,0.0,2.0,0.0,J1772,2024-04-04,MULTI_UNIT_DWELLING
341843,SWTCH Energy Inc.,69 N South St,Wilmington,OH,45177,39.44630051,-83.82879639,SWTCH,public,E,0.0,6.0,0.0,J1772,2024-04-03,PARKING_LOT
341856,SWTCH Energy Inc.,81 W Main St,Wilmington,OH,45177,39.4455986,-83.82990265,SWTCH,public,E,0.0,4.0,0.0,J1772,2024-04-03,PARKING_LOT
346027,"KERRY FORD, INC STATION 2",155 West Kemper Road,Cincinnati,OH,45246,39.286334,-84.474111,ChargePoint Network,public,E,0.0,0.0,2.0,J1772COMBO,2024-05-10,
346107,Euclid - Kenneth J. Sims Park,23131 Lake Shore Boulevard,Euclid,OH,44123,41.615694,-81.521417,FLO,public,E,0.0,2.0,0.0,J1772,2024-05-11,
346161,TPS CHARGING EV LAB,3301 Upton Avenue,Toledo,OH,43613,41.681647,-83.591404,ChargePoint Network,public,E,0.0,2.0,0.0,J1772,2024-05-14,
346214,MURPHY PARK DC #2,47 Murphy Parkway,Powell,OH,43065,40.157114,-83.084273,ChargePoint Network,public,E,0.0,0.0,1.0,CHADEMO J1772COMBO,2024-05-15,
346215,MURPHY PARK DC #1,47 Murphy Parkway,Powell,OH,43065,40.157118,-83.084242,ChargePoint Network,public,E,0.0,0.0,1.0,CHADEMO J1772COMBO,2024-05-15,
346484,ODRC ORW STATION 1,1479 Collins Ave,Marysville,OH,43040,40.224313,-83.392994,ChargePoint Network,public,E,0.0,2.0,0.0,J1772,2024-05-18,
346486,ODRC ORW STATION 2,1479 Collins Ave,Marysville,OH,43040,40.224132,-83.392967,ChargePoint Network,public,E,0.0,2.0,0.0,J1772,2024-05-18,
346562,"KINGS FORD, INC FORD L2 PUBLIC2",9555 Kings Auto Mall Road,Cincinnati,OH,45249,39.295824,-84.307415,ChargePoint Network,public,E,0.0,2.0,0.0,J1772,2024-05-21,
346563,"KINGS FORD, INC FORD L2 PUBLIC1",9555 Kings Auto Mall Road,Cincinnati,OH,45249,39.295838,-84.307422,ChargePoint Network,public,E,0.0,2.0,0.0,J1772,2024-05-21,
346606,EASTON WEST GAR CPE-1,167 Easton Town Ctr,Columbus,OH,43219,40.051231,-82.916416,ChargePoint Network,public,E,0.0,0.0,1.0,J1772COMBO,2024-05-21,
346607,EASTON WEST GAR CPE-2,167 Easton Town Ctr,Columbus,OH,43219,40.051034,-82.91616,ChargePoint Network,public,E,0.0,0.0,1.0,CHADEMO J1772COMBO,2024-05-21,
347088,Innovatures,7428 Tylersville Rd,West Chester Twp,OH,45069,39.354572,-84.371022,CHARGELAB,public,E,0.0,0.0,4.0,J1772COMBO,2024-05-23,
347140,ED-LOT GRADYHOSPITAL2,641 W Central Ave,Delaware,OH,43015,40.306139,-83.090936,ChargePoint Network,public,E,0.0,2.0,0.0,J1772,2024-05-31,
347141,ED-LOT GRADYHOSPITAL1,641 W Central Ave,Delaware,OH,43015,40.306139,-83.090936,ChargePoint Network,public,E,0.0,2.0,0.0,J1772,2024-05-31,
347202,Holiday Inn Express & Suites Lima - Tesla Destination,1925 Motel Ave,Lima,OH,45804,40.726438,-84.07079,Tesla Destination,public,E,0.0,4.0,0.0,J1772 TESLA,2024-05-30,HOTEL
347203,Holiday Inn Express And Suites Cincinnati-Mason - Tesla Destination,5100 Natorp Blvd,Mason,OH,45040,39.301644,-84.316972,Tesla Destination,public,E,0.0,4.0,0.0,J1772,2024-05-30,HOTEL
347273,LAKEWOOD LKWD PARK SOUTH,14523 Lake Avenue,Lakewood,OH,44107,41.494865,-81.796982,ChargePoint Network,public,E,0.0,2.0,0.0,J1772,2024-06-01,
347274,LAKEWOOD LKWD PARK NORTH,14532 Lake Avenue,Lakewood,OH,44107,41.494937,-81.797007,ChargePoint Network,public,E,0.0,2.0,0.0,J1772,2024-06-01,
347408,M-B HUDSON MBOC FAST CHG,8727 Montgomery Road,Cincinnati,OH,45236,39.214297,-84.35941,ChargePoint Network,public,E,0.0,0.0,1.0,CHADEMO J1772COMBO,2024-06-05,
347649,"Cleveland, OH - W 150th Street - Tesla Supercharger",4277 W 150th St,Cleveland,OH,44135,41.437979,-81.800588,Tesla,public,E,0.0,0.0,12.0,TESLA,2024-06-11,HOTEL
347667,Flying J 697,2226 North Main Street,Hubbard,OH,44425,41.1823755,-80.568997,eVgo Network,public,E,0.0,0.0,4.0,J1772COMBO,2024-06-13,
347668,Pilot Travel Center 455,488 State Route 61,Marengo,OH,43334,40.3712024,-82.8309515,eVgo Network,public,E,0.0,0.0,6.0,J1772COMBO,2024-06-13,
347817,"KERRY FORD, INC FORD ISLAND #1",155 West Kemper Road,Cincinnati,OH,45246,39.286281,-84.474136,ChargePoint Network,public,E,0.0,2.0,0.0,J1772,2024-06-14,
347818,NCEC-ATTICA NCE DC 62,350 Stump Pike Rd,Attica,OH,44807,41.065811,-82.900935,ChargePoint Network,public,E,0.0,0.0,1.0,CHADEMO J1772COMBO,2024-06-14,
347990,CLEVELAND FLEET AIPORT RED LOT,5300 Riverside Drive,Cleveland,OH,44135,41.41225,-81.835495,ChargePoint Network,public,E,0.0,2.0,0.0,J1772,2024-06-15,
348011,1031 Cambridge Station Rd,1031 Cambridge Station Rd,Dayton,OH,45458,39.626351,-84.19162,EV Connect,public,E,0.0,1.0,0.0,J1772,2024-06-15,
348049,BROOKWOOD POINT CT 4000 #1,2687 E Livingston Ave,Columbus,OH,43209,39.946364,-82.925516,ChargePoint Network,public,E,0.0,2.0,0.0,J1772,2024-06-18,
348139,Foster Cadillac,2504 HAYES AVE.,SANDUSKY,OH,44870,41.430631,-82.715438,EV Connect,public,E,0.0,0.0,1.0,J1772COMBO,2024-06-19,
348236,Antonio's Pizzeria LoSchiavo - Tesla Destination,1350 W Royalton Rd,Broadview Heights,OH,44147,41.314401,-81.688879,Tesla Destination,public,E,0.0,6.0,0.0,TESLA,2024-06-17,RESTAURANT
348250,Ohio Center Garage,400 N High St,Columbus,OH,43215,39.971065330983,-82.999739999484,Non-Networked,public,E,0.0,10.0,0.0,J1772,2024-06-17,PARKING_GARAGE
348775,First Presbyterian Church - Granville,110 W Broadway,Granville,OH,43023,40.06882,-82.52049,LOOP,public,E,0.0,2.0,0.0,J1772,2022-08-03,PLACE_OF_WORSHIP
348918,BEAVERCREEK  CPF 50-1,2170 Heller Dr,Dayton,OH,45434,39.707292,-84.016452,ChargePoint Network,public,E,0.0,1.0,0.0,J1772,2024-06-21,
349147,Casey's #3535 - Cridersville,100 S Dixie Hwy,Cridersville,OH,45806,40.6542681,-84.1342305,FCN,public,E,0.0,0.0,4.0,J1772COMBO,2024-06-25,
349598,Germain Ford of Columbus - L2,7250 Sawmill Road,Columbus,OH,43235,40.11341677620027,-83.08928411714668,Blink Network,public,E,0.0,2.0,0.0,J1772,2023-10-26,
349599,Germain Ford of Columbus - DCFC,7250 Sawmill Road,Columbus,OH,43235,40.11341677620027,-83.08928411714668,Blink Network,public,E,0.0,0.0,6.0,J1772COMBO,2023-10-23,
349609,GRAHAM HYUNDAI EV 1,1515 West 4th Street,Mansfield,OH,44906,40.767619,-82.564532,ChargePoint Network,public,E,0.0,0.0,1.0,CHADEMO J1772COMBO,2024-06-28,
349610,GRAHAM HYUNDAI EV 2,1515 West 4th Street,Mansfield,OH,44906,40.767669,-82.564528,ChargePoint Network,public,E,0.0,0.0,1.0,CHADEMO J1772COMBO,2024-06-28,
349831,TPS CHARGING TPS-BOE,1609 North Summit Street,Toledo,OH,43604,41.662066,-83.517321,ChargePoint Network,public,E,0.0,0.0,1.0,CHADEMO J1772COMBO,2024-07-02,
349880,SCC. CENTERVILE EAST,444 W Third s,Dayton,OH,45402,39.757135,-84.200218,ChargePoint Network,public,E,0.0,2.0,0.0,J1772,2024-07-03,
349881,SCC. CENTERVILE WEST,444 East Third st,Downtown,OH,45402,39.757126,-84.200272,ChargePoint Network,public,E,0.0,2.0,0.0,J1772,2024-07-03,
349994,Dollar General - Byesville,205 Main St,Byesville,OH,43723,39.9699006,-81.5340577,FCN,public,E,0.0,0.0,4.0,J1772COMBO,2024-07-04,
350008,RICART Auto Mall DCFC,4255 South Hamilton Road,Groveport,OH,43125,39.888127,-82.888653,Blink Network,public,E,0.0,0.0,4.0,J1772COMBO,2023-11-29,
350009,Ricart Megamall,4255 South Hamilton Road,Groveport,OH,43125,39.889567564474035,-82.88748881715767,Blink Network,public,E,0.0,12.0,0.0,J1772,2022-12-10,
350093,"New Albany, OH - Tesla Supercharger",6229 E Dublin Granville Rd,New Albany,OH,43054,40.077721,-82.850988,Tesla,public,E,0.0,0.0,8.0,TESLA,2024-07-03,GAS_STATION
350116,Mathews Ford S7,610 East Perkins Avenue,Sandusky,OH,44870,41.43256,-82.691232,Blink Network,public,E,0.0,4.0,0.0,J1772,2024-02-08,
350118,Hinderer Honda Heath DCFC's,1515 Hebron Road,Heath,OH,43056,40.010376865866974,-82.46176797482138,Blink Network,public,E,0.0,0.0,3.0,J1772COMBO,2023-11-27,
350120,Ohio Electric Services - Series,1555 Stanley Avenue,Dayton,OH,45404,39.78645924385159,-84.19324082192422,Blink Network,public,E,0.0,4.0,0.0,J1772,2022-08-22,
350121,Germain Volkswagen of Westerville - DCFC,750 Polaris Parkway,Westerville,OH,43082,40.146789146924014,-82.95536071534164,Blink Network,public,E,0.0,0.0,4.0,J1772COMBO,2024-05-17,
350122,Bob Boyd Ford - L2,2840 North Columbus Street,Lancaster,OH,43130,39.746567110162566,-82.6475002,Blink Network,public,E,0.0,6.0,0.0,J1772,2024-04-25,
350125,Peak 10 Park Lane Garage,531 Belmonte Park North,Dayton,OH,45405,39.7671502,-84.2041258,Blink Network,public,E,0.0,4.0,0.0,J1772,2022-06-14,
350126,Baldwin Wallace University - 139 Tressel Street,139 Tressel Street,Berea,OH,44017,41.37063915795192,-81.84810075767038,Blink Network,public,E,0.0,2.0,0.0,J1772,2023-07-17,
350127,Ohio Electric Services - DCFC,1555 Stanley Avenue,Dayton,OH,45404,39.78645924385159,-84.19324082192422,Blink Network,public,E,0.0,0.0,2.0,J1772COMBO,2024-01-22,
350130,MATHEWS Ford Sandusky DCFC's,610 East Perkins Avenue,Sandusky,OH,44870,41.43256,-82.691232,Blink Network,public,E,0.0,0.0,4.0,J1772COMBO,2024-01-23,
350131,Bob Boyd Ford - DCFC,2840 North Columbus Street,Lancaster,OH,43130,39.746567081718005,-82.64753239017351,Blink Network,public,E,0.0,0.0,4.0,J1772COMBO,2024-04-25,
350132,Coughlin Ford of Heath - DCFC,500 Hebron Road,Heath,OH,43056,40.038407381270865,-82.42761604003167,Blink Network,public,E,0.0,0.0,6.0,J1772COMBO,2023-12-14,
350133,Baldwin Wallace University - 380 Front Street,380 Front Street,Berea,OH,44017,41.37515384537967,-81.85258432883519,Blink Network,public,E,0.0,2.0,0.0,J1772,2023-07-12,
350138,Mathews Ford - DCFC,1155 Delaware Avenue,Marion,OH,43302,40.56880974636328,-83.12301503068326,Blink Network,public,E,0.0,0.0,4.0,J1772COMBO,2024-05-03,
350208,Peak 10 Riverstone Apartments,111 Grafton Avenue,Dayton,OH,45406,39.7657716,-84.2047925,Blink Network,public,E,0.0,4.0,0.0,J1772,2022-06-14,
350211,Peak 10 Rockwood Garage,515 West Grand Avenue,Dayton,OH,45405,39.76941,-84.20681,Blink Network,public,E,0.0,5.0,0.0,J1772,2022-06-14,
350213,Coughlin Ford Pataskala - DCFC,9800 Worthington Road,Pataskala,OH,43062,40.07860847158241,-82.67333346132244,Blink Network,public,E,0.0,0.0,6.0,J1772COMBO,2024-04-01,
350741,Weekly Electric,1960 Mount Vernon Road,Newark,OH,43055,40.109826684357834,-82.4270739655706,Blink Network,public,E,0.0,2.0,0.0,J1772,2023-11-03,
351257,Trotwood City Hall,3035 Olive Rd,Trotwood,OH,45426,39.79783852,-84.29341896,Non-Networked,public,E,0.0,2.0,0.0,J1772,2024-07-11,MUNI_GOV
351447,Cronin CDJR,951 West Main Street,Lebanon,OH,45036,39.433963,-84.223383,Blink Network,public,E,0.0,2.0,2.0,J1772 J1772COMBO,2024-07-22,
351502,MARYSVILLECITY CITY HL PRK LT1,118 W 7th St,Marysville,OH,43040,40.23467,-83.367837,ChargePoint Network,public,E,0.0,2.0,0.0,J1772,2024-07-25,
351664,Spitzer Auto,10535 Mahoning Ave,North Jackson,OH,44451,41.09988,-80.84919,VIALYNK,public,E,0.0,0.0,2.0,J1772COMBO,2024-07-27,
351674,Longshore Parking Garage,6650 Longshore St,Dublin,OH,43017,40.10308836,-83.1095701,Non-Networked,public,E,0.0,10.0,0.0,J1772,2024-07-19,PARKING_GARAGE
351675,Mooney Parking Garage,6568 Longshore St,Dublin,OH,43017,40.10170404,-83.1093145,Non-Networked,public,E,0.0,12.0,0.0,J1772,2024-07-19,PARKING_GARAGE
351676,The Theodore Parking Garage,6640 Mooney St,Dublin,OH,43017,40.10320128,-83.10786863,Non-Networked,public,E,0.0,12.0,0.0,J1772,2024-07-19,PARKING_GARAGE
351698,The Residences at Sara Crossing,3619 Adams Loop West,Powell,OH,43065,40.1583988,-83.08962099,Blink Network,public,E,0.0,2.0,0.0,J1772,2024-06-25,
352024,Estle Cadillac,1515 N. Clinton St.,Defiance,OH,43512,41.303376,-84.359924,EV Connect,public,E,0.0,0.0,2.0,J1772COMBO,2024-08-02,
352046,Brookfield Village Apartments,1950 Sandy Lake Drive,Grove City,OH,43123,39.91220205681781,-83.09802044602588,Blink Network,public,E,0.0,4.0,0.0,J1772,2024-04-19,
352172,Sheetz Store #822 - Reynoldsburg,8555 E Main St,Reynoldsburg,OH,43068,39.955481,-82.769261,EV Connect,public,E,0.0,2.0,0.0,J1772,2024-08-07,
352248,Klaben Ford Warren - DCFC Private,3853 Youngstown Road Southeast,Warren,OH,44484,41.217739,-80.773486,Blink Network,public,E,0.0,0.0,2.0,J1772COMBO,2024-08-07,
352370,Coughlin Ford of Circleville - DCFC,24001 U.S. 23,Circleville,OH,43113,39.58228391830278,-82.95452627597939,Blink Network,public,E,0.0,0.0,6.0,J1772COMBO,2023-12-14,
352372,Coughlin Ford of Circleville - S7,24001 U.S. 23,Circleville,OH,43113,39.58149049145419,-82.95353234600758,Blink Network,public,E,0.0,6.0,0.0,J1772,2023-12-20,
352432,LEE KINSTLE CHEVROLET GMC 650 W Ervin Rd,650 W Ervin Rd,Van Wert,OH,45891,40.858447,-84.591686,EV Connect,public,E,0.0,1.0,1.0,J1772 J1772COMBO,2024-08-11,
352698,Oberlin PD lot,85 South Main St,Oberlin,OH,44074,41.28944,-82.216002,FLO,public,E,0.0,0.0,1.0,CHADEMO J1772COMBO,2024-08-15,
352980,MARYSVILLEFLATS STATION 1,1001 Columbus Avenue,Marysville,OH,43040,40.23173,-83.352217,ChargePoint Network,public,E,0.0,2.0,0.0,J1772,2024-08-17,
352981,MARYSVILLEFLATS 2- CT4020,429 Homestead Rd,Marysville,OH,43040,40.230863,-83.355324,ChargePoint Network,public,E,0.0,2.0,0.0,J1772,2024-08-17,
352982,MARYSVILLEFLATS 3-CT4020,830 Otway Road,Marysville,OH,43040,40.231027,-83.354659,ChargePoint Network,public,E,0.0,2.0,0.0,J1772,2024-08-17,
352997,SCC. SCC MASON SOUTH,5386 Courseview Dr,Mason,OH,45040,39.353432,-84.268641,ChargePoint Network,public,E,0.0,2.0,0.0,J1772,2024-08-17,
352998,SCC. SCC MASON NORTH,5386 Courseview Dr,Mason,OH,45040,39.35344,-84.268651,ChargePoint Network,public,E,0.0,2.0,0.0,J1772,2024-08-17,
353462,OBE MARRIOTT GENEVL,5327 Spire Circle,Geneva,OH,44041,41.773292,-80.944539,ChargePoint Network,public,E,0.0,2.0,0.0,J1772,2024-08-22,
353463,OBE MARRIOTT GENEVR,5327 Spire Circle,Geneva,OH,44041,41.774005,-80.945246,ChargePoint Network,public,E,0.0,2.0,0.0,J1772,2024-08-22,
353510,MITSUBISHI 7C MITSUBISHI MAIN,14 N Anderson Ave,Youngstown,OH,44515,41.100719,-80.747637,ChargePoint Network,public,E,0.0,2.0,0.0,J1772,2024-08-23,
353529,DOAE JATC DAYTON JATC,6550 Poe Ave,Dayton,OH,45414,39.844885,-84.187036,ChargePoint Network,public,E,0.0,2.0,0.0,J1772,2024-08-23,
353884,CLASSICTOYOTA CPE250 #1,8510 Tyler Boulevard,Mentor,OH,44060,41.684502,-81.334286,ChargePoint Network,public,E,0.0,0.0,1.0,CHADEMO J1772COMBO,2024-08-24,
354302,Flying J 695,420 East Main Street,Beaverdam,OH,45808,40.832697,-83.965987,eVgo Network,public,E,0.0,0.0,4.0,J1772COMBO,2024-08-29,
354319,HOLOWICKI STATION 1-1,5239 Riggins Rd,Dublin,OH,43016,40.06329,-83.159433,ChargePoint Network,public,E,0.0,2.0,0.0,J1772,2024-08-29,
354357,OBE THE TOWER,30 South Park Place,Painesville,OH,44077,41.723438,-81.244176,ChargePoint Network,public,E,0.0,2.0,0.0,J1772,2024-08-29,
354373,Jim Schmidt Chevrolet Of Delphos x,1725 E 5th St,Delphos,OH,45833,40.845849,-84.319387,EV Connect,public,E,0.0,0.0,2.0,J1772COMBO,2024-08-29,
354424,CDJR CHARGE CP6000CUST1,1290 Hebron Road,Heath,OH,43056,40.016244,-82.451626,ChargePoint Network,public,E,0.0,2.0,0.0,J1772,2024-08-30,
354431,TOMKO POWER LINK 1,33725 Walker Rd,Avon Lake,OH,44012,41.492272,-82.060706,ChargePoint Network,public,E,0.0,0.0,1.0,CHADEMO J1772COMBO,2024-08-30,
354701,TOMKO POWER LINK 2,33725 Walker Rd,Avon Lake,OH,44012,41.492318,-82.060701,ChargePoint Network,public,E,0.0,0.0,1.0,CHADEMO J1772COMBO,2024-08-31,
355060,Schneider Park,2130 Astor Ave,Columbus,OH,43209,39.95267645,-82.94266577,Non-Networked,public,E,0.0,2.0,0.0,J1772,2024-09-03,PARK
355061,Jeffrey Park,165 N Parkview Ave,Bexley,OH,43209,39.97182378,-82.94384117,Non-Networked,public,E,0.0,2.0,0.0,J1772,2024-09-03,PARK
355068,Duck Island - S7,1920 Abbey Avenue,Cleveland,OH,44113,41.484743865180384,-81.6986464,Blink Network,public,E,0.0,4.0,0.0,J1772,2024-02-14,
355166,JEFF WYLER POWER LINK,1501 Hillcrest Avenue,Springfield,OH,45504,39.942357,-83.833992,ChargePoint Network,public,E,0.0,0.0,1.0,CHADEMO J1772COMBO,2024-09-07,
355229,CDJR JEFF WYLER EXPRESS PLUS PL,1117 State Rte 32,Batavia,OH,45103,39.090672,-84.250093,ChargePoint Network,public,E,0.0,0.0,1.0,CHADEMO J1772COMBO,2024-09-10,
355489,Akron General Medical Center - Akron,1 Akron General Ave,Akron,OH,44307,41.07827247239359,-81.53257256217839,Blink Network,public,E,0.0,6.0,0.0,J1772,2024-09-11,
355584,JEFF WYLER EXPR PLUS PL,5881 Gender Road,Canal Winchester,OH,43110,39.860594,-82.831534,ChargePoint Network,public,E,0.0,0.0,1.0,CHADEMO J1772COMBO,2024-09-13,
355772,SUPERIOR KIA CP6000,268 W Mitchell Ave,Cincinnati,OH,45232,39.166805,-84.51035,ChargePoint Network,public,E,0.0,2.0,0.0,J1772,2024-09-17,
355775,STOW CITY CNTR STOW,3870 Darrow Road,Stow,OH,44224,41.169685,-81.442989,ChargePoint Network,public,E,0.0,2.0,0.0,J1772,2024-09-17,
355823,Lorain Family Health & Surgery Center,5700 Cooper Foster Park Rd,Lorain,OH,44053,41.4126374,-82.2354095,Blink Network,public,E,0.0,6.0,0.0,J1772,2024-09-17,
355824,Beachwood Family Health & Surgery Center,26900 Cedar Rd,Beachwood,OH,44122,41.500562,-81.489082,Blink Network,public,E,0.0,6.0,0.0,J1772,2024-09-17,
355887,Strongville Family Health & Surgery Center,16761 South Park Center,Strongville,OH,44136,41.3117704,-81.8175686,Blink Network,public,E,0.0,6.0,0.0,J1772,2024-09-11,
355992,McDonalds #4700 Manhattan,567 Manhattan Blvd,Toledo,OH,43608,41.6868993,-83.5323342,eVgo Network,public,E,0.0,0.0,4.0,CHADEMO J1772COMBO,2024-09-20,
355997,Klaben Chrysler Jeep Dodge Ram DCFC,1106 West Main Street,Kent,OH,44240,41.15137671707084,-81.38144980345456,Blink Network,public,E,0.0,0.0,2.0,J1772COMBO,2024-09-18,
356060,"North Ridgeville, OH - Tesla Supercharger",32435 Cook Rd,North Ridgeville,OH,44039,41.384191,-81.976979,Tesla,public,E,0.0,0.0,8.0,TESLA,2024-09-12,RESTAURANT
356062,"Dayton, OH - North Springboro Pike - Tesla Supercharger",5858 North Springboro Pike,Dayton,OH,45449,39.670048,-84.220914,Tesla,public,E,0.0,0.0,12.0,TESLA,2024-09-13,GROCERY
356130,Euclid Hospital,18901 Lake Shore Blvd,Euclid,OH,44119,41.5991521,-81.5483641,Blink Network,public,E,0.0,6.0,0.0,J1772,2024-07-09,
356171,Chevrolet of Troy,1375 S Market St,Troy,OH,45373,40.02159,-84.200128,EV Connect,public,E,0.0,0.0,1.0,J1772COMBO,2024-09-22,
356233,Medina General,1000 E Washington St,Medina,OH,44256,41.137528,-81.8376065,Blink Network,public,E,0.0,6.0,0.0,J1772,2024-05-30,
356268,NCEC-ATTICA NW- VETLIBRARY,106 West Mansfield Street,New Washington,OH,44854,40.962715,-82.854061,ChargePoint Network,public,E,0.0,2.0,0.0,J1772,2024-09-24,
356286,Civic Center - Fast Charger,21016 Hilliard Blvd,Rocky River,OH,44116,41.468106,-81.855258,FLO,public,E,0.0,0.0,1.0,CHADEMO J1772COMBO,2024-09-24,
356287,Civic Center,21016 Hilliard Blvd,Rocky River,OH,44116,41.468106,-81.855258,FLO,public,E,0.0,2.0,0.0,J1772,2024-09-24,
356390,Elyria Family Health & Surgery Center,303 Chestnut Commons Dr,Elryia,OH,44035,41.3455526,-82.0658244,Blink Network,public,E,0.0,6.0,0.0,J1772,2024-09-25,
357422,Klaben Ford Warren - Level II (Public),3853 Youngstown Road Southeast,Warren,OH,44484,41.21757540291245,-80.77321831893525,Blink Network,public,E,0.0,2.0,0.0,J1772,2024-10-02,
357423,Klaben Ford Warren - DCFC Public,3853 Youngstown Road Southeast,Warren,OH,44484,41.217424,-80.773529,Blink Network,public,E,0.0,0.0,2.0,J1772COMBO,2024-08-07,
357593,Frank J. Polivka Transit Center at Lakeland Community College,7700 Clocktower Dr,Kirtland,OH,44094,41.6380446,-81.3696479,FLO,public,E,0.0,2.0,0.0,J1772,2024-10-05,
357687,Rec Center Soccer Fields,1151 Stonequarry Road,Vandalia,OH,45377,39.87809394087406,-84.22369526293635,Blink Network,public,E,0.0,4.0,0.0,J1772,2024-09-26,
357712,PNC CENTER GARG E-SPCS 129&130,750 Vincent Ave.,Cleveland,OH,44114,41.500666,-81.68838,ChargePoint Network,public,E,0.0,2.0,0.0,J1772,2024-10-09,
357713,PNC CENTER GARG W-SPCS-131&132,750 Vincent Ave.,Cleveland,OH,44114,41.50069,-81.68842,ChargePoint Network,public,E,0.0,2.0,0.0,J1772,2024-10-09,
357812,Acacia Reservation,26899 Cedar Road,Beachwood,OH,44144,41.501749,-81.489131,FLO,public,E,0.0,2.0,0.0,J1772,2024-10-10,
357883,Edgewater Park,7600 Memorial Shoreway,Cleveland,OH,44144,41.48648,-81.744643,FLO,public,E,0.0,2.0,0.0,J1772,2024-10-11,
357917,Mike Bass Ford L2 Public,5050 Detroit Road,Sheffield,OH,44035,41.42047409979956,-82.08661243227641,Blink Network,public,E,0.0,2.0,0.0,J1772,2024-10-11,
357998,Tri-C East Campus,4250 Richmond Rd,Highland Hills,OH,44122,41.44458,-81.500679,FLO,public,E,0.0,2.0,0.0,J1772,2024-10-15,
358337,Dutro Ford,132 S 5th St,Zanesville,OH,43701,39.937405,-82.005736,FORD_CHARGE,public,E,0.0,0.0,2.0,J1772COMBO,2024-03-01,PUBLIC
358338,Preston Ford,13580 W Center St,Burton,OH,44021,41.47114,-81.154268,FORD_CHARGE,public,E,0.0,0.0,4.0,J1772COMBO,2024-02-29,PUBLIC
358339,Classic Ford of Madison,6251 N Ridge Rd,Madison,OH,44057,41.80328,-81.06564,FORD_CHARGE,public,E,0.0,0.0,2.0,J1772COMBO,2024-04-30,PUBLIC
358340,Classic Ford,8540 Tyler Blvd,Mentor,OH,44060,41.68495,-81.33297,FORD_CHARGE,public,E,0.0,0.0,4.0,J1772COMBO,2024-02-07,PUBLIC
358341,Mark Porter Ford,1362 Mayhew Rd,Jackson,OH,45640,39.02291,-82.64459,FORD_CHARGE,public,E,0.0,0.0,4.0,J1772COMBO,2024-07-11,PUBLIC
358343,Reineke Ford of Findlay,12000 County Rd 99,Findlay,OH,45840,41.088564,-83.652332,FORD_CHARGE,public,E,0.0,0.0,4.0,J1772COMBO,2024-02-26,PUBLIC
358460,ESRW ESRW-MELROSE,2840 Melrose Avenue,Cincinnati,OH,45206,39.131574,-84.48989,ChargePoint Network,public,E,0.0,2.0,0.0,J1772,2024-10-16,
358519,Leisure Time Winery - Tesla Destination,16982 County Rd M2,Napoleon,OH,43545,41.350438,-84.188674,Tesla Destination,public,E,0.0,2.0,0.0,J1772 TESLA,2024-07-01,
358725,Hampton Inn Ashtabula - Tesla Destination,2900 Gh Drive,Austinburg,OH,44010,41.78382,-80.857544,Tesla Destination,public,E,0.0,1.0,0.0,TESLA,2024-07-01,
358776,EVentures Rentals - Tesla Destination,5207 Madison Rd,Cincinnati,OH,45227,39.161133,-84.405392,Tesla Destination,public,E,0.0,3.0,0.0,TESLA,2024-07-01,
358914,Steel Equipment Specialists - Tesla Destination,1507 Beeson St NE,Alliance,OH,44601,40.923661,-81.130553,Tesla Destination,public,E,0.0,6.0,0.0,TESLA,2024-07-01,
358932,Magnext Data Recovery - Tesla Destination,7100  Huntley Rd,Columbus,OH,43229,40.107928,-82.996794,Tesla Destination,public,E,0.0,3.0,0.0,TESLA,2024-07-01,
359305,"Columbus, OH (Wall Connector) - Tesla Destination",70 East Goodale Street,Columbus,OH,43215,39.97424,-83.00077,Tesla Destination,public,E,0.0,10.0,0.0,J1772 TESLA,,
359392,Holiday Inn & Alfredo's at the Inn - Tesla Destination,780 Beta Dr,Mayfield,OH,44143,41.540161,-81.446453,Tesla Destination,public,E,0.0,2.0,0.0,TESLA,2024-07-01,
359907,Golf Course Parking lot,200 Clubhouse Way,Vandalia,OH,45377,39.89101630475806,-84.17191263192989,Blink Network,public,E,0.0,4.0,0.0,J1772,2024-10-16,
360328,HAMILTON OHIO 325 MAIN ST,325 Main Street,Hamilton,OH,45013,39.404082,-84.570375,ChargePoint Network,public,E,0.0,2.0,0.0,J1772,2024-10-19,
360409,La Quinta Inn & Suites by Wyndham Cleveland Airport West,25105 Country Club Blvd,North Olmsted,OH,44070,41.4135506667001,-81.905223478154,UNIVERSAL,public,E,0.0,0.0,6.0,J1772COMBO,2024-09-25,HOTEL
360593,City of Fairview Park - City Hall,20777 Lorain Rd,Fairview Park,OH,44126,41.446975,-81.849814,FLO,public,E,0.0,2.0,0.0,J1772,2024-10-23,
360696,Akron General Medical Center - Lodi,225 Elyria St,Lodi,OH,44254,41.03607677960677,-82.01433258996661,Blink Network,public,E,0.0,6.0,0.0,J1772,2024-10-24,
360711,SHS STEM ACADEM STEM EV,320 N. 4th St,Steubenville,OH,43952,40.363809,-80.612422,ChargePoint Network,public,E,0.0,1.0,0.0,J1772,2024-10-25,
360819,RE AT MV - PH1 PHASE 1,11810 Upper Gilchrist Rd,Mount Vernon,OH,43050,40.407202,-82.435333,ChargePoint Network,public,E,0.0,2.0,0.0,J1772,2024-10-26,
360892,SOUTH EUCLID CENTER #2,1370 Victory Dr,South Euclid,OH,44121,41.522435,-81.52132,ChargePoint Network,public,E,0.0,2.0,0.0,J1772,2024-10-29,
360928,Tri-C Metro Campus Lot 6,2900 Community College Ave,Cleveland,OH,44115,41.49261,-81.67001,FLO,public,E,0.0,2.0,0.0,J1772,2024-10-29,
361094,TRU - E BROAD TRU EAST BROAD,6440 East Broad Street,Columbus,OH,43213,39.981959,-82.830494,ChargePoint Network,public,E,0.0,2.0,0.0,J1772,2024-10-31,
361178,LAKEWOOD RECYCLING 1,12920 Berea Road,Lakewood,OH,44107,41.470333,-81.779084,ChargePoint Network,public,E,0.0,1.0,0.0,J1772,2024-11-01,
361179,LAKEWOOD RECYCLING 2,12920 Berea Road,Lakewood,OH,44107,41.470259,-81.779032,ChargePoint Network,public,E,0.0,1.0,0.0,J1772,2024-11-01,
361252,"Mentor, OH - Tesla Supercharger",7750 Reynolds Road,Mentor,OH,44060,41.660078,-81.379189,Tesla,public,E,0.0,0.0,8.0,TESLA,2024-10-29,GAS_STATION
361695,Parkway Honda,855 Commercial Parkway,Dover,OH,44622,40.5214753,-81.4884384,Blink Network,public,E,0.0,1.0,0.0,J1772,2023-08-29,
361763,Municipal Bldg,341 James Bohanan Drive,Vandalia,OH,45377,39.89287659219445,-84.19299286456835,Blink Network,public,E,0.0,6.0,0.0,J1772,2024-11-05,
367711,COCHRANAUTO BOARDMANFORDL,7955 Market Street,Youngstown,OH,44512,41.008244,-80.661903,ChargePoint Network,public,E,0.0,0.0,2.0,J1772COMBO,2024-11-08,
367762,Pilot Travel Center 469,2320 Faircrest St,Canton,OH,44706,40.750023,-81.403825,eVgo Network,public,E,0.0,0.0,4.0,J1772COMBO,2024-11-09,
367784,TEI TEI - 1,49 Northmoreland Avenue,Munroe Falls,OH,44262,41.131231,-81.441975,ChargePoint Network,public,E,0.0,2.0,0.0,J1772,2024-11-09,
367820,Flying J 694,2349 Center Road,Austinburg,OH,44010,41.78887,-80.855553,eVgo Network,public,E,0.0,0.0,4.0,J1772COMBO,2024-11-10,
367860,Rec Center,1111 Stonequarry Road,Dayton,OH,45414,39.87205039489557,-84.2189365957135,Blink Network,public,E,0.0,6.0,0.0,J1772,2024-11-12,
367861,Justice Center Parking Lot,210 James Bohanan Drive,Vandalia,OH,45377,39.892555061166426,-84.1952576296991,Blink Network,public,E,0.0,4.0,0.0,J1772,2024-11-12,
371375,Pilot Travel Center 360,11471 State Route 613W,Findlay,OH,45840,41.13724,-83.66061,eVgo Network,public,E,0.0,0.0,4.0,J1772COMBO,2024-11-16,
371377,Pilot Flying J Store 287,10048 Avon Lake Road,Burbank,OH,44214,40.999223,-81.997734,eVgo Network,public,E,0.0,0.0,4.0,J1772COMBO,2024-11-16,
371381,Kendal at Oberlin,600 Kendal Drive,Oberlin,OH,44074,41.302821,-82.211526,Blink Network,public,E,0.0,2.0,0.0,J1772,2024-11-14,
371385,MARYSVILLEFLATS STATION 4,1001 Columbus Ave,Marysville,OH,43040,40.231771,-83.352292,ChargePoint Network,public,E,0.0,2.0,0.0,J1772,2024-11-16,
371464,Coughlin Chevrolet of Pataskala,9000 East Broad St SW,Pataskala,OH,43062,40.004565,-82.66126,EV Connect,public,E,0.0,1.0,1.0,J1772 J1772COMBO,2024-11-16,
371513,Mike Bass Ford L3 Public,5050 Detroit Road,Sheffield,OH,44035,41.42047409979956,-82.08661243227641,Blink Network,public,E,0.0,0.0,2.0,J1772COMBO,2024-11-18,
371709,Brondes Ford Toledo - Series,5545 Secor Road,Toledo,OH,43623,41.717145,-83.624522,Blink Network,public,E,0.0,6.0,0.0,J1772,2024-08-01,
371748,COCHRANAUTO BOARDMANFORD L2,7955 Market St,Youngstown,OH,44512,41.008236,-80.661954,ChargePoint Network,public,E,0.0,2.0,0.0,J1772,2024-11-21,
371850,Pilot Travel Center 449,66377 Belmont-Morristown Rd,Belmont,OH,43718,40.0584392,-81.0516427,eVgo Network,public,E,0.0,0.0,4.0,J1772COMBO,2024-11-22,
371915,Lunken Airport,4265 Airport Rd,Cincinnati,OH,45226,39.10492,-84.43022,AMPUP,public,E,0.0,4.0,0.0,J1772,2024-06-24,PARKING_LOT
371971,Brondes Ford Maumee - Series,1475 Arrowhead Drive,Maumee,OH,43537,41.583505,-83.687,Blink Network,public,E,0.0,6.0,0.0,J1772,2024-09-13,
372033,Shoppes on Bluebell - New Philadelphia,125 Bluebell Drive SW,New Philadelphia,OH,44663,40.4926634,-81.4718826,FCN,public,E,0.0,0.0,4.0,J1772COMBO,2024-11-27,
372034,Best Western - Zanesville,4929 E Pike,Zanesville,OH,43701,39.9659167,-81.8991822,FCN,public,E,0.0,0.0,4.0,J1772COMBO,2024-11-27,
372086,CCPLBKL STATION - 1,7619 Memphis Ave,Brooklyn,OH,44144,41.439579,-81.738688,ChargePoint Network,public,E,0.0,2.0,0.0,J1772,2024-11-28,
372118,Pilot Travel Center 9,6830 Franklin-Lebanon Road,Franklin,OH,45005,39.54207,-84.29126,eVgo Network,public,E,0.0,0.0,6.0,J1772COMBO,2024-11-29,
372119,Pilot Travel Center 309,44133 Fairground Road,Caldwell,OH,43724,39.73777,-81.52811,eVgo Network,public,E,0.0,0.0,4.0,J1772COMBO,2024-11-29,
372127,Bedford City Hall Parking Lot,165 Center Road,Bedford,OH,44146,41.39726,-81.53819,FLO,public,E,0.0,2.0,0.0,J1772,2024-11-29,
372412,MAPLE MANOR MKV STATION 1,11120 Springfield Pike,Springdale,OH,45246,39.277679,-84.479355,ChargePoint Network,public,E,0.0,1.0,0.0,J1772,2024-12-05,
372413,MAPLE MANOR MKV STATION 2,11120 Springfield Pike,Springdale,OH,45246,39.277695,-84.479248,ChargePoint Network,public,E,0.0,1.0,0.0,J1772,2024-12-05,
372512,Brondes Ford Maumee - DCFC,1475 Arrowhead Drive,Maumee,OH,43537,41.583505,-83.6869,Blink Network,public,E,0.0,0.0,4.0,J1772COMBO,2024-09-13,
372514,Brondes Ford Toledo - DCFC,5545 Secor Road,Toledo,OH,43623,41.716729253686864,-83.62541864774481,Blink Network,public,E,0.0,0.0,4.0,J1772COMBO,2024-08-01,
372670,South Ridge Inn,32801 Lorain Rd,North Ridgeville,OH,44039,41.38077,-81.98084,UNIVERSAL,public,E,0.0,0.0,6.0,J1772COMBO,2024-11-02,HOTEL
372671,Radisson Hotel Akron/Fairlawn,200 Montrose W Ave,Akron,OH,44321,41.12823,-81.65492,UNIVERSAL,public,E,0.0,0.0,6.0,J1772COMBO,2024-11-06,HOTEL
372672,Sycamore Suites,621 Midway Blvd,Elyria,OH,44035,41.39897,-82.11797,UNIVERSAL,public,E,0.0,0.0,6.0,J1772COMBO,2024-11-04,HOTEL
372674,ELYRIA FORD EXPRESS 1,1115 East Broad Street,Elyria,OH,44035,41.36019,-82.074442,ChargePoint Network,public,E,0.0,0.0,2.0,J1772COMBO,2024-12-10,
372847,University of Mount Union HPCC,1972 Clark Ave,Alliance,OH,44601,40.9054755,-81.1117386,FLO,public,E,0.0,2.0,0.0,J1772,2024-12-12,
372868,Quick Lane Tire & Auto Center DCFC,1080 West Main Street,Kent,OH,44240,41.15115892481055,-81.38015164592981,Blink Network,public,E,0.0,0.0,2.0,J1772COMBO,2024-09-18,
373030,Kroger Brewers Yard,150 W Sycamore St,Columbus,OH,43215,39.948896,-83.000891,eVgo Network,public,E,0.0,0.0,4.0,CHADEMO J1772COMBO,2024-12-14,
373049,McDonald's 40 Triggs Rd,40 Triggs Rd.,Brookville,OH,45309,39.845841,-84.427227,eVgo Network,public,E,0.0,0.0,4.0,CHADEMO J1772COMBO,2024-12-14,
373109,Brentwood Plaza,939 Hempstead Dr,Cincinnati,OH,45231,39.223654,-84.51823,eVgo Network,public,E,0.0,0.0,4.0,CHADEMO J1772COMBO,2024-12-14,
373122,Western Hills Plaza,6000 Glenway Ave,Cincinnati,OH,45211,39.14455,-84.62214,eVgo Network,public,E,0.0,0.0,4.0,CHADEMO J1772COMBO,2024-12-14,
373131,Target Hilliard #T1969,4211 Trueman Blvd,Hilliard,OH,43026,40.0391184,-83.1229529,eVgo Network,public,E,0.0,0.0,6.0,J1772COMBO TESLA,2024-12-14,
373140,Shoppes at Stonecreek,1500 Stonecreek Dr S,Pickerington,OH,43147,39.915117,-82.782059,eVgo Network,public,E,0.0,0.0,4.0,CHADEMO J1772COMBO,2024-12-14,
374182,6161 Engle Road,6161 Engle Road,Brook Park,OH,44142,41.395619,-81.818076,FLO,public,E,0.0,0.0,1.0,CHADEMO J1772COMBO,2024-12-19,
374184,Tri-C Western Campus Lot B,11000 Pleasant Valley Rd,Parma,OH,44130,41.366989,-81.766507,FLO,public,E,0.0,2.0,0.0,J1772,2024-12-19,
374205,OHC-CCC #1 CCC #1,800 East 17th Avenue,Columbus,OH,43211,40.006804,-82.986053,ChargePoint Network,public,E,0.0,2.0,0.0,J1772,2024-12-20,
374210,UCI LOT 22 UCI MAGNOLIA HQ,10831 Magnolia Drive,Cleveland,OH,44106,41.515114,-81.610512,ChargePoint Network,public,E,0.0,2.0,0.0,J1772,2024-12-20,
374228,MEMORIAL HEALTH CSN-01804240,500 London Ave,Marysville,OH,43040,40.230681,-83.368982,ChargePoint Network,public,E,0.0,2.0,0.0,J1772,2024-12-20,
374361,Klaben Ford Sales Building - Series,1089 West Main Street,Kent,OH,44240,41.151912023093786,-81.38063493243416,Blink Network,public,E,0.0,4.0,0.0,J1772,2024-12-20,
374365,Klaben Ford Island,1091 West Main Street,Kent,OH,44240,41.152314,-81.38064,Blink Network,public,E,0.0,4.0,0.0,J1772,2024-12-20,
374480,Flying J 698,9935 Sr 41,Jeffersonville,OH,43128,39.646085,-83.537722,eVgo Network,public,E,0.0,0.0,4.0,J1772COMBO,2024-12-21,
374568,Klaben Chrysler Jeep Dodge Ram,1106 West Main Street,Kent,OH,44240,41.15137671707084,-81.38144980345456,Blink Network,public,E,0.0,4.0,0.0,J1772,2024-09-18,
374569,Quicklane Tire & Auto Center,1080 West Main Street,Kent,OH,44240,41.15115892481055,-81.3801623746192,Blink Network,public,E,0.0,2.0,0.0,J1772,2024-08-23,
374616,Klaben CJDR Service Building,1338 West Main Street,Kent,OH,44240,41.1524507,-81.3900355,Blink Network,public,E,0.0,2.0,0.0,J1772,2024-11-20,
374816,Byers Ford - Series,1101 Columbus Pike,Delaware,OH,43015,40.276569989893154,-83.06933545083243,Blink Network,public,E,0.0,6.0,0.0,J1772,2024-04-01,
374878,The Residences at Lucy Ridge,35 Lucy Ridge Road,Delaware,OH,43015,40.32282969272779,-83.09680493451133,Blink Network,public,E,0.0,2.0,0.0,J1772,2025-01-03,
375097,Byers Ford - DCFC,1101 Columbus Pike,Delaware,OH,43015,40.276569989893154,-83.06933545083243,Blink Network,public,E,0.0,0.0,6.0,J1772COMBO,2024-04-01,
375132,VCCENTER VC CENTER 1,1135 Spring Street,Marysville,OH,43040,40.239378,-83.387662,ChargePoint Network,public,E,0.0,2.0,0.0,J1772,2025-01-07,
375133,VCCENTER VC CENTER 2,1135 Spring Street,Marysville,OH,43040,40.239305,-83.38739,ChargePoint Network,public,E,0.0,2.0,0.0,J1772,2025-01-07,
375350,Stow-Munroe Falls Public Library,3512 Darrow Road,Stow,OH,44224,41.16098017978446,-81.44077627455887,Blink Network,public,E,0.0,2.0,0.0,J1772,2025-01-09,
375496,Klaben Ford Island - DCFC,1091 West Main Street,Kent,OH,44240,41.152608756701106,-81.3802990459114,Blink Network,public,E,0.0,0.0,4.0,J1772COMBO,2025-01-13,
375544,110 Southwest St.,110 Southwest St.,Bellevue,OH,44811,41.272561,-82.841663,EV Connect,public,E,0.0,0.0,4.0,CHADEMO J1772COMBO,2025-01-14,
375553,Belden Park Crossings,5496 Dressler Road,North Canton,OH,44720,40.8622333,-81.433564,eVgo Network,public,E,0.0,0.0,6.0,J1772COMBO,2025-01-14,
375630,Lakewood High School (Civic Auditorium),14101 Franklin Blvd,Lakewood,OH,44107,41.4818078,-81.7909675,FLO,public,E,0.0,2.0,0.0,J1772,2025-01-15,
375756,Mettler Polaris,1900 Polaris Parkway,Columbus,OH,43240,40.14405290751455,-82.96913457645917,Blink Network,public,E,0.0,2.0,0.0,J1772,2025-01-16,
375858,Digeronimo Companies,10004 Brecksville Road,Brecksville,OH,44141,41.28985100819183,-81.62756187455238,Blink Network,public,E,0.0,8.0,0.0,J1772,2025-01-16,
375965,"Kings Dodge, Inc.",4486 Kings Water Drive,Cincinnati,OH,45249,39.29863483819491,-84.30440964153533,Blink Network,public,E,0.0,2.0,0.0,J1772,2025-01-02,
375980,VW SHOWROOM VW AUDI SHOP,401 N Hamilton Rd,Columbus,OH,43213,39.985134,-82.872069,ChargePoint Network,public,E,0.0,0.0,1.0,CHADEMO J1772COMBO,2025-01-22,
376064,Jim Schmidt Chevrolet-Buick Inc.,575 West High St,Hicksville,OH,43526,41.286384,-84.774809,EV Connect,public,E,0.0,1.0,2.0,J1772 J1772COMBO,2025-01-22,
376545,Falls at Settlers walk,10 Falls Blvd,Springboro,OH,45066,39.5825328,-84.202516,EVIUM,public,E,0.0,12.0,0.0,J1772,2025-01-28,
377453,TRINITY BLOCK 19.2KW,16400 Detroit Avenue,Lakewood,OH,44107,41.48558,-81.811509,ChargePoint Network,public,E,0.0,2.0,0.0,J1772,2025-01-30,
377589,Glockner Honda Toyota,2867 U.S. 23,Portsmouth,OH,45662,38.7684365,-82.9867159,Blink Network,public,E,0.0,2.0,0.0,J1772,2023-08-17,
377975,Green Road Station,2800 South Green Road,Shaker Height,OH,44122,41.478803,-81.517643,FLO,public,E,0.0,2.0,0.0,J1772,2025-02-05,
379442,Northgate CDJR,8536 Colerain Avenue,Cincinnati,OH,45239,39.22699757066778,-84.58764321718999,Blink Network,public,E,0.0,2.0,2.0,J1772 J1772COMBO,2025-02-05,
380315,Greg Sweet Ford,4011 East Center Street,North Kingsville,OH,44068,41.92354,-80.642426,Blink Network,public,E,0.0,1.0,0.0,J1772,2024-04-02,
381588,Jay Honda,175 Broadway Avenue,Bedford,OH,44146,41.40218543166746,-81.55096617473373,Blink Network,public,E,0.0,1.0,1.0,J1772 J1772COMBO,2023-08-17,
381969,Amherst Family Health Center,5172 Leavitt Rd,Lorain,OH,44053,41.4212617,-82.2100188,Blink Network,public,E,0.0,6.0,0.0,J1772,2024-07-09,
382166,Daystar Ford of Garrettsville,10301 Liberty St,Garrettsville,OH,44231,41.2729577,-81.0977984,Blink Network,public,E,0.0,2.0,0.0,J1772,2025-02-07,
383913,MVRPC(EV#33),2385 State Route 41,Troy,OH,45373,40.02196365061883,-84.1599273171512,Blink Network,public,E,0.0,2.0,0.0,J1772,2025-02-10,
383915,MVRPC(EV#35),3147 North County Road 25A,Troy,OH,45373,40.0898670185203,-84.22404047481743,Blink Network,public,E,0.0,2.0,0.0,J1772,2025-02-10,
383916,MVRPC(EV#25),4790 Frytown Road,Dayton,OH,45417,39.71676515326358,-84.26625424600098,Blink Network,public,E,0.0,2.0,0.0,J1772,2025-02-10,
383917,MVRPC(EV#28),1301 East Siebenthaler Avenue,Dayton,OH,45414,39.80467040642663,-84.20394298832706,Blink Network,public,E,0.0,2.0,0.0,J1772,2025-02-10,
383918,MVRPC(EV#2),57 West Franklin Street,Bellbrook,OH,45305,39.6359742391205,-84.07286226134414,Blink Network,public,E,0.0,2.0,0.0,J1772,2025-02-10,
383919,MVRPC(EV#17),330 South Dixie Drive,Vandalia,OH,45377,39.887307101828306,-84.19703224599265,Blink Network,public,E,0.0,2.0,0.0,J1772,2025-02-10,
383920,MVRPC(EV#14),2718 Lyons Road,Miamisburg,OH,45342,39.62768293501097,-84.22099775950089,Blink Network,public,E,0.0,2.0,0.0,J1772,2025-02-10,
383921,MVRPC(EV#29),3600 Shroyer Road,Dayton,OH,45429,39.696007904171765,-84.1619858478456,Blink Network,public,E,0.0,2.0,0.0,J1772,2025-02-10,
383922,MVRPC(EV#21),6733 North Springboro Pike,Dayton,OH,45449,39.65423367450364,-84.22453602608364,Blink Network,public,E,0.0,2.0,0.0,J1772,2025-02-10,
383923,MVRPC(EV#7),2100 East Centerville Station Road,Centerville,OH,45458,39.6236470814667,-84.12109560367504,Blink Network,public,E,0.0,2.0,0.0,J1772,2025-02-10,
383924,MVRPC(EV#20),7800 Shull Road,Dayton,OH,45424,39.875476733346865,-84.09349963249765,Blink Network,public,E,0.0,2.0,0.0,J1772,2025-02-10,
383926,MVRPC(EV#30),1400 West Dorothy Lane,Dayton,OH,45409,39.707852328968386,-84.1989444901754,Blink Network,public,E,0.0,2.0,0.0,J1772,2025-02-10,
383927,MVRPC(EV#10),2021 West Third Street,Dayton,OH,45417,39.75439946436654,-84.22758520366864,Blink Network,public,E,0.0,2.0,0.0,J1772,2025-02-10,
383928,MVRPC(EV#15),21 Watervliet Avenue,Dayton,OH,45420,39.73876319928802,-84.1526348748347,Blink Network,public,E,0.0,2.0,0.0,J1772,2025-02-10,
383929,MVRPC(EV#27),6910 Boomershine Road,Germantown,OH,45327,39.64308593386514,-84.42388498833493,Blink Network,public,E,0.0,2.0,0.0,J1772,2025-02-10,
383931,MVRPC(EV#16),855 East Main Street,Trotwood,OH,45426,39.79815769645973,-84.2965677036666,Blink Network,public,E,0.0,2.0,0.0,J1772,2025-02-10,
383934,MVRPC(EV#23),955 Aullwood Road,Dayton,OH,45414,39.87525147672478,-84.26857521250433,Blink Network,public,E,0.0,2.0,0.0,J1772,2025-02-10,
383935,MVRPC(EV#26),4178 Conference Road,Bellbrook,OH,45305,39.617056426991546,-84.09620410367545,Blink Network,public,E,0.0,2.0,0.0,J1772,2025-02-10,
383936,MVRPC(EV#22),Old Harshman Road,Dayton,OH,45431,39.7797188796928,-84.1218874171631,Blink Network,public,E,0.0,2.0,0.0,J1772,2025-02-10,
383937,MVRPC(EV#3),East Upper Lewisburg Salem Road,Brookville,OH,45309,39.84608529831896,-84.41283821715986,Blink Network,public,E,0.0,2.0,0.0,J1772,2025-02-10,
383939,MVRPC(EV#4),166 North Main Street,Centerville,OH,45459,39.62394938391651,-84.15880137538812,Blink Network,public,E,0.0,2.0,0.0,J1772,2025-02-10,
383940,MVRPC(EV#19),2222 North James H McGee Boulevard,Dayton,OH,45417,39.7702166220691,-84.24828738832873,Blink Network,public,E,0.0,2.0,0.0,J1772,2025-02-10,
384026,Cleveland Public Library Hough Campus,6530 Lexington Ave.,Cleveland,OH,44103,41.51079,-81.6451875,FLO,public,E,0.0,2.0,0.0,J1772,2025-02-11,
384045,CCFE AT HOFV,2014 Blake Ave NW,Canton,OH,44708,40.82109,-81.399371,ChargePoint Network,public,E,0.0,2.0,0.0,J1772,2025-02-12,
384636,LMH 2000 TAMARACK 1,2000 Tamarack Road,Newark,OH,43055,40.041986,-82.464579,ChargePoint Network,public,E,0.0,2.0,0.0,J1772,2025-02-20,
384913,CMH AIRPORT EV RED EV-1,3795 International Gateway,Columbus,OH,43219,39.997764,-82.906654,ChargePoint Network,public,E,0.0,2.0,0.0,J1772,2025-02-25,
384914,CMH AIRPORT EV RED EV-2,3795 International Gateway,Columbus,OH,43219,39.99779,-82.906649,ChargePoint Network,public,E,0.0,2.0,0.0,J1772,2025-02-25,
384915,CMH AIRPORT EV RED EV-3,3795 International Gateway,Columbus,OH,43219,39.997799,-82.906648,ChargePoint Network,public,E,0.0,2.0,0.0,J1772,2025-02-25,
384916,CMH AIRPORT EV RED EV-4,3795 International Gateway,Columbus,OH,43219,39.997829,-82.906642,ChargePoint Network,public,E,0.0,2.0,0.0,J1772,2025-02-25,
384917,CMH AIRPORT EV RED EV-5,3795 International Gateway,Columbus,OH,43219,39.997874,-82.906639,ChargePoint Network,public,E,0.0,2.0,0.0,J1772,2025-02-25,
384918,CMH AIRPORT EV RED EV-6,3795 International Gateway,Columbus,OH,43219,39.997949,-82.906633,ChargePoint Network,public,E,0.0,2.0,0.0,J1772,2025-02-25,
384919,CMH AIRPORT EV RED EV-7,3795 International Gateway,Columbus,OH,43219,39.998004,-82.906624,ChargePoint Network,public,E,0.0,2.0,0.0,J1772,2025-02-25,
384920,CMH AIRPORT EV RED EV-8,3795 International Gateway,Columbus,OH,43219,39.998041,-82.906613,ChargePoint Network,public,E,0.0,2.0,0.0,J1772,2025-02-25,
384921,CMH AIRPORT EV RED EV-9,3795 International Gateway,Columbus,OH,43219,39.998074,-82.906615,ChargePoint Network,public,E,0.0,2.0,0.0,J1772,2025-02-25,
384922,CMH AIRPORT EV RED EV-10,3795 International Gateway,Columbus,OH,43219,39.998129,-82.906616,ChargePoint Network,public,E,0.0,2.0,0.0,J1772,2025-02-25,
386913,JEFF WYLER ESTGTE CPE250 1,1117 State Rte 32,Batavia,OH,45103,39.091724,-84.255024,ChargePoint Network,public,E,0.0,0.0,1.0,J1772COMBO TESLA,2025-02-27,
386965,JEFF WYLER ESTGTE CPE250 2,1117 State Rte 32,Batavia,OH,45103,39.09205,-84.254819,ChargePoint Network,public,E,0.0,0.0,1.0,J1772COMBO TESLA,2025-02-27,
387002,City of Parma - City Hall,6611 Ridge Rd.,Parma,OH,44129,41.384397,-81.733355,FLO,public,E,0.0,2.0,1.0,CHADEMO J1772 J1772COMBO,2025-02-27,
387215,Columbus Zoo and Aquarium,4850 West Powell Road,Powell,OH,43065,40.15626425733421,-83.11735697775113,Blink Network,public,E,0.0,12.0,0.0,J1772,2025-03-04,
387223,ELYRIA FORD CPK CHARGER 1,1115 E Broad St,Elyria,OH,44035,41.360872,-82.074504,ChargePoint Network,public,E,0.0,2.0,0.0,J1772,2025-03-05,
387632,RICART KIA CUST PARKIN,4245 South Hamilton Road,Groveport,OH,43125,39.891741,-82.887792,ChargePoint Network,public,E,0.0,2.0,0.0,J1772,2025-03-12,
387772,CLEVEFDN MCC 2,1975 E 65th St,Cleveland,OH,44103,41.504852,-81.64515,ChargePoint Network,public,E,0.0,2.0,0.0,J1772,2025-03-14,
387773,CLEVEFDN MCC 1,1975 E 65th St,Cleveland,OH,44103,41.504798,-81.645386,ChargePoint Network,public,E,0.0,2.0,0.0,J1772,2025-03-14,
387891,Baumann Ford Oregon - DCFC,2811 Navarre Avenue,Oregon,OH,43616,41.63736116306384,-83.48133592136611,Blink Network,public,E,0.0,0.0,4.0,J1772COMBO,2025-03-14,
387935,OFFICE-LMRE #2 LMRE HQ,495 N Main St,Spencer,OH,44275,41.109099,-82.12401,ChargePoint Network,public,E,0.0,2.0,0.0,J1772,2025-03-18,
387936,OFFICE-LMRE #1 LMRE HQ,495 N Main St,Spencer,OH,44275,41.109049,-82.123975,ChargePoint Network,public,E,0.0,2.0,0.0,J1772,2025-03-18,
388016,CAKAP BMW CHARGING,5251 Landmark Blvd,North Canton,OH,44720,40.911065,-81.428635,ChargePoint Network,public,E,0.0,1.0,0.0,J1772,2025-03-19,
388328,CDJR CHARGE EXPRESS PLUS,1290 Hebron Road,Heath,OH,43056,40.016733,-82.451788,ChargePoint Network,public,E,0.0,0.0,1.0,CHADEMO J1772COMBO,2025-03-23,
388486,Delhi Towne Square,5025 Delhi Pike,Cincinnati,OH,45238,39.0936111,-84.6105212,NOODOE,public,E,0.0,3.0,0.0,J1772,2025-03-24,
388494,UDF Bauer Rd,2222 Winemiller Lane,Batavia,OH,45103,39.083087,-84.151875,NOODOE,public,E,0.0,0.0,4.0,J1772COMBO,2025-03-24,
388504,Go Share High Street Mobility Hub,1161 N High St,Columbus,OH,43201,39.986165,-83.00562,NOODOE,public,E,0.0,4.0,0.0,J1772,2025-03-24,
388708,"TA US-42, London, OH",940 US-42,London,OH,43140,39.953261,-83.379607,BP_PULSE,public,E,0.0,0.0,12.0,J1772COMBO TESLA,2025-03-26,
388732,CAKAP STATION - 1,5251 Landmark Blvd,North Canton,OH,44720,40.911065,-81.428635,ChargePoint Network,public,E,0.0,1.0,0.0,J1772,2025-03-27,
388763,Westlake Recreation Center,28955 Hilliard BLVD.,Westlake,OH,44145,41.445891,-81.938635,FLO,public,E,0.0,2.0,0.0,J1772,2025-03-27,
388830,OFFICE-LMRE #3 LMRE HQ,1 Cooperative Way,Spencer,OH,44275,41.108991,-82.124036,ChargePoint Network,public,E,0.0,2.0,0.0,J1772,2025-03-28,
388954,Pilot Travel Center 303,905 American Road,Napoleon,OH,43545,41.41677,-84.10512,eVgo Network,public,E,0.0,0.0,4.0,J1772COMBO,2025-03-30,
388957,195 E. Broad Street Garage,206 E. Capital St.,Columbus,OH,43215,39.96209641746519,-82.99471397139409,FLASH,public,E,0.0,13.0,0.0,J1772,2025-03-30,PUBLIC
389093,King Street Parking Lot - Level 2 (Standard) Chargers,129 King Street,Wadsworth,OH,44281,41.026498,-81.730749,FLO,public,E,0.0,2.0,0.0,J1772,2025-04-02,
389117,RMH RED RED 6,3535 Olentangy River Rd,Columbus,OH,43214,40.031157,-83.03581,ChargePoint Network,public,E,0.0,2.0,0.0,J1772,2025-04-03,
389118,RMH RED RED 1,3535 Olentangy River Rd,Columbus,OH,43214,40.031157,-83.03581,ChargePoint Network,public,E,0.0,2.0,0.0,J1772,2025-04-03,
389119,RMH RED RED 4,3535 Olentangy River Rd,Columbus,OH,43214,40.031157,-83.03581,ChargePoint Network,public,E,0.0,2.0,0.0,J1772,2025-04-03,
389120,RMH RED RED 8,3535 Olentangy River Rd,Columbus,OH,43214,40.031157,-83.03581,ChargePoint Network,public,E,0.0,2.0,0.0,J1772,2025-04-03,
389121,RMH RED RED 7,3535 Olentangy River Rd,Columbus,OH,43214,40.031157,-83.03581,ChargePoint Network,public,E,0.0,2.0,0.0,J1772,2025-04-03,
389122,RMH RED RED 5,3535 Olentangy River Rd,Columbus,OH,43214,40.031157,-83.03581,ChargePoint Network,public,E,0.0,2.0,0.0,J1772,2025-04-03,
389123,RMH RED RED 3,3535 Olentangy River Rd,Columbus,OH,43214,40.031157,-83.03581,ChargePoint Network,public,E,0.0,2.0,0.0,J1772,2025-04-03,
389124,RMH RED RED 2,3535 Olentangy River Rd,Columbus,OH,43214,40.031157,-83.03581,ChargePoint Network,public,E,0.0,2.0,0.0,J1772,2025-04-03,
389125,RMH RED RED 10,3535 Olentangy River Rd,Columbus,OH,43214,40.031157,-83.03581,ChargePoint Network,public,E,0.0,2.0,0.0,J1772,2025-04-03,
389126,RMH RED RED 9,3535 Olentangy River Rd,Columbus,OH,43214,40.031157,-83.03581,ChargePoint Network,public,E,0.0,2.0,0.0,J1772,2025-04-03,
389320,"Distillery III, LLC",1812 Bourbon Street,Ashville,OH,43103,39.7226620991619,-82.95886997483545,Blink Network,public,E,0.0,4.0,0.0,J1772,2024-02-15,
389352,CRW3 CENTRAL STATION 2B,38501 Mentor Ave,Willoughby,OH,44094,41.643799,-81.396795,ChargePoint Network,public,E,0.0,1.0,0.0,J1772,2025-04-04,
389355,CRW3 CENTRAL STATION 2A,38501 Mentor Ave,Willoughby,OH,44094,41.643814,-81.396795,ChargePoint Network,public,E,0.0,1.0,0.0,J1772,2025-04-04,
389356,CRW3 CENTRAL STATION 1A,38401 Mentor Ave,Willoughby,OH,44094,41.643501,-81.397978,ChargePoint Network,public,E,0.0,1.0,0.0,J1772,2025-04-04,
389357,CRW3 CENTRAL STATION 1B,38401 Mentor Ave,Willoughby,OH,44094,41.643506,-81.397971,ChargePoint Network,public,E,0.0,1.0,0.0,J1772,2025-04-04,
389358,CRW3 CENTRAL STATION 3B,38501 Mentor Ave,Willoughby,OH,44094,41.64408,-81.39687,ChargePoint Network,public,E,0.0,1.0,0.0,J1772,2025-04-04,
389359,CRW3 CENTRAL STATION 3A,38501 Mentor Ave,Willoughby,OH,44094,41.644072,-81.396875,ChargePoint Network,public,E,0.0,1.0,0.0,J1772,2025-04-04,
389363,TOM AHL HYUNDAI UNIT 5,2701 Allentown Rd,Lima,OH,45805,40.750544,-84.156846,ChargePoint Network,public,E,0.0,0.0,1.0,CHADEMO J1772COMBO,2025-04-04,
389394,Twinsburgh Family Health & Surgery Center,8701 Darrow Rd,Twinsburg,OH,44087,41.3026308014384,-81.43946464055936,Blink Network,public,E,0.0,6.0,0.0,J1772,2025-04-04,
389556,LCCC - Parking Lot 8,1005 North Abbe Road,Elyria,OH,44035,41.41559,-82.075053,FLO,public,E,0.0,2.0,1.0,CHADEMO J1772 J1772COMBO,2025-04-08,
390033,Baumann Ford Genoa S7,22110 Ohio 51,Genoa,OH,43430,41.53173388410048,-83.3606126790582,Blink Network,public,E,0.0,4.0,0.0,J1772,2025-04-16,
390098,"Willoughby, OH Rechargery @ Sheetz - OH 306",4145 OH 306,Willoughby,OH,44094,41.639127,-81.372604,IONNA,public,E,0.0,0.0,10.0,J1772COMBO TESLA,2025-04-17,
390099,"Springfield, OH Rechargery @ Sheetz - Titus Rd",1751 Titus Rd,Springfield,OH,45502,39.894766,-83.720639,IONNA,public,E,0.0,0.0,10.0,J1772COMBO TESLA,2025-04-17,
390196,"Reynoldsburg, OH Rechargery - Brice Rd",2727 Brice Road,Reynoldsburg,OH,43232,39.925626,-82.832087,IONNA,public,E,0.0,0.0,12.0,J1772COMBO TESLA,2025-04-18,
390253,Central House of Brews,2213 Central Ave,Middletown,OH,45044,39.51277,-84.385535,AUTEL,public,E,0.0,1.0,0.0,J1772,2025-01-29,BREWERY_DISTILLERY_WINERY
390342,Raabe Ford,11260 Elida Rd,Delphos,OH,45833,40.839568,-84.319252,FORD_CHARGE,public,E,0.0,0.0,2.0,J1772COMBO,2024-08-15,PUBLIC
390343,Reineke Ford of Lima,1360 Greely Chapel Rd,Lima,OH,45804,40.721082,-84.071797,FORD_CHARGE,public,E,0.0,0.0,2.0,J1772COMBO,2024-04-30,PUBLIC
390401,Graham Ford,1515 W 4th St,Mansfield,OH,44903,40.767987,-82.566605,FORD_CHARGE,public,E,0.0,0.0,6.0,J1772COMBO,2024-10-11,PUBLIC
390494,"Parma, OH - Tesla Supercharger",7526 Broadview Rd,Parma,OH,44134,41.360806,-81.685573,Tesla,public,E,0.0,0.0,12.0,TESLA,2025-03-18,SHOPPING_CENTER
390800,CITY OF KENT CITY HALL 1 N,319 S Water St,Kent,OH,44240,41.151004,-81.357551,ChargePoint Network,public,E,0.0,2.0,0.0,J1772,2025-04-25,
390801,CITY OF KENT CITY HALL 2 S,319 South Water Street,Kent,OH,44240,41.150807,-81.357556,ChargePoint Network,public,E,0.0,2.0,0.0,J1772,2025-04-25,
391088,"Findlay, OH - West Main Cross Street - Tesla Supercharger",1215 W Main Cross St,Findlay,OH,45840,41.040752,-83.668451,Tesla,public,E,0.0,0.0,12.0,TESLA,2025-04-22,GAS_STATION
391142,"Maumee, OH - Meijer",1391 Conant Street,Maumee,OH,43537,41.5788959,-83.6654099,RIVIAN_WAYPOINTS,public,E,0.0,2.0,0.0,J1772,2023-11-18,PUBLIC
391177,Morgan Swamp Preserve,3973 Callender Road,Rock Creek,OH,44084,41.63726,-80.89151,RIVIAN_WAYPOINTS,public,E,0.0,2.0,0.0,J1772,2022-11-04,PUBLIC
391241,"Maumee, OH",1391 Conant Street,Maumee,OH,43537,41.5789,-83.66528,RIVIAN_ADVENTURE,public,E,0.0,0.0,6.0,J1772COMBO TESLA,2025-04-24,PUBLIC
391314,"Strongsville, OH",8913 Pearl Road,Strongsville,OH,44136,41.34414,-81.82397,RIVIAN_ADVENTURE,public,E,0.0,0.0,6.0,TESLA,2025-04-23,PUBLIC
391508,SOUTH EUCLID QUARRY PARK S2,711 South Belvoir Boulevard,South Euclid,OH,44121,41.537901,-81.533345,ChargePoint Network,public,E,0.0,2.0,0.0,J1772,2025-05-01,
391560,Dave Arbogast Buick-GMC,3540 S COUNTY RD 25A,TROY,OH,45373,39.98736,-84.202363,EV Connect,public,E,0.0,1.0,1.0,J1772 J1772COMBO,2025-05-01,
391604,Beau Townsend S7,1020 West National Road,Vandalia,OH,45377,39.888535898950856,-84.21707651695081,Blink Network,public,E,0.0,12.0,0.0,J1772,2025-05-01,
391687,Beau Townsend DCFC,1020 West National Road,Vandalia,OH,45377,39.889056,-84.217563,Blink Network,public,E,0.0,0.0,4.0,J1772COMBO,2025-05-02,
391770,"Cortland, OH - Tesla Supercharger",2160 Millennium Blvd,Cortland,OH,44410,41.2768465,-80.7736494,Tesla,public,E,0.0,0.0,12.0,TESLA,2025-05-02,SHOPPING_CENTER
391786,VCPARK VC PARK 2,7340 Ferris St,Aurora,OH,44202,41.349508,-81.377474,ChargePoint Network,public,E,0.0,2.0,0.0,J1772,2025-05-06,
391787,VCPARK VC PARK 1,7340 Ferris St,Aurora,OH,44202,41.349506,-81.377473,ChargePoint Network,public,E,0.0,2.0,0.0,J1772,2025-05-06,
394129,LAKEWOOD KAUFFMAN PARK,15450 Detroit Avenue,Lakewood,OH,44107,41.486123,-81.805035,ChargePoint Network,public,E,0.0,0.0,1.0,CHADEMO J1772COMBO,2025-05-07,
395245,"IKEA Store 175 (West Chester Township, OH)",9500 Ikea Way,West Chester Township,OH,45069,39.3156,-84.4325,Electrify America,public,E,0.0,0.0,6.0,J1772COMBO,2025-05-08,
395507,Progressive Chevrolet - Series,8000 Hills and Dales Road,Massillon,OH,44646,40.81956435546112,-81.50229278562065,Blink Network,public,E,0.0,2.0,0.0,J1772,2025-05-13,
395553,ROCKY BRANDS 1,39 E Canal St,Nelsonville,OH,45764,39.458262,-82.232297,ChargePoint Network,public,E,0.0,1.0,0.0,J1772,2025-05-14,
395554,ROCKY BRANDS 2,39 E Canal St,Nelsonville,OH,45764,39.458245,-82.232278,ChargePoint Network,public,E,0.0,1.0,0.0,J1772,2025-05-14,
395555,ROCKY BRANDS 3,39 E Canal St,Nelsonville,OH,45764,39.458228,-82.232269,ChargePoint Network,public,E,0.0,1.0,0.0,J1772,2025-05-14,
395556,ROCKY BRANDS 4,39 E Canal St,Nelsonville,OH,45764,39.458214,-82.232257,ChargePoint Network,public,E,0.0,1.0,0.0,J1772,2025-05-14,
395712,5xNW,1350 West 5th Avenue,Columbus,OH,43212,39.98924510301834,-83.04267931879548,Blink Network,public,E,0.0,2.0,0.0,J1772,2025-05-15,
395736,GMC GMCMOB BLUE 13,332 E State St,Columbus,OH,43215,39.961347,-82.991095,ChargePoint Network,public,E,0.0,2.0,0.0,J1772,2025-05-16,
395737,GMC GMCMOB BLUE 12,332 E State St,Columbus,OH,43215,39.961347,-82.991095,ChargePoint Network,public,E,0.0,2.0,0.0,J1772,2025-05-16,
395738,GMC GMCMOB BLUE 10,332 E State St,Columbus,OH,43215,39.961347,-82.991095,ChargePoint Network,public,E,0.0,2.0,0.0,J1772,2025-05-16,
395739,GMC GMC MOB BLUE 9,332 E State St,Columbus,OH,43215,39.961347,-82.991095,ChargePoint Network,public,E,0.0,2.0,0.0,J1772,2025-05-16,
395740,GMC GMCMOB BLUE 1,332 E State St,Columbus,OH,43215,39.961347,-82.991095,ChargePoint Network,public,E,0.0,2.0,0.0,J1772,2025-05-16,
395741,GMC GMC MOB BLUE 2,332 E State St,Columbus,OH,43215,39.961347,-82.991095,ChargePoint Network,public,E,0.0,2.0,0.0,J1772,2025-05-16,
395742,GMC GMC MOB BLUE 3,332 E State St,Columbus,OH,43215,39.961347,-82.991095,ChargePoint Network,public,E,0.0,2.0,0.0,J1772,2025-05-16,
395743,GMC GMC MOB BLUE 4,332 E State St,Columbus,OH,43215,39.961347,-82.991095,ChargePoint Network,public,E,0.0,2.0,0.0,J1772,2025-05-16,
395744,GMC GMC MOB BLUE 5,332 E State St,Columbus,OH,43215,39.961347,-82.991095,ChargePoint Network,public,E,0.0,2.0,0.0,J1772,2025-05-16,
395745,GMC GMC MOB BLUE 6,332 E State St,Columbus,OH,43215,39.961347,-82.991095,ChargePoint Network,public,E,0.0,2.0,0.0,J1772,2025-05-16,
395746,GMC GMC MOB BLUE 7,332 E State St,Columbus,OH,43215,39.961347,-82.991095,ChargePoint Network,public,E,0.0,2.0,0.0,J1772,2025-05-16,
395767,King Street Parking Lot - Level 3 (Fast) Charger,120 Maple Street,Wadsworth,OH,44281,41.026498,-81.730749,FLO,public,E,0.0,0.0,1.0,CHADEMO J1772COMBO,2025-05-16,
395966,Spitzer Chrysler Dodge Jeep Ram,1777 West 4th Street,Ontario,OH,44906,40.7698057,-82.5796544,Blink Network,public,E,0.0,2.0,0.0,J1772,2025-05-20,
396237,CLOUD CITY HALL 1,6141 Taylorsville Road,Dayton,OH,45424,39.863155,-84.130719,ChargePoint Network,public,E,0.0,2.0,0.0,J1772,2025-05-24,
396290,VOLVO CARS DUBL BENTLEY OUTSIDE,5875 Venture Dr,Dublin,OH,43017,40.099977,-83.149734,ChargePoint Network,public,E,0.0,1.0,0.0,J1772,2025-05-24,
396973,Whiteside Chevrolet GMC,50714 National Rd E St,Clairsville,OH,43950,40.07727105615,-80.87257574211,RED_E,public,E,0.0,0.0,2.0,CHADEMO J1772COMBO,2025-02-14,PUBLIC
396974,Keer Automotive,500 W. Broadway St.,New Lexington,OH,43764,39.7212726404,-82.21922622479,RED_E,public,E,0.0,2.0,0.0,J1772,2025-03-28,PUBLIC
396975,Mark Wahlberg Chevrolet of Worthington,700 E Dublin Granville Rd,Columbus,OH,43085,40.0887106882,-83.0005225259,RED_E,public,E,0.0,2.0,6.0,J1772 J1772COMBO,2024-11-19,PUBLIC
396976,Mark Wahlberg Chevrolet of Avon,37995 Chester Road,Avon,OH,44011,41.465401,-82.042998,RED_E,public,E,0.0,4.0,6.0,J1772 J1772COMBO,2024-11-19,PUBLIC
397101,DONWOODAUTO DW FORD 1,2065 East State Street,Athens,OH,45701,39.332991,-82.035322,ChargePoint Network,public,E,0.0,2.0,0.0,J1772,2025-05-29,
397102,DONWOODAUTO DON WOOD FORD 2,2065 East State Street,Athens,OH,45701,39.333039,-82.035255,ChargePoint Network,public,E,0.0,2.0,0.0,J1772,2025-05-29,
397104,DONWOODAUTO DON WOOD FORD 3,2065 E State St,Athens,OH,45701,39.333026,-82.035325,ChargePoint Network,public,E,0.0,2.0,0.0,J1772,2025-05-29,
397363,LIBERTY LIBRARY STATION 1,6716 Yankee Road,Liberty Township,OH,45044,39.38175,-84.384174,ChargePoint Network,public,E,0.0,2.0,0.0,J1772,2025-05-30,
397364,LIBERTY LIBRARY STATION 2,6716 Yankee Road,Liberty Township,OH,45044,39.381837,-84.384189,ChargePoint Network,public,E,0.0,2.0,0.0,J1772,2025-05-30,
397412,West River Branch - EPL,1194 West River Road,Elyria,OH,44035,41.3898076,-82.1049883,FLO,public,E,0.0,0.0,1.0,CHADEMO J1772COMBO,2025-05-30,
397466,GMC GMCMOB BLUE 11,332 E State St Floor Blue Garage,Columbus,OH,43215,39.961347,-82.991095,ChargePoint Network,public,E,0.0,2.0,0.0,J1772,2025-05-31,
397467,GMC GMC MOB BLUE 8,332 E State St,Columbus,OH,43215,39.961347,-82.991095,ChargePoint Network,public,E,0.0,2.0,0.0,J1772,2025-05-31,
397652,DLZ Corp - Cleveland,4208 Prospect Avenue East,Cleveland,OH,44103,41.502285920417144,-81.65660284608956,Blink Network,public,E,0.0,2.0,0.0,J1772,2025-06-04,
397655,LP FLATS LP FLATS 1,1401 Log Pond Dr,Newark,OH,43055,40.08506,-82.432813,ChargePoint Network,public,E,0.0,2.0,0.0,J1772,2025-06-04,
397700,Yark Ford- Series,5555 Central Avenue,Toledo,OH,43615,41.67553556632985,-83.67586505102426,Blink Network,public,E,0.0,3.0,0.0,J1772,2025-06-04,
397731,MONTGOMERY CNTY REIBOLD,117 South Main Street,Dayton,OH,45422,39.757277,-84.19148,ChargePoint Network,public,E,0.0,2.0,0.0,J1772,2025-06-05,
397787,255 at Union Station Apartments,2101 Railway Lane,Marysville,OH,43040,40.22959,-83.34181,Blink Network,public,E,0.0,12.0,0.0,J1772,2025-06-06,
397949,Mayfield Village Civic Center,6622 Wilson Mills Road,Mayfield,OH,44143,41.5380687,-81.4405971,FLO,public,E,0.0,0.0,1.0,CHADEMO J1772COMBO,2025-06-07,
398054,ROBERTS CENTRE UNIT 002,123 Gano Road,Wilmington,OH,45177,39.522536,-83.843003,ChargePoint Network,public,E,0.0,2.0,0.0,J1772,2025-06-10,
398055,ROBERTS CENTRE UNIT 001,123 Gano Road,Wilmington,OH,45177,39.52253,-83.843056,ChargePoint Network,public,E,0.0,2.0,0.0,J1772,2025-06-10,
398103,CHAMPION STATION 1,3111 Hayden Rd,Columbus,OH,43235,40.06766,-83.101225,ChargePoint Network,public,E,0.0,2.0,0.0,J1772,2025-06-11,
398107,CHAMPION STATION 3,3111 Hayden Rd,Columbus,OH,43235,40.067809,-83.101713,ChargePoint Network,public,E,0.0,1.0,0.0,J1772,2025-06-11,
398108,CHAMPION STATION 2,3111 Hayden Rd,Columbus,OH,43235,40.067659,-83.101243,ChargePoint Network,public,E,0.0,2.0,0.0,J1772,2025-06-11,
398249,Darke County Parks,404 North Ohio Street,Greenville,OH,45331,40.104486656528906,-84.6179342568125,Blink Network,public,E,0.0,2.0,0.0,J1772,2025-06-12,
398339,"Obetz, OH Rechargery @ Sheetz - Alum Creek Dr",4375 Alum Creek Dr,Obetz,OH,43207,39.878483,-82.931627,IONNA,public,E,0.0,0.0,8.0,J1772COMBO TESLA,2025-06-14,
399687,1111 Polaris Parkway,1111 Polaris Pkwy,Columbus,OH,43240,40.14223,-82.99614,LOOP,public,E,0.0,10.0,0.0,J1772,2024-08-27,OTHER
399689,550 E 4th St,550 E 4th St,Cincinnati,OH,45202,39.101742,-84.504204,LOOP,public,E,0.0,2.0,0.0,J1772,2024-06-12,OTHER
399693,Aspire Kenwood Apartments,4751 Aspire Blvd,Cincinnati,OH,45236,39.2041067231476,-84.3811208548265,LOOP,public,E,0.0,23.0,0.0,J1772,2024-06-06,OTHER
399694,Gage Crossing - 5927 Avery Woods Ave,5927 Avery Woods Ave,Dublin,OH,43016,40.073084,-83.156274,LOOP,public,E,0.0,4.0,0.0,J1772,2024-12-05,OTHER
399695,Germain Ford,2356 Heller Dr,Dayton,OH,45434,39.7084834473374,-84.022375131763,LOOP,public,E,0.0,12.0,6.0,J1772 J1772COMBO,2025-02-27,CAR_DEALER
399696,Germain Honda - Beavercreek,2300 Heller Dr,Beavercreek,OH,45434,39.70802,-84.02095,LOOP,public,E,0.0,5.0,2.0,J1772 J1772COMBO,2024-10-16,OTHER
400078,Strongsville Police Station,18780 Westwood Drive,Strongsville,OH,44136,41.3154139,-81.8336167,FLO,public,E,0.0,0.0,1.0,CHADEMO J1772COMBO,2025-06-20,
400128,OFFICE-LMRE #4 LMRE HQ,1 Cooperative Way,Spencer,OH,44275,41.10837,-82.124098,ChargePoint Network,public,E,0.0,2.0,0.0,J1772,2025-06-21,
400129,OFFICE-LMRE #5 LMRE HQ,1 Cooperative Way,Spencer,OH,44275,41.108428,-82.124114,ChargePoint Network,public,E,0.0,2.0,0.0,J1772,2025-06-21,
400153,ACPL CHARGER #2,30 Home Street,Athens,OH,45701,39.334884,-82.083367,ChargePoint Network,public,E,0.0,2.0,0.0,J1772,2025-06-21,
400574,LMH LMH ED LOT 2,1320 West Main Street,Newark,OH,43055,40.047557,-82.451556,ChargePoint Network,public,E,0.0,2.0,0.0,J1772,2025-06-24,
400649,CLOUD SENIOR CENTER,7251 Shull Road,Huber Heights,OH,45424,39.877749,-84.100227,ChargePoint Network,public,E,0.0,2.0,0.0,J1772,2025-06-25,
400689,Colony Lofts S7,2926 ProMedica Parkway,Toledo,OH,43606,41.67691828721707,-83.59353727453274,Blink Network,public,E,0.0,6.0,0.0,J1772,2025-06-25,
400723,Bellstores Wooster,220 S Columbus Rd,Wooster,OH,44691,40.795615938891,-81.94705643252,RED_E,public,E,0.0,0.0,2.0,J1772COMBO,2025-06-25,PUBLIC
404843,"Massillon, OH Rechargery @ Sheetz - Erie Ave SW",3544 Erie Ave SW,Massillon,OH,44646,40.757426,-81.515792,IONNA,public,E,0.0,0.0,8.0,J1772COMBO TESLA,2025-07-01,
405380,Maren Reserve,1274 Maren Street,Plain City,OH,43064,40.10449740445429,-83.29084750344721,Blink Network,public,E,0.0,2.0,0.0,J1772,2025-07-03,
405527,Remington Lake Apartments,11 Taylor Dr,HAMILTON,OH,45013,39.4333011,-84.593322,ABM,public,E,0.0,14.0,0.0,J1772,2025-07-06,
405542,University of Cincinnati - Corbett Dr,2540 Corbett Dr,Cincinnati,OH,45221,39.128998,-84.517938,Non-Networked,public,E,0.0,3.0,0.0,J1772,2024-07-01,COLLEGE_CAMPUS
405644,DACC EV CHARGER DACC-STATION 1,4565 Columbus Pike,Delaware,OH,43015,40.231391,-83.037674,ChargePoint Network,public,E,0.0,2.0,0.0,J1772 TESLA,2025-07-08,
405645,DACC EV CHARGER DACC-STATION 2,4565 Columbus Pike,Delaware,OH,43015,40.23133,-83.037689,ChargePoint Network,public,E,0.0,2.0,0.0,J1772 TESLA,2025-07-08,
405858,Sarchione Automotive,315 South Mill Street,Dalton,OH,44618,40.794305157833016,-81.6948500171129,Blink Network,public,E,0.0,3.0,2.0,J1772 J1772COMBO,2025-07-10,
405897,"IKEA Store 511 (Columbus, OH)",1900 Ikea Way,Columbus,OH,43240,40.1498,-82.96557,Electrify America,public,E,0.0,0.0,6.0,J1772COMBO,2025-07-11,
415746,"American Honda Motor Co, Inc",151 Commerce Center Blvd,Troy,OH,45373,40.0450738,-84.235754,AMPUP,public,E,0.0,12.0,0.0,J1772,2024-08-26,CAR_DEALER
415795,City of University Heights,2300 Warrensville Center Rd,University Heights,OH,44118,41.49759,-81.537264,AMPUP,public,E,0.0,2.0,0.0,J1772,2024-08-08,MUNI_GOV
416153,Store No - 060-XX021 - 10 E Central  Parkway,10 East Central Parkway,Cincinnati,OH,45202,39.107905712760314,-84.51423854767407,Blink Network,public,E,0.0,2.0,0.0,J1772,2025-07-14,
416338,HAMPTON TOLLS STATION 1,57 NE Catawba Rd,Port Clinton,OH,43452,41.525532,-82.857958,ChargePoint Network,public,E,0.0,2.0,0.0,J1772,2025-07-17,
416339,HAMPTON TOLLS STATION 2,57 NE Catawba Rd,Port Clinton,OH,43452,41.525541,-82.857964,ChargePoint Network,public,E,0.0,2.0,0.0,J1772,2025-07-17,
416380,KIA OF NEWARK CPF50,1475 Mt Vernon Rd,Newark,OH,43055,40.096734,-82.423965,ChargePoint Network,public,E,0.0,1.0,0.0,J1772,2025-07-18,
416381,KIA OF NEWARK CT4000,1475 Mt Vernon Rd,Newark,OH,43055,40.096768,-82.423207,ChargePoint Network,public,E,0.0,2.0,0.0,J1772,2025-07-18,
416382,KIA OF NEWARK ABB 1,1475 Mt Vernon Rd,Newark,OH,43055,40.096642,-82.423738,ChargePoint Network,public,E,0.0,0.0,1.0,J1772COMBO,2025-07-18,
416572,Project Bus,4448 Rickenbacker Pkwy,Columbus,OH,43217,39.793159,-82.9307778,NOODOE,public,E,0.0,8.0,0.0,J1772,2025-07-22,
416839,Beechmont Ford,600 Ohio Pike,Cincinnati,OH,45245,39.068265,-84.29639,FORD_CHARGE,public,E,0.0,0.0,4.0,J1772COMBO,2025-01-27,PUBLIC
416840,Ricart Ford,4255 S Hamilton Rd,Groveport,OH,43125,39.888487,-82.887765,FORD_CHARGE,public,E,0.0,0.0,2.0,J1772COMBO,2025-03-20,PUBLIC
416933,Whole Foods Orange Village (ORV),50 Wall St,Beachwood,OH,44122,41.450002,-81.486212,eVgo Network,public,E,0.0,0.0,4.0,CHADEMO J1772COMBO,2025-07-25,
416979,DONWOODAUTO DW FORD 4,2065 E State St,Athens,OH,45701,39.333097,-82.035347,ChargePoint Network,public,E,0.0,0.0,2.0,J1772COMBO,2025-07-25,
416983,DONWOODAUTO DW FORD 5,2065 E State St,Athens,OH,45701,39.333039,-82.035312,ChargePoint Network,public,E,0.0,0.0,2.0,J1772COMBO,2025-07-25,
416990,DONWOODAUTO DW FORD 6,2065 E State St,Athens,OH,45701,39.333089,-82.035301,ChargePoint Network,public,E,0.0,0.0,2.0,J1772COMBO,2025-07-25,
417228,Hugh White Nissan,250 Columbus Rd Ste D,Athens,OH,45701,39.3580306,-82.105991,IN_CHARGE,public,E,0.0,0.0,1.0,CHADEMO J1772COMBO,2023-07-11,CAR_DEALER
417249,TIFFIN FORD CHRG POINT 6000,2020 Ohio 18,Tiffin,OH,44883,41.10961,-83.209843,ChargePoint Network,public,E,0.0,2.0,0.0,J1772,2025-07-30,
417324,Akron General Medical Center (Bath) - Series 7,4125 Medina Rd,Akron,OH,44333,41.13692526068739,-81.65865678126889,Blink Network,public,E,0.0,6.0,0.0,J1772,2025-07-30,
417527,Oberlin College - Woodland Res Hall,150 Woodland St,Oberlin,OH,44074,41.295967,-82.222886,OpConnect,public,E,0.0,4.0,0.0,J1772,2025-08-05,
417670,HAMILTON OHIO 2216 S ERIE #1,2216 South Erie Boulevard,Hamilton,OH,45015,39.374376,-84.548295,ChargePoint Network,public,E,0.0,0.0,1.0,CHADEMO J1772COMBO,2025-08-08,
417671,HAMILTON OHIO 2216 S ERIE #2,2216 South Erie Boulevard,Hamilton,OH,45015,39.374391,-84.54823,ChargePoint Network,public,E,0.0,0.0,1.0,J1772COMBO TESLA,2025-08-08,
417672,HAMILTON OHIO 2216 S ERIE #4,2216 South Erie Boulevard,Hamilton,OH,45015,39.374364,-84.548184,ChargePoint Network,public,E,0.0,0.0,1.0,CHADEMO J1772COMBO,2025-08-08,
417673,HAMILTON OHIO 2216 S ERIE #3,2216 South Erie Boulevard,Hamilton,OH,45015,39.374372,-84.548236,ChargePoint Network,public,E,0.0,0.0,1.0,J1772COMBO TESLA,2025-08-08,
417711,City of Chardon Park Ave Trailhead,326 Park Avenue,Chardon,OH,44024,41.5781404,-81.208804,FLO,public,E,0.0,0.0,2.0,CHADEMO J1772COMBO,2025-08-08,
417983,One Government Center Parking Garage,640 Jackson St,Toledo,OH,43604,41.657847,-83.534294,AMPUP,public,E,0.0,1.0,0.0,J1772,2024-03-08,PARKING_GARAGE
417984,Eugene F. Kranz Toledo Express Airport,11013 Airport Hwy,Swanton,OH,43558,41.592936,-83.806261,POWERCHARGE,public,E,0.0,4.0,0.0,J1772,2024-01-17,PAY_LOT
419898,SWTCH Energy,69 N S St,Wilmington,OH,45177,39.44630051,-83.82879639,SWTCH,public,E,0.0,4.0,0.0,J1772,2025-06-16,
419900,SWTCH Energy,37 W Locust St,Wilmington,OH,45177,39.44680023,-83.82910156,SWTCH,public,E,0.0,4.0,0.0,J1772,2025-06-23,
419923,SWTCH Energy,495 Metro PI S,Dublin,OH,43017,40.09360123,-83.13210297,SWTCH,public,E,0.0,3.0,0.0,J1772,2025-06-30,OFFICE_BLDG
420061,SWTCH Energy,706 N Elm St,Coldwater,OH,45828,40.48699951,-84.6339035,SWTCH,public,E,0.0,4.0,0.0,J1772,2025-04-03,
420062,SWTCH Energy,707 Butler St,Coldwater,OH,45828,40.48749924,-84.63710022,SWTCH,public,E,0.0,2.0,0.0,J1772,2025-06-10,REC_SPORTS_FACILITY
420063,SWTCH Energy,610 W Sycamore St,Coldwater,OH,45828,40.47660065,-84.6339035,SWTCH,public,E,0.0,4.0,0.0,J1772,2025-05-12,PARKING_LOT
420130,Huntington Park Garage,1141 West 3rd Street,Cleveland,OH,44113,41.5041462,-81.69754,FLO,public,E,0.0,4.0,0.0,J1772,2025-08-19,
420832,HP Gov Pointe,4605 Duke Drive,Mason,OH,45040,39.3017366,-84.3067145,Blink Network,public,E,0.0,4.0,0.0,J1772,2022-06-08,
421152,KETTERING DELCO PARK 1,1700 Delco Park Drive,Kettering,OH,45420,39.704525,-84.130743,ChargePoint Network,public,E,0.0,2.0,0.0,J1772,2025-08-29,
421153,KETTERING DELCO PARK 2,1700 Delco Park Drive,Kettering,OH,45420,39.704539,-84.130933,ChargePoint Network,public,E,0.0,2.0,0.0,J1772,2025-08-29,
421158,BLOM ADMIN CANAL FSED 2,625 West Waterloo Street,Canal Winchester,OH,43110,39.854364,-82.820654,ChargePoint Network,public,E,0.0,1.0,0.0,J1772,2025-08-29,
421159,BLOM ADMIN CANAL FSED 3,625 West Waterloo Street,Canal Winchester,OH,43110,39.854464,-82.820828,ChargePoint Network,public,E,0.0,2.0,0.0,J1772,2025-08-29,
421160,BLOM ADMIN CANAL FSED 1,625 West Waterloo Street,Canal Winchester,OH,43110,39.854538,-82.820752,ChargePoint Network,public,E,0.0,2.0,0.0,J1772,2025-08-29,
421197,City Hall Parking Deck,132 North Elmwood Ave,Medina,OH,44256,41.139787,-81.865642,FLO,public,E,0.0,0.0,1.0,CHADEMO J1772COMBO,2025-08-29,
421287,PERRY proTECH - Toledo Branch,1270 Flagship Dr,Perrysburg,OH,43551,41.5353839,-83.645028,EVGATEWAY,public,E,0.0,2.0,0.0,J1772,2025-09-02,
421295,PERRY proTECH - Lima Branch,265 Commerce Pkwy,Lima,OH,45804,40.696857,-84.102407,EVGATEWAY,public,E,0.0,2.0,0.0,J1772,2025-09-02,
421389,City of Seven Hills City Hall,7325 Summit View Drive,Seven Hills,OH,44131,41.3674471,-81.6803761,FLO,public,E,0.0,2.0,1.0,CHADEMO J1772 J1772COMBO,2025-09-03,
421551,Coughlin Nissan,1459 Hebron Road,Heath,OH,43056,40.01178099345658,-82.4593745129726,Blink Network,public,E,0.0,4.0,0.0,J1772,2025-09-03,
421609,Kufleitner CDJR - DCFC,7901 Market Street,Boardman,OH,44512,41.00903822474571,-80.65998626127615,Blink Network,public,E,0.0,0.0,2.0,J1772COMBO TESLA,2025-09-04,
421636,SPECTRUMFINDLAY FINDLAYSPECTRUM,15840 Medical Drive South,Findlay,OH,45840,41.05939,-83.576391,ChargePoint Network,public,E,0.0,2.0,0.0,J1772 TESLA,2025-09-05,
421637,SPECTRUMFINDLAY LIMASPECTRUM,2300 Baton Rouge,Lima,OH,45805,40.770063,-84.144261,ChargePoint Network,public,E,0.0,2.0,0.0,J1772 TESLA,2025-09-05,
421753,HAMILTON OHIO 141 MARKET #2,141 Market Street,Hamilton,OH,45011,39.400674,-84.562897,ChargePoint Network,public,E,0.0,0.0,1.0,CHADEMO J1772COMBO,2025-09-09,
421754,HAMILTON OHIO 141 MARKET #1,141 Market Street,Hamilton,OH,45011,39.400635,-84.562826,ChargePoint Network,public,E,0.0,0.0,1.0,J1772COMBO TESLA,2025-09-09,
421781,Tallmadge Recreation Center,46 N Munroe Road,Tallmadge,OH,44278,41.101907,-81.414015,FLO,public,E,0.0,2.0,0.0,J1772,2025-09-09,
421782,Tallmadge Fire Station #2,735 Eastwood Avenue,Tallmadge,OH,44278,41.0839517,-81.4162932,FLO,public,E,0.0,2.0,0.0,J1772,2025-09-09,
421837,Columbiana CJD,100 Commerce Circle,Columbiana,OH,44408,40.89633252406262,-80.67907358827301,Blink Network,public,E,0.0,0.0,2.0,J1772COMBO TESLA,2025-09-09,
421838,Lorain County Transportation Center,40 East Avenue,Elyria,OH,44035,41.3681386,-82.1031205,FLO,public,E,0.0,2.0,0.0,J1772,2025-09-10,
421853,Hilton Easton,3900 Chagrin Drive,Columbus,OH,43219,40.04915127365546,-82.91197518995689,Blink Network,public,E,0.0,3.0,0.0,J1772,2025-09-10,
421862,GM DELIVERY CUSTOMER PARKIN,2596 W Michigan St,Sidney,OH,45365,40.28866,-84.195396,ChargePoint Network,public,E,0.0,0.0,1.0,CHADEMO J1772COMBO,2025-09-11,
422424,The Edge,1357 Edgehill Road,Columbus,OH,43212,39.9877639271101,-83.02947237461726,Blink Network,public,E,0.0,6.0,0.0,J1772,2025-09-17,
422586,Jake Sweeney Lebanon,917 Columbus Avenue,Lebanon,OH,45036,39.449141138143275,-84.18753242176086,Blink Network,public,E,0.0,0.0,2.0,J1772COMBO,2023-09-19,
422823,SCITECH SCITECHREV 1,1275 Kinnear Road,Columbus,OH,43212,39.997935,-83.0425,ChargePoint Network,public,E,0.0,2.0,0.0,J1772,2025-09-25,
422954,RB Hayes EV Charging,Spiegel Grove,Fremont,OH,43420,41.3417162,-83.1294517,NOODOE,public,E,0.0,2.0,0.0,J1772,2025-09-26,
423025,MORPC L02 CCW,101 Columbus Crew Way,Columbus,OH,43215,39.968273,-83.01851,ChargePoint Network,public,E,0.0,2.0,0.0,J1772,2025-09-27,
423026,MORPC L01 CCW,101 Columbus Crew Way,Columbus,OH,43215,39.96835,-83.01842,ChargePoint Network,public,E,0.0,2.0,0.0,J1772,2025-09-27,
423027,MORPC L03 CCW,101 Columbus Crew Way,Columbus,OH,43215,39.968307,-83.018467,ChargePoint Network,public,E,0.0,2.0,0.0,J1772,2025-09-27,
423028,MORPC L04 CCW,101 Columbus Crew Way,Columbus,OH,43215,39.968292,-83.01847,ChargePoint Network,public,E,0.0,2.0,0.0,J1772,2025-09-27,
429640,MORPC APG-6,101 Columbus Crew Way,Columbus,OH,43215,39.968282,-83.01851,ChargePoint Network,public,E,0.0,2.0,0.0,J1772,2025-10-10,
429644,MORPC APG-5,101 Columbus Crew Way,Columbus,OH,43215,39.968312,-83.018452,ChargePoint Network,public,E,0.0,2.0,0.0,J1772,2025-10-10,
429649,MORPC APG-8,101 Columbus Crew Way,Columbus,OH,43215,39.968291,-83.018471,ChargePoint Network,public,E,0.0,2.0,0.0,J1772,2025-10-10,
429650,MORPC APG-7,101 Columbus Crew Way,Columbus,OH,43215,39.968294,-83.01846,ChargePoint Network,public,E,0.0,2.0,0.0,J1772,2025-10-10,
429654,MORPC APG-10,101 Columbus Crew Way,Columbus,OH,43215,39.968296,-83.018484,ChargePoint Network,public,E,0.0,2.0,0.0,J1772,2025-10-10,
429655,MORPC APG-9,101 Columbus Crew Way,Columbus,OH,43215,39.968266,-83.0184,ChargePoint Network,public,E,0.0,2.0,0.0,J1772,2025-10-10,
429867,CLEVELAND FLEET CANAL BASIN 1,1575 Merwin Ave,Cleveland,OH,44113,41.494981,-81.701344,ChargePoint Network,public,E,0.0,2.0,0.0,J1772,2025-10-15,
429938,Miranova,2 Miranova Place,Columbus,OH,43215,39.95443916877642,-83.00592648996154,Blink Network,public,E,0.0,2.0,0.0,J1772,2025-10-15,
429944,CLEVELAND FLEET CANAL BASIN 2,1575 Merwin Ave,Cleveland,OH,44113,41.494963,-81.70136,ChargePoint Network,public,E,0.0,2.0,0.0,J1772,2025-10-16,
430024,North Point Garage,1111 East 9th Street,Cleveland,OH,44114,41.507977346281905,-81.69192580358131,Blink Network,public,E,0.0,4.0,0.0,J1772,2023-04-24,
433994,MIDDLEBERG H CPE250 #2,7700 Pearl Road,Middleburg Heights,OH,44130,41.357413,-81.818904,ChargePoint Network,public,E,0.0,0.0,1.0,CHADEMO J1772COMBO,2025-10-18,
434145,E BUILDING STATION 2,770 Clocktower Drive,Kirtland,OH,44094,41.637529,-81.361909,ChargePoint Network,public,E,0.0,2.0,0.0,J1772,2025-10-23,
434163,E BUILDING OABB-D5,7700 Clocktower Dr,Kirtland,OH,44094,41.638464,-81.363707,ChargePoint Network,public,E,0.0,2.0,0.0,J1772,2025-10-23,
434716,GRANGEEV37C STATION 01,641 S Front St,Columbus,OH,43206,39.948671,-83.000868,ChargePoint Network,public,E,0.0,2.0,0.0,J1772,2025-10-24,
434718,GRANGEEV37C STATION 02,610s S Front St,Columbus,OH,43215,39.94978,-82.998439,ChargePoint Network,public,E,0.0,2.0,0.0,J1772,2025-10-24,
434719,GRANGEEV37C STATION 03,610s S Front St,Columbus,OH,43215,39.949268,-82.999208,ChargePoint Network,public,E,0.0,2.0,0.0,J1772,2025-10-24,
434762,JEFF WYLER KIA COLERAIN DC,9189 Colerain Avenue,Cincinnati,OH,45251,39.236514,-84.592878,ChargePoint Network,public,E,0.0,0.0,1.0,CHADEMO J1772COMBO,2025-10-24,
435031,The Electrical Trades Center,947 Goodale Boulevard,Columbus,OH,43212,39.974199107620095,-83.02862846112494,Blink Network,public,E,0.0,10.0,0.0,J1772,2025-10-29,
438152,Holiday Inn Express - Columbus Airport - Easton (CMHAW),3030 Plaza Properties Blvd,Columbus,OH,43219,40.00327,-82.92746,ENVIROSPARK,public,E,0.0,6.0,0.0,J1772,2024-11-30,HOTEL
438161,Holiday Inn Express Columbus East (CMHPR),2806 Taylor Rd Extension,Reynoldsburg,OH,43068,39.93589,-82.78566,ENVIROSPARK,public,E,0.0,2.0,0.0,J1772,2024-11-30,HOTEL
438419,Midland Atlantic,7737 Kenwood Rd,Cincinnati,OH,45236,39.20192,-84.38099,ENVIROSPARK,public,E,0.0,14.0,0.0,J1772,2025-04-30,OFFICE_BLDG
439378,Embassy Suites North Canton Airport,7883 Freedom Ave NW,North Canton,OH,44720,40.89543,-81.42972,ENVIROSPARK,public,E,0.0,4.0,0.0,J1772,2024-05-31,HOTEL
439491,Harvard Road Garage,2501 Harvard Avenue,Newburgh Heights,OH,44105,41.4486533,-81.6725615,FLO,public,E,0.0,4.0,0.0,J1772,2025-11-01,
439842,Marion Franklin Branch,2800 Lockbourne Road,Columbus,OH,43207,39.90782862656248,-82.96609451035636,Blink Network,public,E,0.0,2.0,0.0,J1772,2025-11-06,
440829,"TA Lancaster Road, Hebron, OH",10679 Lancaster Road,Hebron,OH,43025,39.939107,-82.53541,BP_PULSE,public,E,0.0,0.0,8.0,J1772COMBO TESLA,2025-11-11,
440892,Mt. Orab CDJR INC - DCFC,110 Gabbard Way,Mount Orab,OH,45154,39.04239445640748,-83.92620581718057,Blink Network,public,E,0.0,0.0,2.0,J1772COMBO,2025-11-11,
445887,MAIN OFFICE1 STATION 2,6045 Bridgetown Rd,Cincinnati,OH,45248,39.157826,-84.647418,ChargePoint Network,public,E,0.0,2.0,0.0,J1772,2025-11-18,
445888,MAIN OFFICE1 STATION 1,6045 Bridgetown Rd,Cincinnati,OH,45248,39.157884,-84.647418,ChargePoint Network,public,E,0.0,2.0,0.0,J1772,2025-11-18,
445904,Pilot Travel Center 281,2786 Salt Springs Road,Girard,OH,44420,41.14057,-80.71917,eVgo Network,public,E,0.0,0.0,4.0,J1772COMBO,2025-11-19,
445930,TEXASROADHOUSE1 MAIN ST STATION,1554 Main St,Hamilton,OH,45013,39.429365,-84.599484,ChargePoint Network,public,E,0.0,2.0,0.0,J1772,2025-11-19,
446351,MORPC FRONT STREET 2,285 N Front St,Columbus,OH,43215,39.967381,-83.00402,ChargePoint Network,public,E,0.0,2.0,0.0,J1772,2025-11-25,
446406,MORPC FRONT STREET 1,285 N Front St,Columbus,OH,43215,39.967379,-83.004047,ChargePoint Network,public,E,0.0,2.0,0.0,J1772,2025-11-25,
446596,Gem City Market,324 Salem Ave,Dayton,OH,45406,39.765981,-84.209189,Non-Networked,public,E,0.0,1.0,0.0,J1772,2025-11-27,GROCERY
447238,METCLE RESIDENTIAL 2-4,1060 Bolivar Road,Cleveland,OH,44115,41.49851,-81.682447,ChargePoint Network,public,E,0.0,1.0,0.0,J1772,2025-12-11,
447239,METCLE RESIDENTIAL 2-2,1060 Bolivar Road,Cleveland,OH,44115,41.498831,-81.68263,ChargePoint Network,public,E,0.0,1.0,0.0,J1772,2025-12-11,
447241,METCLE RESIDENTIAL 2-1,1060 Bolivar Road,Cleveland,OH,44115,41.498681,-81.682463,ChargePoint Network,public,E,0.0,1.0,0.0,J1772,2025-12-11,
447243,METCLE PUBLIC 1-2,1123 Bolivar Rd,Cleveland,OH,44115,41.498573,-81.682886,ChargePoint Network,public,E,0.0,1.0,0.0,J1772,2025-12-11,
447244,METCLE PUBLIC 1-1,1060 Bolivar Road,Cleveland,OH,44115,41.498553,-81.682824,ChargePoint Network,public,E,0.0,1.0,0.0,J1772,2025-12-11,
447256,METCLE RESIDENTIAL 2-3,1060 Bolivar Road,Cleveland,OH,44115,41.498825,-81.682452,ChargePoint Network,public,E,0.0,1.0,0.0,J1772,2025-12-11,
447881,SALT FORK STATE SALT FORK EDC,R-21 Road,Lore city,OH,43755,40.089551,-81.467718,ChargePoint Network,public,E,0.0,2.0,0.0,J1772,2025-12-19,
448063,QuikTrip 7096 Dayton OH,2121 S Edwin C Moses Blvd,Dayton,OH,45417,39.733988822832,-84.20709709188,RED_E,public,E,0.0,0.0,4.0,J1772COMBO,2025-12-17,PUBLIC
448229,MIDDLEBERG H CUSTOMERPARKING,7700 Pearl Rd Floor 5 star Mit,Middleburg Heights,OH,44130,41.358385,-81.817506,ChargePoint Network,public,E,0.0,2.0,0.0,J1772,2025-12-24,
448244,BROWNHONDA STATION 1,5626 Central Avenue,Toledo,OH,43615,41.675891,-83.676718,ChargePoint Network,public,E,0.0,0.0,1.0,CHADEMO J1772COMBO,2025-12-24,
448245,BROWNHONDA STATION 2,5625 Central Avenue,Toledo,OH,43615,41.675865,-83.676716,ChargePoint Network,public,E,0.0,0.0,1.0,CHADEMO J1772COMBO,2025-12-24,
448307,Lewis Center,55 Meadow Park Ave,Lewis Center,OH,43035,40.1605828,-83.0186814,eVgo Network,public,E,0.0,0.0,6.0,J1772COMBO,2025-12-24,
448721,Independence Family Health Center,5001 Rockside Road,Independence,OH,44131,41.3989,-81.65549,Blink Network,public,E,0.0,6.0,0.0,J1772,2026-01-02,
448730,NAL EV CHARGER 5,785 Beech Road Southwest,Pataskala,OH,43062,40.054574,-82.75648,ChargePoint Network,public,E,0.0,2.0,0.0,J1772,2026-01-03,
448731,NAL EV CHARGER 4,785 Beech Road Southwest,Pataskala,OH,43062,40.054472,-82.756751,ChargePoint Network,public,E,0.0,2.0,0.0,J1772,2026-01-03,
448732,NAL EV CHARGER 2,785 Beech Road Southwest,Pataskala,OH,43062,40.054655,-82.756291,ChargePoint Network,public,E,0.0,2.0,0.0,J1772,2026-01-03,
448733,NAL EV CHARGER 1,785 Beech Road Southwest,Pataskala,OH,43062,40.054579,-82.756213,ChargePoint Network,public,E,0.0,2.0,0.0,J1772,2026-01-03,
448734,NAL EV CHARGER 3,785 Beech Road Southwest,Pataskala,OH,43062,40.054606,-82.75632,ChargePoint Network,public,E,0.0,2.0,0.0,J1772,2026-01-03,
449257,COTA STATION 1,6675 Shook Road,Columbus,OH,43217,39.829859,-82.94594,ChargePoint Network,public,E,0.0,1.0,0.0,J1772,2026-01-10,
449258,COTA STATION 2,6675 Shook Road,Columbus,OH,43217,39.829926,-82.945918,ChargePoint Network,public,E,0.0,1.0,0.0,J1772,2026-01-10,
449524,TRU EV CHARGER TRU1,17500 Rosbough Boulevard,Cleveland,OH,44130,41.374917,-81.820872,ChargePoint Network,public,E,0.0,2.0,0.0,J1772,2026-01-15,
449647,COTA STATION 3,6675 Shook Road,Columbus,OH,43217,39.830129,-82.945715,ChargePoint Network,public,E,0.0,1.0,0.0,J1772,2026-01-16,
449650,"Menards Avon 3357 (Avon, OH)",35700 Chester Rd,Avon,OH,44011,41.46781,-82.014,Electrify America,public,E,0.0,0.0,12.0,J1772COMBO,2026-01-16,
449658,150 Tallmadge Circle,150 Tallmadge Circle,Tallmadge,OH,44278,41.1017811,-81.4426541,FLO,public,E,0.0,2.0,0.0,J1772,2026-01-16,
449666,Lincoln Electric Training Center,22800 St Clair Ave,Euclid,OH,44117,41.58519097,-81.52224004,Non-Networked,public,E,0.0,0.0,3.0,J1772COMBO TESLA,2026-01-16,OFFICE_BLDG
449774,North Ridgeville City Hall - DC,7307 Avon Belden Road,North Ridgeville,OH,44039,41.3852548,-82.017054,FLO,public,E,0.0,0.0,1.0,CHADEMO J1772COMBO,2026-01-20,
449928,North Ridgeville City Hall,7307 Avon Belden Road,North Ridgeville,OH,44039,41.3852629,-82.0170754,FLO,public,E,0.0,2.0,0.0,J1772,2026-01-22,
449965,"Meijer West Chester, OH #147",7390 Tylersville Rd.,West Chester,OH,45069,39.356436,-84.375175,eVgo Network,public,E,0.0,0.0,4.0,J1772COMBO,2026-01-23,
449969,"Meijer Troy, OH #112",1900 W. Main St.,Troy,OH,45373,40.05468,-84.24318,eVgo Network,public,E,0.0,0.0,4.0,J1772COMBO,2026-01-23,
449971,"Meijer Brimfield Twp, OH #317",247 Tallmadge Rd.,Kent,OH,44240,41.1015893,-81.383764,eVgo Network,public,E,0.0,0.0,4.0,J1772COMBO,2026-01-23,
450114,BLOM ADMIN BING SURFACE 2,550 Thomas Lane,Columbus,OH,43214,40.032767,-83.033023,ChargePoint Network,public,E,0.0,2.0,0.0,J1772,2026-01-27,
450746,COPPER1 STATION 1,17769 OH-31,Marysville,OH,43040,40.257164,-83.374134,ChargePoint Network,public,E,0.0,2.0,0.0,J1772,2026-02-05,
450922,Pilot Travel Center 213,3600 Interchange Road,Columbus,OH,43204,39.97308,-83.09956,eVgo Network,public,E,0.0,0.0,6.0,J1772COMBO,2026-02-07,
451005,VC ACRES VC ACRES 1,7181 N Hamilton Rd,Columbus,OH,43081,40.107859,-82.847682,ChargePoint Network,public,E,0.0,2.0,0.0,J1772,2026-02-11,
451006,VC ACRES VC ACRES 2,7181 N Hamilton Rd,Westerville,OH,43081,40.108022,-82.848171,ChargePoint Network,public,E,0.0,2.0,0.0,J1772,2026-02-11,
451592,BLOM ADMIN BING SURFACE 3,550 Thomas Lane,Columbus,OH,43214,40.032848,-83.03301,ChargePoint Network,public,E,0.0,2.0,0.0,J1772,2026-02-19,
451731,BLOM ADMIN BING SURFACE 1,550 Thomas Lane,Columbus,OH,43214,40.032848,-83.033001,ChargePoint Network,public,E,0.0,2.0,0.0,J1772,2026-02-21,
451853,Towpath Service Plaza,10037 Broadview Rd,Broadview Heights,OH,44147,41.29235,-81.67631,APPLEGREEN,public,E,0.0,0.0,4.0,J1772COMBO TESLA,2026-01-06,REST_STOP
451854,Great Lakes Service Plaza,2000 E Edgerton Rd,Broadview Heights,OH,44147,41.29182,-81.67072,APPLEGREEN,public,E,0.0,0.0,4.0,J1772COMBO TESLA,2026-01-06,REST_STOP
451855,Glacier Hills Service Plaza,Ohio Turnpike Milepost 237.2 E,New Springfield,OH,44443,40.93893,-80.58811,APPLEGREEN,public,E,0.0,0.0,4.0,J1772COMBO TESLA,2026-01-06,REST_STOP
451856,Mahoning Valley Service Plaza,Ohio Turnpike Milepost 237.2 W,New Springfield,OH,44443,40.94022,-80.58507,APPLEGREEN,public,E,0.0,0.0,4.0,J1772COMBO TESLA,2026-01-06,REST_STOP
452237,CPR EV CHARGER EV CHARGER,2117 Dana Avenue,Cincinnati,OH,45207,39.145002,-84.460778,ChargePoint Network,public,E,0.0,2.0,0.0,J1772 TESLA,2026-04-01,
452305,WELSH HILLS INN WELSH HILLS INN,2133 Cambria Mill Rd.,Granville,OH,43023,40.108723,-82.498634,ChargePoint Network,public,E,0.0,1.0,0.0,J1772,2026-03-03,
452510,1651 S. Elm St.,1651 S. Elm St.,West Carollton,OH,45449,39.650272,-84.237758,SYNERGEV,public,E,0.0,4.0,0.0,J1772,2026-03-04,
453131,3401 Morse Crossing,3401 Morse Crossing,Columbus,OH,43219,40.04297582587,-82.9189013892642,LOOP,public,E,0.0,10.0,0.0,J1772,2025-10-28,OTHER
453144,Alkire Meadows,4300 Alkire Rd,Columbus,OH,43228,39.91392,-83.11056,LOOP,public,E,0.0,2.0,0.0,J1772,2025-07-31,OTHER
453239,JPMC Vision,3415 Vision Dr,Columbus,OH,43219,40.0429800258729,-82.9213867744061,LOOP,public,E,0.0,40.0,0.0,J1772,2025-11-06,OTHER
453240,Kendall 769 Center Dr,769 Center Dr,Vandalia,OH,45377,39.8858805502106,-84.186236432479,LOOP,public,E,0.0,2.0,0.0,J1772,2025-06-10,OTHER
453326,THS LEVIS 1,5501 South Wilkinson Way,Perrysburg,OH,43551,41.523047,-83.641256,ChargePoint Network,public,E,0.0,2.0,0.0,J1772,2026-03-08,
453327,THS LEVIS 2,5501 South Wilkinson Way,Perrysburg,OH,43551,41.52309,-83.641259,ChargePoint Network,public,E,0.0,2.0,0.0,J1772,2026-03-08,
453328,THS LEVIS 3,5501 South Wilkinson Way,Perrysburg,OH,43551,41.523196,-83.641251,ChargePoint Network,public,E,0.0,2.0,0.0,J1772,2026-03-08,
453484,Symmes Township Branch,11850 Enyart Rd,Loveland,OH,45140,39.285009,-84.31019,NOODOE,public,E,0.0,5.0,0.0,J1772,2026-03-27,
454141,"Cambridge, OH Rechargery Relay - Southgate Rd",61600 Southgate Rd,Cambridge,OH,43725,39.995699,-81.573693,IONNA,public,E,0.0,0.0,8.0,J1772COMBO TESLA,2026-03-14,
454144,#1 Cochran Ford Austintown,4702 Mahoning Ave,Youngstown,OH,44515,41.101291,-80.741272,FORD_CHARGE,public,E,0.0,0.0,4.0,J1772COMBO,2026-03-13,PUBLIC
454173,Urban Community School,2025 West 47th Street,Cleveland,OH,44102,41.4774469,-81.7187466,Blink Network,public,E,0.0,2.0,0.0,J1772,2026-03-16,
454179,"Lima, OH Rechargery Relay @ Wawa - W Breese Rd",1355 W Breese Rd,Lima,OH,45804,40.686131,-84.128394,IONNA,public,E,0.0,0.0,18.0,J1772COMBO TESLA,2026-03-17,
454250,"Menards Columbus 3280 (Columbus, OH)",6800 E Broad St,Columbus,OH,43213,39.98217,-82.8221,Electrify America,public,E,0.0,0.0,12.0,J1772COMBO,2026-03-18,
455344,Array Springdale,1911 Sheraton LN,Cincinnati,OH,45246,39.297057,-84.486199,CHARGELAB,public,E,0.0,6.0,0.0,J1772,2026-03-18,
455712,Summit County Public Health,1867 W Market St,Akron,OH,44313,41.114487,-81.573932,CHARGELAB,public,E,0.0,0.0,4.0,J1772COMBO,2026-03-18,
456311,Mercer Commons Garage,5 Mercer St,Cincinnati,OH,45202,39.1101473,-84.5145534,EVGATEWAY,public,E,0.0,6.0,0.0,J1772,2026-03-24,
456728,Deacons Chrysler Dodge Jeep Ram,835 SOM Center Road,Mayfield Village,OH,44143,41.538388,-81.438033,SYNERGEV,public,E,0.0,0.0,2.0,J1772COMBO,2026-04-01,
457101,VC YARD VC YARD 1,1000 North Kuther Road,Sidney,OH,45365,40.291732,-84.20667,ChargePoint Network,public,E,0.0,2.0,0.0,J1772 TESLA,2026-04-04,
457102,VC YARD VC YARD 2,1000 North Kuther Road,Sidney,OH,45365,40.291689,-84.206643,ChargePoint Network,public,E,0.0,2.0,0.0,J1772 TESLA,2026-04-04,
457333,Stonemill,"1070 Ghent Road, Line 2",Akron,OH,44333,41.153088,-81.6339257,DIRT_ROAD,public,E,0.0,0.0,2.0,J1772COMBO,2026-04-09,
457350,Sandvik Cleveland,1214 Marquette,Cleveland,OH,44114,41.5236045,-81.6575699,DIRT_ROAD,public,E,0.0,2.0,0.0,J1772,2026-04-09,
457490,COPPER1 GARAGE 18,264 Township Hwy 143,Marysville,OH,43040,40.255719,-83.376368,ChargePoint Network,public,E,0.0,2.0,0.0,J1772,2026-04-11,
457606,VAN AKEN DIST EV 1,3401 tuttle rd,Shaker Heights,OH,44122,41.467186,-81.536635,ChargePoint Network,public,E,0.0,2.0,0.0,J1772 TESLA,2026-04-14,
457790,JEFF WYLER HOC NE EXP 250,8810 Colerain Avenue,Cincinnati,OH,45251,39.232141,-84.589369,ChargePoint Network,public,E,0.0,0.0,1.0,CHADEMO J1772COMBO,2026-04-17,
457944,Valley Ford of Columbus,5575 Keim Cir,Columbus,OH,43228,39.980216,-83.1536,FORD_CHARGE,public,E,0.0,0.0,4.0,J1772COMBO,2026-02-25,PUBLIC
458075,5th and Race Garage,120 W 5th St,Cincinnati,OH,45202,39.1015496,-84.51535129999999,EVGATEWAY,public,E,0.0,10.0,0.0,J1772,2026-04-23,
458076,Fountain Square Garage,520 Vine St,Cincinnati,OH,45202,39.1017693,-84.5127768,EVGATEWAY,public,E,0.0,10.0,0.0,J1772,2026-04-23,
458077,Washington Park Garage,1310 Elm St,Cincinnati,OH,45202,39.1094043,-84.5181842,EVGATEWAY,public,E,0.0,8.0,0.0,J1772,2026-04-23,
458078,1400 Vine St. Parking Lot,1400 Vine St,Cincinnati,OH,45202,39.1110615,-84.51533189999999,EVGATEWAY,public,E,0.0,6.0,0.0,J1772,2026-04-23,
458155,CCPLWVH1 CCPLPAH1,6200 Pearl Road,Parma Heights,OH,44130,41.394134,-81.761018,ChargePoint Network,public,E,0.0,2.0,0.0,J1772,2026-04-24,
458939,Copley MB.HPC,4161 Heritage Center Drive,Copley,OH,44321,41.134861,-81.658892,MERCEDES_BENZ,public,E,0.0,0.0,8.0,J1772COMBO TESLA,2026-05-06,
459309,Paragon Ranch,11600 Grooms Rd,Cincinnati,OH,45242,39.2793193,-84.3667216,EVOKE,public,E,0.0,4.0,0.0,J1772,2025-12-15,MULTI_UNIT_DWELLING
459361,Aspire Kenwood - Parking Garage,7974 Aspire Blvd,Cincinnati,OH,45236,39.2038931,-84.3814742,EVOKE,public,E,0.0,19.0,0.0,J1772,2025-08-28,PARKING_GARAGE
459392,YALCARS CHARGEPOINT EV,152 Continental Drive,Salem,OH,44460,40.902066,-80.824977,ChargePoint Network,public,E,0.0,2.0,0.0,J1772 TESLA,2026-05-09,
459629,Warner Middle School,600 Buckskin Trail,Xenia,OH,45385,39.6787407,-83.9571649,EVGATEWAY,public,E,0.0,6.0,0.0,J1772,2026-05-14,
459714,BUCKINGHAMEV CONTRAST OTR 2,1617 Elm St,Cincinnati,OH,45202,39.113375,-84.519536,ChargePoint Network,public,E,0.0,2.0,0.0,J1772,2026-05-16,
459892,JEFF WYLER EXPRESS 250,8810 Colerain Avenue,Cincinnati,OH,45251,39.232185,-84.589504,ChargePoint Network,public,E,0.0,0.0,1.0,CHADEMO J1772COMBO,2026-05-20,
459895,TSCC TERRACH1 LEFT,2830 Napoleon Road,Fremont,OH,43420,41.354926,-83.158398,ChargePoint Network,public,E,0.0,2.0,0.0,J1772 TESLA,2026-05-20,
459909,TSCC TERRACH1 RIGHT,2830 Napoleon Rd,Fremont,OH,43420,41.349349,-83.155822,ChargePoint Network,public,E,0.0,2.0,0.0,J1772 TESLA,2026-05-20,
459967,FIRSTENERGY A-BRSC-L1,3601 Ridge Rd,Cleveland,OH,44102,41.45616,-81.736368,ChargePoint Network,public,E,0.0,2.0,0.0,J1772,2026-05-22,
460045,AAA Car Care Plus Grandview,686 Grandview Ave,Columbus,OH,43215,39.971206,-83.045554,CHARGEUP,public,E,0.0,1.0,0.0,J1772,2026-05-22,
460156,WRH SOUTH 1,1900 23rd St,Cuyahoga Falls,OH,44223,41.133683,-81.510023,ChargePoint Network,public,E,0.0,2.0,0.0,J1772,2026-05-27,
460157,WRH NORTH 1,1900 23rd st,Cuyahoga Falls,OH,44223,41.133731,-81.510028,ChargePoint Network,public,E,0.0,2.0,0.0,J1772,2026-05-27,
460243,North College Hill Admin Bldg - Phase 2,1500 W. Galbraith Road,Cincinnati,OH,45231,39.217678,-84.542267,FLO,public,E,0.0,4.0,0.0,J1772,2026-05-28,
460244,Findlay Community Center Lot,19 West Elder Street,Cincinnati,OH,45202,39.1153264,-84.5174023,NOODOE,public,E,0.0,4.0,0.0,J1772,2026-06-03,
460404,BUCKINGHAMEV CONTRAST OTR 1,1617 Elm St,Cincinnati,OH,45202,39.113389,-84.519541,ChargePoint Network,public,E,0.0,2.0,0.0,J1772,2026-05-30,
460447,EV STATION LSQ STATION 2,5101 Bridewell St,Hilliard,OH,43026,40.061439,-83.156288,ChargePoint Network,public,E,0.0,2.0,0.0,J1772,2026-05-30,
460699,KENT FREE LIB KENT FREE LIBRA,143 River Street,Kent,OH,44240,41.152831,-81.361396,ChargePoint Network,public,E,0.0,2.0,0.0,J1772,2026-06-05,
460766,"Menards Kent 3371 (Kent, OH)",4161 Maplecrest Pkwy,Kent,OH,44240,41.10185,-81.38679,Electrify America,public,E,0.0,0.0,12.0,J1772COMBO,2026-06-06,
460928,EV STATION LSQ NF UDF,5139 Raglan Street 5155 Ragian St.,Hilliard,OH,43026,40.061918,-83.157693,ChargePoint Network,public,E,0.0,2.0,0.0,J1772,2026-06-11,
461087,Klaben Lincoln in Kent,1238 West Main Street,Kent,OH,44240,41.152048,-81.387971,Blink Network,public,E,0.0,4.0,0.0,J1772,2024-09-18,
461327,"Oregon, OH - Tesla Supercharger",2839 N Curtice Rd,Curtice,OH,43412,41.617484,-83.48179,Tesla,public,E,0.0,0.0,12.0,TESLA,2025-09-09,GROCERY
461421,WESTERVILLE CITY HALL 4,21 S State Street,Westerville,OH,43081,40.124444,-82.932123,ChargePoint Network,public,E,0.0,2.0,0.0,J1772 TESLA,2026-06-20,
461422,WESTERVILLE CITY HALL 3,21 S State Street,Westerville,OH,43081,40.124496,-82.932086,ChargePoint Network,public,E,0.0,2.0,0.0,J1772 TESLA,2026-06-20,
461559,The Station at Trolly District S7's,1599 Oak Street,Columbus,OH,43205,39.96229021939151,-82.95749976096052,Blink Network,public,E,0.0,4.0,0.0,J1772,2025-06-22,
461683,SARTA CHARGERS MASSILLON,227 Tommy Henrich Dr NW,Massillon,OH,44647,40.797325,-81.52792,ChargePoint Network,public,E,0.0,2.0,0.0,J1772,2026-06-24,
461771,Columbus MB.HPC,7990 State Route 37 E,Sunbury,OH,43074,40.265434,-82.920124,MERCEDES_BENZ,public,E,0.0,0.0,6.0,J1772COMBO TESLA,2026-06-24,
462149,Acura Dublin Bridge Park,4340 West Dublin-Granville Road,Dublin,OH,43017,40.100673564325675,-83.10760871095378,Blink Network,public,E,0.0,2.0,0.0,J1772,2026-06-24,
462176,SPRING HILL ONE,6402 Milan Rd,Sandusky,OH,44870,41.393736,-82.649712,ChargePoint Network,public,E,0.0,2.0,0.0,J1772,2026-06-25,
462177,SPRING HILL THREE,6300 Milan Rd,Sandusky,OH,44870,41.393736,-82.649594,ChargePoint Network,public,E,0.0,2.0,0.0,J1772,2026-06-25,
462178,SPRING HILL TWO,6300 Milan Rd,Sandusky,OH,44870,41.393768,-82.649412,ChargePoint Network,public,E,0.0,2.0,0.0,J1772,2026-06-25,
462237,Coastal Ridge Real Estate,9060 Heirloom Lane,Reynoldsburg,OH,43068,39.977567,-82.760323,Blink Network,public,E,0.0,2.0,0.0,J1772,2024-07-25,
463229,1250 Mead Rd,1250 Mead Rd,Bellbrook,OH,45305,39.65436,-84.03421,LOOP,public,E,0.0,2.0,0.0,J1772,2025-08-11,OTHER
463251,Baumann Ford Genoa,22110 Ohio 51,Genoa,OH,43430,41.531733838171334,-83.3606234178658,Blink Network,public,E,0.0,0.0,4.0,J1772COMBO,2026-07-07,
463331,Jeff Wyler Honda - Colerain,8950 Colerain Ave,Cincinnati,OH,45251,39.2343059603957,-84.5903739051014,Non-Networked,public,E,0.0,0.0,1.0,J1772COMBO,2025-10-10,CAR_DEALER
463340,Baumann Ford Genoa,22110 OH-51,Genoa,OH,43430,41.5318369254433,-83.3603073076742,Non-Networked,public,E,0.0,0.0,2.0,J1772COMBO,2026-07-15,CAR_DEALER
463461,GENESIS OF MENT OUTSIDE S,8494 Tyler Blvd,Mentor,OH,44060,41.683416,-81.335386,ChargePoint Network,public,E,0.0,0.0,1.0,CHADEMO J1772COMBO,2026-07-10,
463462,GENESIS OF MENT OUTSIDE N,8490 Tyler Blvd,Mentor,OH,44060,41.683685,-81.335632,ChargePoint Network,public,E,0.0,0.0,1.0,CHADEMO J1772COMBO,2026-07-10,
463463,GENESIS OF MENT SHOWROOM EAST,8494 Tyler Blvd,Mentor,OH,44060,41.683624,-81.33538,ChargePoint Network,public,E,0.0,1.0,0.0,J1772,2026-07-10,
463464,GENESIS OF MENT SERVICE MIDDLE,8494 Tyler Blvd,Mentor,OH,44060,41.683466,-81.335109,ChargePoint Network,public,E,0.0,1.0,0.0,J1772,2026-07-10,
463465,GENESIS OF MENT DELIVERY BAY,8494 Tyler Blvd,Mentor,OH,44060,41.683582,-81.335278,ChargePoint Network,public,E,0.0,1.0,0.0,J1772,2026-07-10,
463480,Dutro Ford,132 S 5th St,Zanesville,OH,43701,39.9369077,-82.006393,FORD_CHARGE,public,E,0.0,0.0,2.0,J1772COMBO,2026-07-09,PUBLIC
463481,Dutro Ford,132 S 5th St,Zanesville,OH,43701,39.937403,-82.005737,FORD_CHARGE,public,E,0.0,0.0,2.0,J1772COMBO,2026-07-09,PUBLIC
463492,Walmart EV Charging,4000 Red Bank Rd,Cincinnati,OH,45227,39.148747,-84.402598,WALMART,public,E,0.0,0.0,8.0,J1772COMBO TESLA,2026-06-30,SHOPPING_CENTER
463652,UMU 149 E Simpson,149 East Simpson Street,Alliance,OH,44601,40.9049598,-81.1040333,FLO,public,E,0.0,1.0,0.0,J1772,2026-07-15,
463900,AKRON METRO RTA METRO PUBLIC DC,310 Kenmore Boulevard,Akron,OH,44301,41.051695,-81.538534,ChargePoint Network,public,E,0.0,0.0,1.0,CHADEMO J1772COMBO,2026-07-22,
465055,Pioneer Coffee - Tesla Supercharger (Pioneer Coffee),60 Lincolnview Dr,Dalton,OH,44618,40.795804,-81.696208,Tesla,public,E,0.0,0.0,4.0,J1772COMBO TESLA,2026-07-24,RESTAURANT
465337,LCK63 0B97A0,8619 Industrial Pkwy,Plain City,OH,43064,40.136383,-83.211069,ChargePoint Network,public,E,0.0,2.0,0.0,J1772,2026-07-31,
465615,Coughlin Kia of Dublin,7770 Weldon Road,Plain City,OH,43064,40.11590097969391,-83.1810420897893,Blink Network,public,E,0.0,0.0,2.0,J1772COMBO,2026-08-05,
465816,WOOSTER PD03 PD04,3401 Old Airport Rd,Wooster,OH,44691,40.83817,-81.906671,ChargePoint Network,public,E,0.0,2.0,0.0,J1772,2026-08-11,
466003,City Express Findlay OH,941 Interstate Drive,Findlay,OH,45840,41.061059,-83.669128,EV Connect,public,E,0.0,2.0,0.0,J1772,2026-08-12,
466110,Lake County Admin-105 Main Street,105 Main Street,Painesville,OH,44077,41.7260162,-81.2440885,FLO,public,E,0.0,0.0,1.0,CHADEMO J1772COMBO,2026-08-14,
466176,PNC CENTER GARG RIGHT SIDE,8100 Mohawk Dr,Strongsville,OH,44136,41.349761,-81.812708,ChargePoint Network,public,E,0.0,2.0,0.0,J1772,2026-08-15,
466177,PNC CENTER GARG LEFT SIDE,8100 Mohawk Dr,Strongsville,OH,44136,41.349845,-81.812617,ChargePoint Network,public,E,0.0,2.0,0.0,J1772,2026-08-15,
466247,SOUTH EUCLID BEXLEY PARK #2,1630 Wrenford Road,South Euclid,OH,44121,41.514575,-81.530133,ChargePoint Network,public,E,0.0,2.0,0.0,J1772 TESLA,2026-08-18,
