Fuel Type Code,Station Name,Street Address,Intersection Directions,City,State,ZIP,Plus4,Station Phone,Status Code,Expected Date,Groups With Access Code,Access Days Time,Cards Accepted,BD Blends,NG Fill Type Code,NG PSI,EV Level1 EVSE Num,EV Level2 EVSE Num,EV DC Fast Count,EV Other Info,EV Network,EV Network Web,Geocode Status,Latitude,Longitude,Date Last Confirmed,ID,Updated At,Owner Type Code,Federal Agency ID,Federal Agency Name,Open Date,Hydrogen Status Link,NG Vehicle Class,LPG Primary,E85 Blender Pump,EV Connector Types,Country,Intersection Directions (French),Access Days Time (French),BD Blends (French),Groups With Access Code (French),Hydrogen Is Retail,Access Code,Access Detail Code,Federal Agency Code,Facility Type,CNG Dispenser Num,CNG On-Site Renewable Source,CNG Total Compression Capacity,CNG Storage Capacity,LNG On-Site Renewable Source,E85 Other Ethanol Blends,EV Pricing,EV Pricing (French),LPG Nozzle Types,Hydrogen Pressures,Hydrogen Standards,CNG Fill Type Code,CNG PSI,CNG Vehicle Class,LNG Vehicle Class,EV On-Site Renewable Source,Restricted Access,RD Blends,RD Blends (French),RD Blended with Biodiesel,RD Maximum Biodiesel Level,NPS Unit Name,CNG Station Sells Renewable Natural Gas,LNG Station Sells Renewable Natural Gas,Maximum Vehicle Class,EV Workplace Charging,Funding Sources
ELEC,Baker Electric Building,7100 Euclid Ave,Euclid Avenue and E 71st St,Cleveland,OH,44103,,216-407-7580,E,,Public,24 hours daily,,,,,,1,,,Non-Networked,,200-9,41.503373,-81.639054,2024-12-10,37097,2026-07-06 18:25:56 UTC,P,,,2010-12-15,,,,,J1772,US,,,,Public,,public,,,PARKING_LOT,,,,,,,Free,,,,,,,,,,false,,,,,,,,MD,false,
ELEC,Ohio Statehouse Parking Garage,60 E State St,"Capitol Square. Green level of garage, managed by the Capitol Square Review and Advisory Board",Columbus,OH,43215,,614-728-2564,E,,Public,24 hours daily; pay lot,,,,,,8,,,Non-Networked,,200-8,39.960356,-82.998458,2025-12-12,42640,2026-02-02 23:16:24 UTC,SG,,,2011-11-04,,,,,J1772,US,,,,Public,,public,,,PARKING_GARAGE,,,,,,,Free,,,,,,,,,,false,,,,,,,,LD,false,
ELEC,Fred Martin Nissan,3388 S Arlington Rd,,Akron,OH,44312,,330-644-8888,E,,Private,,,,,,,1,,,Non-Networked,,GPS,40.978893,-81.493317,2026-01-13,45709,2026-02-02 23:16:24 UTC,P,,,2012-01-31,,,,,J1772,US,,,,Privé,,private,,,CAR_DEALER,,,,,,,,,,,,,,,,,,,,,,,,,,false,
ELEC,Jeff Schmitt Nissan,725 Alpha Rd,,Beavercreek,OH,45434,,937-306-0041,E,,Private,Dealership business hours; dealership use only,,,,,,2,,,Non-Networked,,GPS,39.708729,-84.02608,2026-01-13,45711,2026-02-02 23:16:24 UTC,P,,,2012-01-31,,,,,J1772,US,,,,Privé,,private,,,CAR_DEALER,,,,,,,,,,,,,,,,,,,,,,,,,LD,false,
ELEC,Bedford Nissan,18115 Rockside Rd,,Bedford,OH,44146,,440-439-5785,E,,Private,,,,,,,1,,,Non-Networked,,GPS,41.401791,-81.552277,2026-01-13,45713,2026-02-02 23:16:24 UTC,P,,,2012-01-31,,,,,J1772,US,,,,Privé,,private,,,CAR_DEALER,,,,,,,,,,,,,,,,,,,,,,,,,,false,
ELEC,Boardman Nissan,7809 Market St,,Boardman,OH,44512,,,E,,Private,,,,,,,1,,,Non-Networked,,GPS,41.010895132,-80.661599301,2026-01-13,45715,2026-02-02 23:16:24 UTC,P,,,2012-01-31,,,,,J1772,US,,,,Privé,,private,,,CAR_DEALER,,,,,,,,,,,,,,,,,,,,,,,,,LD,false,
ELEC,Thayer Nissan,18039 N Dixie Hwy,,Bowling Green,OH,43402,,419-353-5271,E,,Public - Call ahead,Dealership business hours,,,,,,1,,,Non-Networked,,200-8,41.41606,-83.65173,2024-02-12,45716,2025-02-12 00:16:32 UTC,P,,,2012-01-31,,,,,J1772,US,,,,Public - Appeler à l'avance,,public,CALL,,CAR_DEALER,,,,,,,Free,,,,,,,,,,false,,,,,,,,LD,false,
ELEC,Thayer Nissan,18039 N Dixie Hwy,,Bowling Green,OH,43402,,419-353-5271,E,,Private,,,,,,,1,,,Non-Networked,,200-8,41.41606,-83.65173,2024-02-12,45717,2025-02-12 00:16:32 UTC,P,,,2012-01-31,,,,,J1772,US,,,,Privé,,private,,,CAR_DEALER,,,,,,,,,,,,,,,,,,,,,,,,,,false,
ELEC,Busam Motor Sales,1501 E Kemper Rd,,Cincinnati,OH,45246,,513-771-8100,E,,Public - Call ahead,Dealership business hours; must ask for charger to be turned on inside,,,,,,1,,,Non-Networked,,200-9,39.285136,-84.447192,2024-02-12,45718,2025-02-12 00:16:32 UTC,P,,,2012-12-01,,,,,J1772,US,,,,Public - Appeler à l'avance,,public,CALL,,CAR_DEALER,,,,,,,Free,,,,,,,,,,false,,,,,,,,LD,false,
ELEC,Busam Motor Sales,1501 E Kemper Rd,,Cincinnati,OH,45246,,513-771-8100,E,,Private,,,,,,,1,,,Non-Networked,,200-9,39.285136,-84.447192,2024-02-12,45719,2025-02-12 00:16:32 UTC,P,,,2012-01-31,,,,,J1772,US,,,,Privé,,private,,,CAR_DEALER,,,,,,,,,,,,,,,,,,,,,,,,,,false,
ELEC,Jeff Wyler Nissan - Cincinnati,8680 Colerain Ave,,Cincinnati,OH,45251,,855-444-1160,E,,Public - Call ahead,Dealership business hours; Nissan Leafs only,,,,,,1,,,Non-Networked,,200-9,39.228991,-84.588623,2024-02-12,45720,2025-02-12 00:16:32 UTC,P,,,2011-11-29,,,,,J1772,US,,,,Public - Appeler à l'avance,,public,CALL,,CAR_DEALER,,,,,,,Free,,,,,,,,,,true,,,,,,,,,false,
ELEC,Jeff Wyler Nissan - Cincinnati,8680 Colerain Ave,,Cincinnati,OH,45251,,855-444-1160,E,,Private,,,,,,,1,2,,Non-Networked,,200-9,39.228991,-84.588623,2024-02-12,45721,2025-02-12 00:16:32 UTC,P,,,2011-11-29,,,,,CHADEMO J1772 J1772COMBO,US,,,,Privé,,private,,,CAR_DEALER,,,,,,,,,,,,,,,,,,,,,,,,,,false,
ELEC,Kings Nissan,9819 Kings Auto Mall Rd,,Cincinnati,OH,45249,,513-697-9770,E,,Private,,,,,,,1,,,Non-Networked,,GPS,39.295655,-84.311394,2026-01-13,45723,2026-02-02 23:16:24 UTC,P,,,2012-01-31,,,,,J1772,US,,,,Privé,,private,,,CAR_DEALER,,,,,,,,,,,,,,,,,,,,,,,,,,false,
ELEC,Germain Nissan,4300 Morse Rd,,Columbus,OH,43230,,614-418-4500,E,,Private,,,,,,,1,,,Non-Networked,,200-8,40.05704,-82.88562,2026-01-13,45725,2026-02-02 23:16:24 UTC,P,,,2012-01-31,,,,,J1772,US,,,,Privé,,private,,,CAR_DEALER,,,,,,,,,,,,,,,,,,,,,,,,,LD,false,
ELEC,Ron Marhofer Nissan,247 Howe Ave,,Cuyahoga Falls,OH,44221,,330-923-8000,E,,Private,,,,,,,1,,,Non-Networked,,GPS,41.119710093,-81.482687785,2026-01-13,45729,2026-02-02 23:16:24 UTC,P,,,2012-01-31,,,,,J1772,US,,,,Privé,,private,,,CAR_DEALER,,,,,,,,,,,,,,,,,,,,,,,,,,false,
ELEC,Matt Castrucci Nissan,3013 Mall Park Dr,,Dayton,OH,45459,,937-434-4723,E,,Private,,,,,,,1,,,Non-Networked,,GPS,39.639584,-84.223724,2026-01-13,45731,2026-02-02 23:16:24 UTC,P,,,2012-01-31,,,,,J1772,US,,,,Privé,,private,,,CAR_DEALER,,,,,,,,,,,,,,,,,,,,,,,,,,false,
ELEC,Parkway Nissan Lincoln Mercury,877 Commercial Pkwy,,Dover,OH,44622,,330-364-6659,E,,Private,,,,,,,1,,,Non-Networked,,GPS,40.522636,-81.490074,2026-01-13,45733,2026-02-02 23:16:24 UTC,P,,,2012-01-31,,,,,J1772,US,,,,Privé,,private,,,CAR_DEALER,,,,,,,,,,,,,,,,,,,,,,,,,,false,
ELEC,Jeff Wyler Nissan - Fairfield,5829 Dixie Hwy,,Fairfield,OH,45014,,513-682-2500,E,,Public - Call ahead,Dealership business hours,,,,,,2,1,,Non-Networked,,200-9,39.329217,-84.517152,2024-02-12,45734,2025-02-12 00:16:32 UTC,P,,,2012-01-31,,,,,CHADEMO J1772,US,,,,Public - Appeler à l'avance,,public,CALL,,CAR_DEALER,,,,,,,Free,,,,,,,,,,false,,,,,,,,LD,false,
ELEC,Jeff Wyler Nissan - Fairfield,5829 Dixie Hwy,,Fairfield,OH,45014,,513-682-2500,E,,Private,,,,,,,1,,,Non-Networked,,200-9,39.329217,-84.517152,2024-02-12,45735,2025-02-12 00:16:32 UTC,P,,,2012-01-31,,,,,J1772,US,,,,Privé,,private,,,CAR_DEALER,,,,,,,,,,,,,,,,,,,,,,,,,,false,
ELEC,Buckeye Nissan,3820 Parkway Ln,,Hilliard,OH,43026,,614-771-2345,E,,Private,,,,,,,1,,,Non-Networked,,GPS,40.031605,-83.125712,2026-01-13,45739,2026-02-02 23:16:24 UTC,P,,,2012-01-31,,,,,J1772,US,,,,Privé,,private,,,CAR_DEALER,,,,,,,,,,,,,,,,,,,,,,,,,LD,false,
ELEC,Nissan of Mansfield,1455 Park Ave W,,Mansfield,OH,44906,,419-529-4000,E,,Private,,,,,,,1,,,Non-Networked,,GPS,40.759266962,-82.568275407,2026-01-13,45743,2026-02-02 23:16:24 UTC,P,,,2012-01-31,,,,,J1772,US,,,,Privé,,private,,,CAR_DEALER,,,,,,,,,,,,,,,,,,,,,,,,,,false,
ELEC,Ganley Nissan,6060 Mayfield Rd,,Mayfield Heights,OH,44124,,440-449-9500,E,,Private,,,,,,,1,,,Non-Networked,,GPS,41.519623,-81.461288,2026-01-13,45747,2026-02-02 23:16:24 UTC,P,,,2012-01-31,,,,,J1772,US,,,,Privé,,private,,,CAR_DEALER,,,,,,,,,,,,,,,,,,,,,,,,,,false,
ELEC,Ken Ganley Nissan,5180 Montville Dr,,Medina,OH,44256,,330-721-0500,E,,Private - Call ahead,Dealership business hours,,,,,,1,,,Non-Networked,,GPS,41.134023388,-81.793646652,2026-01-13,45749,2026-02-02 23:16:24 UTC,P,,,2012-01-31,,,,,J1772,US,,,,Privé - Appeler à l'avance,,private,CALL,,CAR_DEALER,,,,,,,,,,,,,,,,,,,,,,,,,LD,false,
ELEC,Mentor Nissan,6960 Center St,,Mentor,OH,44060,,440-951-1100,E,,Private,,,,,,,1,,,Non-Networked,,GPS,41.681978307,-81.339912359,2026-01-13,45751,2026-02-02 23:16:24 UTC,P,,,2012-01-31,,,,,J1772,US,,,,Privé,,private,,,CAR_DEALER,,,,,,,,,,,,,,,,,,,,,,,,,,false,
ELEC,Nissan of North Olmsted,28500 Lorain Rd,,North Olmsted,OH,44070,,440-734-6900,E,,Private,,,,,,,1,,,Non-Networked,,GPS,41.409512,-81.937737,2026-01-13,45755,2026-02-02 23:16:24 UTC,P,,,2012-01-31,,,,,J1772,US,,,,Privé,,private,,,CAR_DEALER,,,,,,,,,,,,,,,,,,,,,,,,,,false,
ELEC,I-90 Nissan,5013 Detroit Rd,,Sheffield Village,OH,44054,,440-934-6001,E,,Public - Call ahead,Dealership business hours,,,,,,1,,,Non-Networked,,200-9,41.423584,-82.088115,2024-02-12,45756,2025-02-12 00:16:32 UTC,P,,,2012-01-31,,,,,J1772,US,,,,Public - Appeler à l'avance,,public,CALL,,CAR_DEALER,,,,,,,Free,,,,,,,,,,false,,,,,,,,,false,
ELEC,Nissan of Streetsboro,885 Classic Dr,,Streetsboro,OH,44241,,330-422-7300,E,,Private,,,,,,,1,,,Non-Networked,,GPS,41.248196,-81.362991,2026-01-13,45759,2026-02-02 23:16:24 UTC,P,,,2012-01-31,,,,,J1772,US,,,,Privé,,private,,,CAR_DEALER,,,,,,,,,,,,,,,,,,,,,,,,,,false,
ELEC,Yark Nissan,5957 W Central Ave,,Toledo,OH,43615,,800-848-9275,E,,Private,,,,,,,1,,,Non-Networked,,GPS,41.675411,-83.684799,2026-01-13,45761,2026-02-02 23:16:24 UTC,P,,,2012-01-31,,,,,J1772,US,,,,Privé,,private,,,CAR_DEALER,,,,,,,,,,,,,,,,,,,,,,,,,,false,
ELEC,Beau Townsend Nissan,1050 W National Rd,,Vandalia,OH,45377,,937-898-6200,E,,Private,,,,,,,1,,,Non-Networked,,GPS,39.888785,-84.218264,2026-01-13,45763,2026-02-02 23:16:24 UTC,P,,,2012-01-31,,,,,J1772,US,,,,Privé,,private,,,CAR_DEALER,,,,,,,,,,,,,,,,,,,,,,,,,,false,
ELEC,Diehl Automotive,3710 Lincoln Way E,,Massillon,OH,44646,,,E,,Public - Call ahead,Dealership business hours,,,,,,2,,,Non-Networked,,200-9,40.794689,-81.462403,2023-10-12,46423,2025-12-12 18:23:21 UTC,P,,,2012-04-15,,,,,J1772,US,,,,Public - Appeler à l'avance,,public,CALL,,CAR_DEALER,,,,,,,Free,,,,,,,,,,false,,,,,,,,LD,false,
ELEC,Diehl Automotive,3710 Lincoln Way E,,Massillon,OH,44646,,,E,,Private,,,,,,,1,,,Non-Networked,,200-9,40.794689,-81.462403,2023-10-12,46424,2025-12-12 18:23:21 UTC,P,,,2012-04-15,,,,,J1772,US,,,,Privé,,private,,,CAR_DEALER,,,,,,,,,,,,,,,,,,,,,,,,,LD,false,
ELEC,City of Columbus - City Hall,50 W Gay St,On Gay St near the corner of Front St,Columbus,OH,43215,,614-645-7602,E,,Public,24 hours daily,Cash D M V,,,,,1,,,Non-Networked,,200-9,39.963572,-83.0025,2023-07-11,47399,2026-06-19 15:03:33 UTC,LG,,,2011-12-31,,,,,J1772,US,,,,Public,,public,,,MUNI_GOV,,,,,,,Free; parking fee,,,,,,,,,,false,,,,,,,,LD,false,
ELEC,City of Columbus - Goodale Park,120 W Goodale St,Goodale St Between Park and Dennison St,Columbus,OH,43215,,614-645-3111,E,,Public,24 hours daily,Cash D M V,,,,,1,,,Non-Networked,,GPS,39.973748,-83.006367,2023-07-11,47452,2026-06-19 15:04:07 UTC,LG,,,2016-10-07,,,,,J1772,US,,,,Public,,public,,,MUNI_GOV,,,,,,,Free; parking fee,,,,,,,,,,false,,,,,,,,LD,false,
ELEC,Glenn Research Center,5577 Taylor Rd,,Cleveland,OH,44135,,,E,,Private - Government only,Drivers must bring their own J1772 cordset for Level 1 charging; Also accessible through chip keys,Proprietor Wright_Exp,,,,5,3,,,Non-Networked,,GPS,41.412789,-81.864656,2026-02-13,48690,2026-02-13 16:34:38 UTC,FG,22,National Aeronautics and Space Administration,2012-08-01,,,,,J1772 NEMA515,US,,,,Privé - Réservé au gouvernement,,private,GOVERNMENT,NASA,RESEARCH_FACILITY,,,,,,,,,,,,,,,,SOLAR,,,,,,,,,,false,
ELEC,Bowling Green State University - Parking Lot 20,E Wooster St,Just south of the BGSU Welcome Center between Stadium Dr and E Wooster St,Bowling Green,OH,43403,,419-372-2531,E,,Public,24 hours daily,,,,,,1,,,Non-Networked,,GPS,41.375435,-83.623149,2023-07-11,49042,2026-06-19 15:16:15 UTC,P,,,2012-07-15,,,,,J1772,US,,,,Public,,public,,,COLLEGE_CAMPUS,,,,,,,Free,,,,,,,,,,false,,,,,,,,LD,false,
ELEC,Bowling Green State University - Parking Lot 8,707 E Merry Ave,Behind Falcon Heights residence hall; E Merry and Thurstin St,Bowling Green,OH,43403,,419-372-2531,E,,Public,24 hours daily,,,,,,1,,,Non-Networked,,GPS,41.382179,-83.642274,2023-07-11,49043,2026-06-19 15:17:01 UTC,P,,,2012-07-15,,,,,J1772,US,,,,Public,,public,,,COLLEGE_CAMPUS,,,,,,,Free,,,,,,,,,,false,,,,,,,,LD,false,
ELEC,Bowling Green State University - Parking Lot E,Pike St & Thurstin Ave,Next to BGSU Heat Plant and railroad tracks; across the street from Bowen-Thompson Student Union on Thurstin St,Bowling Green,OH,43403,,419-372-2531,E,,Public,24 hours daily,,,,,,1,,,Non-Networked,,GPS,41.376854,-83.644407,2023-07-11,49044,2026-06-19 15:15:42 UTC,P,,,2012-07-15,,,,,J1772,US,,,,Public,,public,,,COLLEGE_CAMPUS,,,,,,,Free,,,,,,,,,,false,,,,,,,,LD,false,
ELEC,City of Bowling Green - Parking Lot 1,119 E Court St,Space #120. Between N Main and N Prospect,Bowling Green,OH,43402,,419-354-6246,E,,Public,24 hours daily; pay lot,,,,,,1,,,Non-Networked,,GPS,41.375364,-83.649802,2026-07-15,49045,2026-07-15 18:38:56 UTC,LG,,,2012-07-15,,,,,J1772,US,,,,Public,,public,,,PARKING_LOT,,,,,,,Free,,,,,,,,,,false,,,,,,,,MD,false,
ELEC,City of Bowling Green - Parking Lot 2,125 S Prospect St,Space #294.  Between E Wooster and Clough St,Bowling Green,OH,43402,,419-354-6246,E,,Public,24 hours daily,,,,,,1,,,Non-Networked,,GPS,41.373994,-83.649364,2026-07-15,49046,2026-07-15 18:38:56 UTC,LG,,,2012-07-15,,,,,J1772,US,,,,Public,,public,,,PARKING_LOT,,,,,,,Free,,,,,,,,,,false,,,,,,,,MD,false,
ELEC,City of Bowling Green - Parking Lot 3,132 S Church St,Space #300. Between W Wooster and W Washington St,Bowling Green,OH,43402,,419-354-6246,E,,Public,24 hours daily; pay lot,,,,,,1,,,Non-Networked,,GPS,41.373695,-83.651523,2026-07-15,49047,2026-07-15 18:38:56 UTC,LG,,,2012-07-15,,,,,J1772,US,,,,Public,,public,,,PARKING_LOT,,,,,,,Free,,,,,,,,,,false,,,,,,,,MD,false,
ELEC,North Park,195 Tamarack Trail,,Springboro,OH,45066,,937-748-4345,T,2026-08-28,TEMPORARILY UNAVAILABLE (Public),Dawn to dusk daily,,,,,,1,,,Non-Networked,,200-9,39.567204,-84.240629,2026-08-11,49375,2026-08-11 19:06:23 UTC,LG,,,2012-06-01,,,,,J1772,US,,,,TEMPORAIREMENT SUSPENDU (Public),,public,,,PARK,,,,,,,Free,,,,,,,,,SOLAR,false,,,,,,,,LD,false,
ELEC,Jeff Wyler Nissan,1117 State Route 32,,Batavia,OH,45103,,513-752-3447,E,,Public - Call ahead,Dealership business hours,,,,,,1,,,Non-Networked,,200-8,39.09142,-84.25488,2024-02-12,49680,2025-02-12 00:16:32 UTC,P,,,2012-10-25,,,,,J1772,US,,,,Public - Appeler à l'avance,,public,CALL,,CAR_DEALER,,,,,,,Free,,,,,,,,,,false,,,,,,,,LD,false,
ELEC,Jeff Wyler Nissan,1117 State Route 32,,Batavia,OH,45103,,513-752-3447,E,,Private,,,,,,,1,,,Non-Networked,,200-8,39.09142,-84.25488,2024-02-12,49681,2025-02-12 00:16:32 UTC,P,,,2012-10-25,,,,,J1772,US,,,,Privé,,private,,,CAR_DEALER,,,,,,,,,,,,,,,,,,,,,,,,,,false,
ELEC,Ricart Nissan,4255 S Hamilton Rd,,Groveport,OH,43125,,,E,,Private,,,,,,,1,,,Non-Networked,,GPS,39.891667,-82.888076,2026-01-13,49683,2026-02-02 23:16:24 UTC,P,,,2012-11-15,,,,,J1772,US,,,,Privé,,private,,,CAR_DEALER,,,,,,,,,,,,,,,,,,,,,,,,,LD,false,
ELEC,Melink,5140 River Valley Rd,Round Bottom Rd & River Valley Rd,Milford,OH,45150,,,E,,Private,Employee and visitor use only,,,,,22,3,,,Non-Networked,,200-9,39.144528,-84.248677,2022-06-14,50399,2026-07-10 18:02:46 UTC,P,,,2011-08-31,,,,,J1772,US,,,,Privé,,private,,,OFFICE_BLDG,,,,,,,,,,,,,,,,,,,,,,,,,LD,true,
ELEC,City of Centerville - City Hall,100 W Spring Valley Rd,Located at Spring Valley and Kalaman Way,Centerville,OH,45458,,937-433-7151,E,,Public,24 hours daily,,,,,,1,,,Non-Networked,,200-8,39.613576,-84.161878,2026-07-15,51096,2026-07-15 18:38:56 UTC,LG,,,2019-11-27,,,,,J1772,US,,,,Public,,public,,,MUNI_GOV,,,,,,,$1.00 per hour,,,,,,,,,,false,,,,,,,,LD,false,
ELEC,Krieger Ford,1800 Morse Rd,,Columbus,OH,43229,,,E,,Private,For dealership use only,,,,,,1,,,Non-Networked,,200-9,40.060736,-82.970293,2026-07-15,51693,2026-07-15 18:38:56 UTC,P,,,2013-02-01,,,,,J1772,US,,,,Privé,,private,,,CAR_DEALER,,,,,,,,,,,,,,,,,,,,,,,,,LD,false,
ELEC,Ricart Ford,4255 S Hamilton Rd,,Groveport,OH,43125,,,E,,Private,,,,,,,1,,,Non-Networked,,GPS,39.888206,-82.8859,2024-08-15,51695,2025-12-08 16:55:50 UTC,P,,,2012-11-01,,,,,J1772,US,,,,Privé,,private,,,CAR_DEALER,,,,,,,,,,,,,,,,,,,,,,,,,LD,false,
ELEC,Bob Boyd Ford,2840 N Columbus St,Located near the rear service door,Lancaster,OH,43130,,740-654-1122,E,,Public,24 hours daily,CREDIT,,,,,2,,,Non-Networked,,200-9,39.746087,-82.647696,2026-07-15,51697,2026-07-15 18:38:56 UTC,P,,,2016-12-27,,,,,J1772,US,,,,Public,,public,,,CAR_DEALER,,,,,,,,,,,,,,,,,false,,,,,,,,LD,false,
ELEC,Akron Centre Parking Deck,11 W Mill St,Located on level 3,Akron,OH,44308,,330-375-2596,E,,Public,24 hours daily; pay lot,,,,,,1,,,Non-Networked,,200-9,41.084201,-81.519084,2025-08-12,52033,2026-02-02 23:16:24 UTC,P,,,2013-05-15,,,,,J1772,US,,,,Public,,public,,,PAY_GARAGE,,,,,,,Free,,,,,,,,,,false,,,,,,,,LD,false,
ELEC,Tipp City - Downtown,20 N 3rd St,Located in Downtown Tipp City on N 3rd St just north of Main St,Tipp City,OH,45371,,937-667-6305,E,,Public,24 hours daily,,,,,,1,,,Non-Networked,,200-9,39.961897,-84.171038,2025-08-12,53455,2026-02-02 23:16:24 UTC,LG,,,2013-10-14,,,,,J1772,US,,,,Public,,public,,,MUNI_GOV,,,,,,,Free,,,,,,,,,,false,,,,,,,,LD,false,
ELEC,Tipp City - Menards,75 Weller Dr,Located on the North edge of the Menard's parking lot,Tipp City,OH,45371,,937-667-6305,E,,Public,24 hours daily,,,,,,1,,,Non-Networked,,200-8,39.964435,-84.191229,2025-08-12,53457,2026-02-02 23:16:24 UTC,LG,,,2013-10-14,,,,,J1772,US,,,,Public,,public,,,SHOPPING_CENTER,,,,,,,Free,,,,,,,,,,false,,,,,,,,LD,false,
ELEC,University of Cincinnati - Medical Campus,3225 Eden Ave,Located in Lot 13 near the west facade of Wherry Hall,Cincinnati,OH,45229,,513-556-2283,E,,Public,Lot hours; parking permit required; maximum session time of 4 hours,,,,,,2,,,Non-Networked,,200-8,39.138291,-84.505295,2025-08-12,61497,2026-02-02 23:16:24 UTC,P,,,2014-04-19,,,,,J1772,US,,,,Public,,public,,,COLLEGE_CAMPUS,,,,,,,Free,,,,,,,,,,true,,,,,,,,LD,false,
ELEC,Clearcreek Park,3500 Lower Springboro Rd,,Springboro,OH,45066,,937-748-4343,E,,Public,Dawn to dusk daily,,,,,,1,,,Non-Networked,,200-8,39.490006,-84.219994,2026-07-15,61533,2026-07-15 18:38:56 UTC,P,,,2014-04-18,,,,,J1772,US,,,,Public,,public,,,PARK,,,,,,,Free,,,,,,,,,,false,,,,,,,,LD,false,
ELEC,CAIN BMW STATION 01,6461 Whipple Ave NW,,North Canton,OH,44720,,888-758-4389,E,,Public,24 hours daily,,,,,,2,,,ChargePoint Network,https://www.chargepoint.com,GPS,40.875036,-81.423896,2026-08-19,62148,2026-08-19 00:57:06 UTC,,,,2014-06-14,,,,,J1772,US,,,,Public,,public,,,,,,,,,,,,,,,,,,,,false,,,,,,,,,false,
ELEC,City of Bellefontaine,126 W Chillicothe Ave,Located in public parking lot,Bellefontaine,OH,43311,,937-592-4376,E,,Public,24 hours daily; Drivers must bring their own J1772 cordset for Level 1 charging,,,,,2,2,,,Non-Networked,,GPS,40.360389,-83.76175,2026-07-15,62462,2026-07-15 18:38:56 UTC,LG,,,2014-07-07,,,,,J1772 NEMA520,US,,,,Public,,public,,,PARKING_LOT,,,,,,,,,,,,,,,,,false,,,,,,,,MD,false,
ELEC,University of Dayton - B Lot,300 College Park Dr,,Dayton,OH,45469,,937-229-2128,E,,Public,24 hours daily; parking permit required,,,,,,2,,,Non-Networked,,GPS,39.74050400034837,-84.17748104627992,2025-08-12,63519,2026-02-02 23:16:24 UTC,P,,,2014-07-01,,,,,J1772,US,,,,Public,,public,,,COLLEGE_CAMPUS,,,,,,,Free,,,,,,,,,,true,,,,,,,,LD,false,
ELEC,Al Spitzer Ford,3737 State Rd,One charger located outside; one is inside,Cuyahoga Falls,OH,44223,,330-929-1904,E,,Private,Service center use only,,,,,,1,,,Non-Networked,,200-9,41.171588,-81.508325,2025-07-03,63596,2026-02-02 23:16:24 UTC,P,,,2013-04-01,,,,,J1772,US,,,,Privé,,private,,,CAR_DEALER,,,,,,,,,,,,,,,,,,,,,,,,,LD,false,
ELEC,Nick Mayer Ford,6200 Mayfield Rd,,Mayfield Heights,OH,44124,,440-449-1000,E,,Public,24 hours daily,,,,,,2,,,Non-Networked,,200-9,41.519266,-81.455388,2023-07-11,63606,2025-07-11 20:23:58 UTC,P,,,2013-06-01,,,,,J1772,US,,,,Public,,public,,,CAR_DEALER,,,,,,,Free,,,,,,,,,,false,,,,,,,,LD,false,
ELEC,Park Ford,400 W Ave,,Tallmadge,OH,44278,,330-633-6222,E,,Public,Dealership business hours; for customer use only,,,,,,2,,,Non-Networked,,200-9,41.102337,-81.457703,2026-07-15,63983,2026-07-15 18:38:56 UTC,P,,,2014-01-01,,,,,J1772,US,,,,Public,,public,,,CAR_DEALER,,,,,,,,,,,,,,,,,true,,,,,,,,LD,false,
ELEC,Ottawa National Wildlife Refuge,14000 W State Route 2,,Oak Harbor,OH,43449,,,E,,Public,Sunrise to sunset daily,,,,,,2,,,Non-Networked,,GPS,41.603862,-83.202233,2025-12-12,65404,2026-02-02 23:16:24 UTC,FG,16,Department of the Interior,2014-12-20,,,,,J1772,US,,,,Public,,public,,DOI,PARK,,,,,,,Free,,,,,,,,,SOLAR,false,,,,,,,,LD,true,
ELEC,University of Cincinnati,45 W Daniels St,Located near Daniels Hall,Cincinnati,OH,45219,,513-556-4344,T,2026-07-07,TEMPORARILY UNAVAILABLE (Public),24 hours daily; maximum session time of 1 hour,,,,,,,1,,Non-Networked,,GPS,39.131732,-84.511592,2025-08-12,66814,2026-02-02 23:16:24 UTC,P,,,2015-05-01,,,,,CHADEMO,US,,,,TEMPORAIREMENT SUSPENDU (Public),,public,,,COLLEGE_CAMPUS,,,,,,,Free,,,,,,,,,,false,,,,,,,,,false,
ELEC,University of Cincinnati,321 Clifton Ct,,Cincinnati,OH,45219,,513-556-2283,E,,Public,Garage business hours; parking permit required; maximum session time of 4 hours,,,,,,2,,,Non-Networked,,200-8,39.133504,-84.519156,2025-08-12,73698,2026-02-02 23:16:24 UTC,P,,,2016-02-01,,,,,J1772,US,,,,Public,,public,,,COLLEGE_CAMPUS,,,,,,,Free,,,,,,,,,,true,,,,,,,,LD,false,
ELEC,Buckeye Nissan,2480 N Memorial Dr Suite D,,Lancaster,OH,43130,,866-213-3970,E,,Public,Dealership business hours,,,,,,1,,,Non-Networked,,GPS,39.74115015,-82.636728563,2026-01-13,73816,2026-02-02 23:16:24 UTC,P,,,2016-02-29,,,,,J1772,US,,,,Public,,public,,,CAR_DEALER,,,,,,,,,,,,,,,,,false,,,,,,,,LD,false,
ELEC,City of Bexley - City Hall,2242 E Main St,,Bexley,OH,43209,,614-559-4200,E,,Public,24 hours daily,,,,,,2,,,Non-Networked,,GPS,39.958108,-82.940283,2025-07-03,74215,2026-02-02 23:16:24 UTC,LG,,,2015-07-01,,,,,J1772,US,,,,Public,,public,,,MUNI_GOV,,,,,,,Free,,,,,,,,,,false,,,,,,,,LD,false,
ELEC,City of Grove City - Public Parking,4069 1st St,Located in the parking lot behind the library,Grove City,OH,43123,,614-277-3000,E,,Public,24 hours daily,,,,,,2,,,Non-Networked,,200-9,39.881378,-83.093302,2025-07-03,74216,2026-02-02 23:16:24 UTC,LG,,,2015-05-01,,,,,J1772,US,,,,Public,,public,,,PARKING_LOT,,,,,,,Free,,,,,,,,,,false,,,,,,,,LD,false,
ELEC,EASTON GATEWAY 1,4194 Easton Gateway Dr,Located in second isle over.,Columbus,OH,43219,,888-758-4389,E,,Public,24 hours daily,,,,,,2,,,ChargePoint Network,https://www.chargepoint.com,GPS,40.056191,-82.907304,2026-08-19,74691,2026-08-19 01:05:01 UTC,,,,2016-04-02,,,,,J1772,US,,,,Public,,public,,,,,,,,,,,,,,,,,,,,false,,,,,,,,,false,
ELEC,KCG PARKING STATION 2,201 E Erie St,First parking spots at top of entrance ramp. Connect with PARTA for discounts on Charging and Parking permits are available to save on parking fees.,Kent,OH,44240,,888-758-4389,E,,Public,24 hours daily,,,,,,1,,,ChargePoint Network,https://www.chargepoint.com,GPS,41.15306,-81.355065,2026-08-19,75077,2026-08-19 01:05:49 UTC,,,,2016-04-15,,,,,J1772,US,,,,Public,,public,,,,,,,,,,,,,,,,,,,,false,,,,,,,,,false,
ELEC,Case Western Reserve University Hospital - Rainbow Garage,2101 Adelbert Rd,,Cleveland,OH,44106,,216-844-8447,E,,Public,24 hours daily; pay lot,,,,,,3,,,Non-Networked,,200-9,41.504852,-81.60522,2025-12-12,78497,2026-02-02 23:16:24 UTC,P,,,2016-08-15,,,,,J1772,US,,,,Public,,public,,,PARKING_GARAGE,,,,,,,Free,,,,,,,,,,false,,,,,,,,LD,false,
ELEC,Garage 59 - University Hospitals,2100 Circle Dr,,Cleveland,OH,44106,,,E,,Private,,,,,,,4,,,Non-Networked,,200-8,41.50704,-81.602392,2026-07-15,78498,2026-07-15 18:38:56 UTC,P,,,2016-08-15,,,,,J1772,US,,,,Privé,,private,,,PARKING_GARAGE,,,,,,,,,,,,,,,,,,,,,,,,,LD,true,
ELEC,City of Gahanna,121 Mill St,,Gahanna,OH,43230,,614-342-4000,T,2025-03-01,TEMPORARILY UNAVAILABLE (Public),Garage business hours,,,,,,,1,,Non-Networked,,GPS,40.020921,-82.879631,2025-01-13,78915,2025-02-12 00:16:32 UTC,LG,,,2015-06-01,,,,,CHADEMO J1772COMBO,US,,,,TEMPORAIREMENT SUSPENDU (Public),,public,,,PARKING_GARAGE,,,,,,,Free,,,,,,,,,,false,,,,,,,,LD,false,
ELEC,GEMINI TOWER I EV CHARGE2,1991 Crocker Rd,Rear of Building,Westlake,OH,44145,,888-758-4389,E,,Public,24 hours daily,,,,,,2,,,ChargePoint Network,https://www.chargepoint.com,GPS,41.462814,-81.949575,2026-08-19,80079,2026-08-19 01:08:29 UTC,,,,2016-12-06,,,,,J1772,US,,,,Public,,public,,,,,,,,,,,,,,,,,,,,false,,,,,,,,,false,
ELEC,University of Toledo - Parking Area 44,1135 Transverse Dr,,Toledo,OH,43606,,419-530-4100,E,,Public,24 hours daily,,,,,,1,,,Non-Networked,,GPS,41.618536,-83.612506,2025-08-12,80589,2026-02-02 23:16:24 UTC,P,,,2016-09-01,,,,,J1772,US,,,,Public,,public,,,COLLEGE_CAMPUS,,,,,,,Free,,,,,,,,,,false,,,,,,,,LD,false,
ELEC,City of Toledo,393 N Superior St,Located at metered parking near North Superior and Adams Street,Toledo,OH,43504,,844-410-8727,E,,Public,24 hours daily,,,,,,3,,,Non-Networked,,200-8,41.653024,-83.534785,2026-07-15,80591,2026-07-15 18:38:56 UTC,LG,,,2013-01-01,,,,,J1772,US,,,,Public,,public,,,STREET_PARKING,,,,,,,Free; parking fee,,,,,,,,,,false,,,,,,,,LD,false,
ELEC,Toledo Museum of Art,2445 Monroe St,Lot 1,Toledo,OH,43604,,419-255-8000,E,,Public,"11am-4pm W-F, 11am-3pm Sat-Sun; for visitor use only",,,,,,2,,,Non-Networked,,GPS,41.658295,-83.559497,2026-07-15,80592,2026-07-15 18:38:56 UTC,P,,,2016-12-01,,,,,J1772,US,,,,Public,,public,,,MUSEUM,,,,,,,Free,,,,,,,,,,true,,,,,,,,LD,false,
ELEC,Byers Airport Subaru Service Center,401 N Hamilton Rd,,Columbus,OH,43213,,,E,,Private,Customer use only,,,,,,4,,,Non-Networked,,GPS,39.985017,-82.870525,2024-12-10,80599,2026-07-06 18:23:08 UTC,P,,,2015-06-01,,,,,J1772,US,,,,Privé,,private,,,CAR_DEALER,,,,,,,,,,,,,,,,,,,,,,,,,,false,
ELEC,McDonald's,18 NE Catawba Rd,,Port Clinton,OH,43452,,419-734-4092,E,,Public,24 hours daily; do not leave vehicle unattended,,,,,,1,,,Non-Networked,,200-9,41.524539,-82.859474,2025-07-03,80601,2026-02-02 23:16:24 UTC,P,,,2016-12-01,,,,,J1772,US,,,,Public,,public,,,RESTAURANT,,,,,,,Free,,,,,,,,,,false,,,,,,,,LD,false,
ELEC,Whole Foods Market,4100 Easton Gateway Dr,,Columbus,OH,43219,,614-536-0570,E,,Public,24 hours daily,,,,,,2,,,Non-Networked,,GPS,40.057042,-82.908986,2025-07-03,80602,2026-02-02 23:16:24 UTC,P,,,2016-12-01,,,,,J1772,US,,,,Public,,public,,,GROCERY,,,,,,,Free,,,,,,,,,,false,,,,,,,,LD,false,
ELEC,Subway,97 E Main St,,West Jefferson,OH,43162,,614-879-9993,E,,Public,24 hours daily,,,,,,1,,,Non-Networked,,200-9,39.944637,-83.266434,2025-07-03,80608,2026-02-02 23:16:24 UTC,P,,,2016-12-01,,,,,J1772,US,,,,Public,,public,,,RESTAURANT,,,,,,,Free,,,,,,,,,,false,,,,,,,,LD,false,
ELEC,Liberty Ford,6600 Pearl Rd,,Parma Heights,OH,44130,,440-888-2600,E,,Public - Call ahead,24 hours daily; customer use only,,,,,,2,,,Non-Networked,,200-9,41.383685,-81.777673,2023-08-10,80610,2025-06-24 16:30:29 UTC,P,,,2016-12-01,,,,,J1772,US,,,,Public - Appeler à l'avance,,public,CALL,,CAR_DEALER,,,,,,,Free,,,,,,,,,,true,,,,,,,,LD,false,
ELEC,First Unitarian Church - Cleveland,21600 Shaker Blvd,,Shaker Heights,OH,44122,,216-751-2320,E,,Public,24 hours daily,,,,,,2,,,Non-Networked,,200-9,41.47658,-81.527274,2025-12-12,80614,2026-02-02 23:16:24 UTC,P,,,2016-12-01,,,,,J1772,US,,,,Public,,public,,,PLACE_OF_WORSHIP,,,,,,,Free,,,,,,,,,,false,,,,,,,,LD,false,
ELEC,Sohar's All Season Mower Service Inc,600 Highland Rd,,Macedonia,OH,44056,,,E,,Private,,,,,,,1,,,Non-Networked,,200-9,41.298814,-81.502173,2026-07-15,80615,2026-07-15 18:38:56 UTC,P,,,2016-12-01,,,,,J1772,US,,,,Privé,,private,,,SHOPPING_CENTER,,,,,,,,,,,,,,,,,,,,,,,,,LD,true,
ELEC,Sarchione Chevrolet Garretsville,10851 North St,,Garrettsville,OH,44231,,330-527-2101,E,,Public,Dealership business hours; for service center use only,,,,,,1,,,Non-Networked,,200-9,41.287531,-81.099218,2026-07-15,80616,2026-07-15 18:38:56 UTC,P,,,2016-12-01,,,,,J1772,US,,,,Public,,public,,,CAR_DEALER,,,,,,,,,,,,,,,,,true,,,,,,,,LD,false,
ELEC,IBEW Local 573,4550 Research Pkwy NW,,Warren,OH,44483,,330-394-3690,E,,Public,24 hours daily,,,,,,1,,,Non-Networked,,200-9,41.283097,-80.824945,2026-01-13,80617,2026-02-02 23:16:24 UTC,P,,,2013-10-01,,,,,J1772,US,,,,Public,,public,,,OFFICE_BLDG,,,,,,,Free,,,,,,,,,SOLAR,false,,,,,,,,LD,false,
ELEC,Classic Chevrolet,6877 Center St,,Mentor,OH,44060,,,E,,Private,Dealership business hours; for service center use only,,,,,,1,,,Non-Networked,,200-9,41.683993,-81.339073,2026-07-15,80619,2026-07-15 18:38:56 UTC,P,,,2016-12-01,,,,,J1772,US,,,,Privé,,private,,,CAR_DEALER,,,,,,,,,,,,,,,,,,,,,,,,,LD,false,
ELEC,Broadway Deck,120 S Broadway,Located on level 2,Akron,OH,44308,,330-375-2597,T,2026-06-16,TEMPORARILY UNAVAILABLE (Public),24 hours daily,,,,,,1,,,Non-Networked,,200-8,41.08111,-81.515883,2025-07-03,80623,2026-02-02 23:16:24 UTC,P,,,2014-01-01,,,,,J1772,US,,,,TEMPORAIREMENT SUSPENDU (Public),,public,,,PARKING_GARAGE,,,,,,,Free,,,,,,,,,,false,,,,,,,,LD,false,
ELEC,Cascade Audi,4151 State Rd,,Cuyahoga Falls,OH,44223,,,E,,Private - Call ahead,24 hours daily,,,,,,2,,,Non-Networked,,GPS,41.18485,-81.508228,2025-07-03,80624,2026-02-02 23:16:24 UTC,P,,,2016-07-01,,,,,J1772,US,,,,Privé - Appeler à l'avance,,private,CALL,,CAR_DEALER,,,,,,,,,,,,,,,,,,,,,,,,,LD,false,
ELEC,Kent State University - Heer Hall,635 Loop Rd,,Kent,OH,44242,,330-672-4432,E,,Public,24 hours daily; see front desk to access; maximum session time of 4 hours,Cash D M V,,,,,1,,,Non-Networked,,GPS,41.14603,-81.334706,2026-07-15,80626,2026-07-15 18:38:56 UTC,P,,,2016-12-01,,,,,J1772,US,,,,Public,,public,,,COLLEGE_CAMPUS,,,,,,,$1.25 per hour parking fee,,,,,,,,,WIND,true,,,,,,,,LD,false,
ELEC,"Innovative Business Computer Solutions, Inc",303 Shady Tree Ct,,Englewood,OH,45315,,,E,,Private,9am-9pm daily; by appointment only,,,,,,2,,,Non-Networked,,GPS,39.867302,-84.31646,2025-07-03,80629,2026-02-02 23:16:24 UTC,P,,,2012-11-02,,,,,TESLA,US,,,,Privé,,private,,,PARKING_GARAGE,,,,,,,Free,,,,,,,,,,,,,,,,,,LD,true,
ELEC,Wright Point Office Park,5200 Springfield St,,Riverside,OH,45431,,937-233-1801,E,,Public,7am-7pm M-F; 8am-12pm Sat,,,,,,2,,,Non-Networked,,200-9,39.781661,-84.118916,2026-07-15,80630,2026-07-15 18:38:56 UTC,P,,,2014-06-01,,,,,J1772,US,,,,Public,,public,,,OFFICE_BLDG,,,,,,,Free,,,,,,,,,,false,,,,,,,,MD,false,
ELEC,Sinclair Community College - Building 20,20 OH-4,West Fifth Street at South Edwin C. Moses Blvd,Dayton,OH,45402,,937-512-2397,E,,Public,7am-10pm M-F,,,,,,2,,,Non-Networked,,GPS,39.752881,-84.203347,2025-12-12,80631,2026-02-02 23:16:24 UTC,SG,,,2014-08-01,,,,,J1772,US,,,,Public,,public,,,COLLEGE_CAMPUS,,,,,,,Free,,,,,,,,,,false,,,,,,,,LD,false,
ELEC,Sinclair Community College - Building 9,201 W 5th St,Located in Parking Lot J along West Fifth Street between South Perry and South Wilkinson,Dayton,OH,45402,,937-512-2397,E,,Public,24 hours daily,,,,,,2,,,Non-Networked,,GPS,39.756255,-84.195391,2025-12-12,80632,2026-02-02 23:16:24 UTC,SG,,,2016-08-01,,,,,J1772,US,,,,Public,,public,,,COLLEGE_CAMPUS,,,,,,,,,,,,,,,,,false,,,,,,,,LD,false,
ELEC,Kettering Medical Center,3535 Southern Blvd,Located at the central garage,Kettering,OH,45429,,855-536-7543,E,,Public,24 hours daily,,,,,,3,,,Non-Networked,,GPS,39.6983,-84.191703,2023-08-10,80633,2025-07-01 17:04:19 UTC,P,,,2016-12-01,,,,,J1772,US,,,,Public,,public,,,HOSPITAL,,,,,,,Free,,,,,,,,,,false,,,,,,,,LD,false,
ELEC,Kings Ford,9555 Kings Auto Mall Rd,,Cincinnati,OH,45249,,513-683-0220,E,,Public - Credit card at all times,24 hours daily,A D Debit M V,,,,,4,,,Non-Networked,,200-9,39.295963,-84.307558,2026-07-15,80641,2026-07-15 18:38:56 UTC,P,,,2017-01-07,,,,,J1772,US,,,,Public - Carte de crédit en tout temps,,public,CREDIT_CARD_ALWAYS,,CAR_DEALER,,,,,,,,,,,,,,,,,true,,,,,,,,LD,false,
ELEC,McCluskey Chevrolet,9673 Kings Automall Dr,,Cincinnati,OH,45249,,513-697-5200,E,,Public - Call ahead,24 hours daily,,,,,,6,,,Non-Networked,,200-9,39.298517,-84.307241,2026-07-15,80642,2026-07-15 18:38:56 UTC,P,,,2016-12-01,,,,,J1772,US,,,,Public - Appeler à l'avance,,public,CALL,,CAR_DEALER,,,,,,,Free,,,,,,,,,SOLAR,false,,,,,,,,LD,false,
ELEC,Camargo Cadillac,9880 Montgomery Rd,,Cincinnati,OH,45242,,513-891-9400,E,,Public - Call ahead,Dealership business hours; Customer use only,,,,,,1,,,Non-Networked,,200-9,39.236407,-84.349902,2023-08-10,80645,2025-07-11 20:27:25 UTC,P,,,2016-12-01,,,,,J1772,US,,,,Public - Appeler à l'avance,,public,CALL,,CAR_DEALER,,,,,,,Free,,,,,,,,,,true,,,,,,,,LD,false,
ELEC,McCluskey Chevrolet,399 E Galbraith Rd,,Arlington Heights,OH,45215,,513-679-9100,E,,Public,24 hours daily; for service use and customers only,,,,,,1,,,Non-Networked,,200-8,39.212057,-84.458869,2025-07-03,80647,2026-02-02 23:16:24 UTC,P,,,2016-12-01,,,,,J1772,US,,,,Public,,public,,,CAR_DEALER,,,,,,,Free,,,,,,,,,,true,,,,,,,,LD,false,
ELEC,84.51 Parking Garage,120 W 5th St,,Cincinnati,OH,45202,,513-381-8555,E,,Public,24 hours daily; pay lot,,,,,,6,,,Non-Networked,,200-9,39.101037,-84.514744,2025-08-12,80650,2026-02-02 23:16:24 UTC,P,,,2016-12-01,,,,,J1772,US,,,,Public,,public,,,PARKING_GARAGE,,,,,,,Free,,,,,,,,,,false,,,,,,,,LD,false,
ELEC,Dave White Chevrolet,5880 Monroe St,,Sylvania,OH,43560,,800-893-9036,E,,Private,24 hours daily,,,,,,1,1,,Non-Networked,,200-9,41.714389,-83.683956,2025-09-12,81164,2026-02-02 23:16:24 UTC,P,,,2016-12-01,,,,,J1772 J1772COMBO,US,,,,Privé,,private,,,CAR_DEALER,,,,,,,,,,,,,,,,,,,,,,,,,MD,false,
ELEC,Northwest College,22600 OH-34,,Archbold,OH,43502,,419-267-5511,E,,Public,24 hours daily,,,,,,2,,,Non-Networked,,200-8,41.449576,-84.298138,2025-07-03,81167,2026-02-02 23:16:24 UTC,LG,,,2016-12-01,,,,,J1772,US,,,,Public,,public,,,COLLEGE_CAMPUS,,,,,,,Free,,,,,,,,,,false,,,,,,,,LD,false,
ELEC,Reineke Ford Lincoln,12000 County Rd 99,,Findlay,OH,45840,,567-250-1884,E,,Public,Dealership business hours; dealership use only,,,,,,1,,,Non-Networked,,200-9,41.088461,-83.651199,2025-07-03,81170,2026-02-02 23:16:24 UTC,P,,,2016-12-01,,,,,J1772,US,,,,Public,,public,,,CAR_DEALER,,,,,,,Free,,,,,,,,,,true,,,,,,,,,false,
ELEC,Wright State University - Allyn Hall,3640 Colonel Glenn Hwy,,Fairborn,OH,45324,,937-775-5690,E,,Public,24 hours daily; must have parking permit,,,,,,2,,,Non-Networked,,200-9,39.781158,-84.063072,2023-08-10,81171,2026-06-19 15:02:22 UTC,P,,,2016-12-01,,,,,J1772,US,,,,Public,,public,,,COLLEGE_CAMPUS,,,,,,,Free,,,,,,,,,,true,,,,,,,,LD,false,
ELEC,Kent State University - Student Center,1075 Risman Dr,,Kent,OH,44242,,330-672-4432,E,,Public,24 hours daily; maximum session time of 4 hours; pay lot,,,,,,1,,,Non-Networked,,200-9,41.14765,-81.343172,2025-07-03,81527,2026-02-02 23:16:24 UTC,P,,,2016-06-15,,,,,J1772,US,,,,Public,,public,,,COLLEGE_CAMPUS,,,,,,,Free,,,,,,,,,,false,,,,,,,,LD,false,
ELEC,YARK BMW STATION 2,7600 Central Ave,,Toledo,OH,43617,,888-758-4389,E,,Public,24 hours daily,,,,,,2,,,ChargePoint Network,https://www.chargepoint.com,GPS,41.674255,-83.72517,2026-08-19,82241,2026-08-19 01:09:57 UTC,,,,2017-04-08,,,,,J1772,US,,,,Public,,public,,,,,,,,,,,,,,,,,,,,false,,,,,,,,,false,
ELEC,Port Jackson Business Center,8310 Port Jackson Ave NW,,North Canton,OH,44720,,,E,,Private,24 hours daily; Drivers must bring their own J1772 cordset for Level 1 charging,,,,,1,3,,,Non-Networked,,200-9,40.901194,-81.444892,2025-12-12,82591,2026-02-02 23:16:24 UTC,LG,,,2016-12-01,,,,,J1772 NEMA1450 TESLA,US,,,,Privé,,private,,,OFFICE_BLDG,,,,,,,,,,,,,,,,,,,,,,,,,LD,false,
ELEC,Georgesville Nissan,1260 Auto Mall Dr,,Columbus,OH,43228,,614-369-4444,E,,Public - Call ahead,Dealership business hours,,,,,,2,1,,Non-Networked,,200-8,39.92677,-83.12396,2024-02-12,85971,2025-02-12 00:16:32 UTC,P,,,2017-03-01,,,,,CHADEMO J1772,US,,,,Public - Appeler à l'avance,,public,CALL,,CAR_DEALER,,,,,,,Free,,,,,,,,,,false,,,,,,,,LD,false,
ELEC,Coughlin Nissan,1459 Hebron Rd,,Heath,OH,43056,,740-915-8501,E,,Public - Call ahead,Dealership business hours,,,,,,2,,,Non-Networked,,200-8,40.012238,-82.458184,2024-02-12,85973,2025-02-12 00:16:32 UTC,P,,,2017-03-01,,,,,J1772,US,,,,Public - Appeler à l'avance,,public,CALL,,CAR_DEALER,,,,,,,Free,,,,,,,,,,false,,,,,,,,LD,false,
ELEC,Nissan North,8645 N High St,,Worthington,OH,43085,,614-334-4110,E,,Public - Call ahead,Dealership business hours,,,,,,3,,,Non-Networked,,GPS,40.1403474,-83.0184409,2024-02-12,85974,2025-02-12 00:16:32 UTC,P,,,2017-03-01,,,,,J1772,US,,,,Public - Appeler à l'avance,,public,CALL,,CAR_DEALER,,,,,,,Free,,,,,,,,,,false,,,,,,,,,false,
ELEC,OHIO DOMINICAN ODU EVSTATION 2,1229-1297 Sunbury Rd,,Columbus,OH,43219,,888-758-4389,E,,Public,24 hours daily,,,,,,2,,,ChargePoint Network,https://www.chargepoint.com,GPS,39.994645,-82.941254,2026-08-19,86748,2026-08-19 01:27:51 UTC,,,,2017-08-15,,,,,J1772,US,,,,Public,,public,,,,,,,,,,,,,,,,,,,,false,,,,,,,,,false,
ELEC,The Dealership,3558 Lee Rd,,Shaker Heights,OH,44120,,216-455-5499,E,,Public,24 hours daily,,,,,,1,,,AMPUP,https://ampup.io,200-9,41.462881,-81.564921,2022-10-11,87653,2026-08-05 18:21:35 UTC,LG,,,2017-09-12,,,,,J1772,US,,,,Public,,public,,,CAR_DEALER,,,,,,,Free,,,,,,,,,,false,,,,,,,,LD,false,
ELEC,Motel 6,11406 Highway 250 N,,Milan,OH,44846,,419-499-8001,E,,Public,24 hours daily; Drivers must bring their own J1772 cordset for Level 1 charging,,,,,2,,,,Non-Networked,,200-9,41.328903,-82.621124,2025-01-13,88426,2025-02-12 00:16:32 UTC,P,,,2017-11-01,,,,,NEMA520,US,,,,Public,,public,,,HOTEL,,,,,,,Free,,,,,,,,,,false,,,,,,,,LD,false,
ELEC,Holiday Inn Express,5311 Hetzel St,Located near the front entrance of the hotel,Cincinnati,OH,45227,,513-834-9191,E,,Public - Call ahead,24 hours daily; for guest use only,FuelMan,,,,,2,,,Non-Networked,,200-9,39.157381,-84.403453,2026-07-15,89916,2026-07-15 18:38:56 UTC,P,,,2017-11-30,,,,,J1772,US,,,,Public - Appeler à l'avance,,public,CALL,,HOTEL,,,,,,,Free,,,,,,,,,,true,,,,,,,,LD,false,
ELEC,OHIO STATE UNV GATEWAY GARAGE,75 E. 11th,"Effective March 2, 2026, the electric vehicle (EV) charging station usage rate will be $.50 kwh. Visit ttm.osu.edu - Other Transit and Services for more information.",Columbus,OH,43201,,888-758-4389,E,,Public,24 hours daily,,,,,,2,,,ChargePoint Network,https://www.chargepoint.com,GPS,39.994178,-83.005558,2026-08-19,89933,2026-08-19 01:13:54 UTC,,,,2018-01-03,,,,,J1772,US,,,,Public,,public,,,,,,,,,,,,,,,,,,,,false,,,,,,,,,false,
ELEC,OhioHealth Riverside Hospital - Visitor's Lot,3535 Olentangy River Rd,Located in the Green Garage,Columbus,OH,43214,,614-566-5000,E,,Public,24 hours daily; for hospital guest use only,,,,,,2,,,Non-Networked,,GPS,40.031768,-83.032414,2025-12-12,91906,2026-02-02 23:16:24 UTC,P,,,2018-02-01,,,,,J1772,US,,,,Public,,public,,,PARKING_GARAGE,,,,,,,Free,,,,,,,,,,true,,,,,,,,LD,false,
ELEC,Ohio Caverns,2210 State Route 245 E,,West Liberty,OH,43357,,937-465-4017,E,,Public,9am-5pm daily,A Cash D Debit M V,,,,,1,,,Non-Networked,,GPS,40.238319,-83.696735,2026-07-15,91983,2026-07-15 18:38:56 UTC,P,,,2018-01-01,,,,,J1772,US,,,,Public,,public,,,PARK,,,,,,,Free,,,,,,,,,,false,,,,,,,,LD,false,
ELEC,University of Dayton - C Lot,300 College Park Dr,,Dayton,OH,45469,,937-229-2128,E,,Public,24 hours daily; must have parking permit,,,,,,4,,,Non-Networked,,GPS,39.73651917625988,-84.17362939413454,2025-08-12,92123,2026-02-02 23:16:24 UTC,P,,,2018-01-01,,,,,J1772,US,,,,Public,,public,,,COLLEGE_CAMPUS,,,,,,,Free,,,,,,,,,,true,,,,,,,,LD,false,
ELEC,University of Dayton - St. Joseph's Hall,300 College Park Dr,,Dayton,OH,45469,,937-229-2128,E,,Public,24 hours daily; must have parking permit,,,,,,2,,,Non-Networked,,GPS,39.73877974656766,-84.17766343649294,2025-08-12,92124,2026-02-02 23:16:24 UTC,P,,,2018-01-01,,,,,J1772,US,,,,Public,,public,,,COLLEGE_CAMPUS,,,,,,,Free,,,,,,,,,,true,,,,,,,,LD,false,
ELEC,Wright State University - Lot 1A,3640 Colonel Glenn Hwy,,Fairborn,OH,45324,,937-775-5690,E,,Public,24 hours daily; must have parking permit,,,,,,2,,,Non-Networked,,200-9,39.781158,-84.063072,2023-08-10,92127,2026-06-19 15:02:48 UTC,P,,,2018-01-01,,,,,J1772,US,,,,Public,,public,,,COLLEGE_CAMPUS,,,,,,,Free,,,,,,,,,,true,,,,,,,,LD,false,
ELEC,HDMA-ADC HRAO 1 1,21001 OH-739,Associate Parking Lot,Raymond,OH,43067,,888-758-4389,E,,Public,24 hours daily,,,,,,2,,,ChargePoint Network,https://www.chargepoint.com,GPS,40.302912,-83.527571,2026-08-19,92359,2026-08-19 01:14:14 UTC,,,,2018-03-07,,,,,J1772,US,,,,Public,,public,,,,,,,,,,,,,,,,,,,,false,,,,,,,,,false,
ELEC,HDMA-ADC HRAO 2 1,21001 OH-739,Associate parking lot,Raymond,OH,43067,,888-758-4389,E,,Public,24 hours daily,,,,,,2,,,ChargePoint Network,https://www.chargepoint.com,GPS,40.302863,-83.527515,2026-08-19,92360,2026-08-19 01:14:14 UTC,,,,2018-03-07,,,,,J1772,US,,,,Public,,public,,,,,,,,,,,,,,,,,,,,false,,,,,,,,,false,
ELEC,OHIO STATE UNV 9TH EAST GARAGE,337 W 9th Ave,"Effective March 2, 2026, the electric vehicle (EV) charging station usage rate will be $.50 kwh. Visit ttm.osu.edu - Other Transit and Services for more information.",Columbus,OH,43201,,888-758-4389,E,,Public,24 hours daily,,,,,,2,,,ChargePoint Network,https://www.chargepoint.com,GPS,39.993138,-83.015898,2026-08-19,92373,2026-08-19 01:13:54 UTC,,,,2018-03-07,,,,,J1772,US,,,,Public,,public,,,,,,,,,,,,,,,,,,,,false,,,,,,,,,false,
ELEC,OHIO STATE UNV LANE AVE GARAGE,2100 Neil Ave,"Effective March 2, 2026, the electric vehicle (EV) charging station usage rate will be $.50 kwh. Visit ttm.osu.edu - Other Transit and Services for more information.",Columbus,OH,43210,,888-758-4389,E,,Public,24 hours daily,,,,,,2,,,ChargePoint Network,https://www.chargepoint.com,GPS,40.00584,-83.016042,2026-08-19,92374,2026-08-19 01:13:54 UTC,,,,2018-03-07,,,,,J1772,US,,,,Public,,public,,,,,,,,,,,,,,,,,,,,false,,,,,,,,,false,
ELEC,BROADVIEW THE BROADVIEW1,1414 Broadview Ave,"Station for tenants use only, not public",Columbus,OH,43212,,888-758-4389,E,,Public,24 hours daily,,,,,,2,,,ChargePoint Network,https://www.chargepoint.com,GPS,39.986383,-83.045413,2026-08-19,92402,2026-08-19 01:12:41 UTC,,,,2018-03-07,,,,,J1772,US,,,,Public,,public,,,,,,,,,,,,,,,,,,,,false,,,,,,,,,false,
ELEC,Douglas Insurance Agency,11 W Main St,Located in the rear of the building,Dalton,OH,44618,,330-828-1353,E,,Public,24 hours daily,,,,,,1,,,Non-Networked,,GPS,40.7985,-81.695396,2026-07-15,95008,2026-07-15 18:38:56 UTC,P,,,2018-03-20,,,,,J1772,US,,,,Public,,public,,,OFFICE_BLDG,,,,,,,Free,,,,,,,,,,false,,,,,,,,LD,false,
ELEC,AAA BSTS DENT EVSE 01,5977 Harrison Ave,Bob Sumerel Tire & Service. Station is located to right of building.,Cincinnati,OH,45248,,888-758-4389,E,,Public,24 hours daily,,,,,,2,,,ChargePoint Network,https://www.chargepoint.com,GPS,39.177812,-84.645758,2026-08-19,96820,2026-08-19 01:07:38 UTC,,,,2018-04-26,,,,,J1772,US,,,,Public,,public,,,,,,,,,,,,,,,,,,,,false,,,,,,,,,false,
ELEC,OHIO STATE UNV CAR LEVEL 3,930 Kinnear Rd,"Effective March 2, 2026, the electric vehicle (EV) charging station usage rate will be $.50 kwh. Visit ttm.osu.edu - Other Transit and Services for more information.",Columbus,OH,43212,,888-758-4389,E,,Public,24 hours daily,,,,,,,1,,ChargePoint Network,https://www.chargepoint.com,GPS,39.997985,-83.033071,2026-08-19,98595,2026-08-19 01:36:45 UTC,,,,2018-05-30,,,,,CHADEMO J1772COMBO,US,,,,Public,,public,,,,,,,,,,,,,,,,,,,,false,,,,,,,,,false,
ELEC,DUBLIN FLEET REC CENTER,5600 Post Rd,,Dublin,OH,43017,,888-758-4389,E,,Public,24 hours daily,,,,,,2,,,ChargePoint Network,https://www.chargepoint.com,GPS,40.106791,-83.13932,2026-08-19,99369,2026-08-19 01:17:09 UTC,,,,2018-06-19,,,,,J1772,US,,,,Public,,public,,,,,,,,,,,,,,,,,,,,false,,,,,,,,,false,
ELEC,HTM HTM STATION 1,6964 OH-235,Near Associate Entrance,Russells Point,OH,43348,,888-758-4389,E,,Public,24 hours daily,,,,,,2,,,ChargePoint Network,https://www.chargepoint.com,GPS,40.446709,-83.901702,2026-08-19,100349,2026-08-19 01:18:24 UTC,,,,2018-08-11,,,,,J1772,US,,,,Public,,public,,,,,,,,,,,,,,,,,,,,false,,,,,,,,,false,
ELEC,"Cambridge, OH - Tesla Supercharger",2101 Southgate Parkway,,Cambridge,OH,43725,,877-798-3752,E,,Public,24 hours daily. Open to Teslas only.,,,,,,,8,,Tesla,https://www.tesla.com/supercharger,200-9,40.003573,-81.575032,2026-06-18,102353,2026-06-18 14:46:21 UTC,P,,,2017-07-26,,,,,TESLA,US,,,,Public,,public,,,GAS_STATION,,,,,,,,,,,,,,,,,false,,,,,,,,,true,
ELEC,"West Cincinnati, OH - Tesla Supercharger",6550 Harrison Avenue,,Cincinnati,OH,45247,,877-798-3752,E,,Public,24 hours daily. Open to Teslas only.,,,,,,,12,,Tesla,https://www.tesla.com/supercharger,200-9,39.193654,-84.659193,2026-06-18,102354,2026-06-18 14:46:21 UTC,P,,,2018-04-13,,,,,TESLA,US,,,,Public,,public,,,SHOPPING_CENTER,,,,,,,,,,,,,,,,,false,,,,,,,,,true,
ELEC,"Dayton, OH - Tesla Supercharger",9200 N Main Street,,Dayton,OH,45415,,877-798-3752,E,,Public,24 hours daily. Open to Teslas only.,,,,,,,8,,Tesla,https://www.tesla.com/supercharger,200-9,39.858684,-84.277014,2026-06-18,102355,2026-06-18 14:46:21 UTC,P,,,2014-11-12,,,,,TESLA,US,,,,Public,,public,,,GROCERY,,,,,,,,,,,,,,,,,false,,,,,,,,,true,
ELEC,"Grove City, OH - Tesla Supercharger",2221 Stringtown Rd,,Grove City,OH,43123,,877-798-3752,E,,Public,24 hours daily. Open to Teslas only.,,,,,,,8,,Tesla,https://www.tesla.com/supercharger,200-8,39.877162,-83.063413,2026-06-18,102356,2026-06-18 14:46:21 UTC,P,,,2015-01-16,,,,,TESLA,US,,,,Public,,public,,,SHOPPING_CENTER,,,,,,,,,,,,,,,,,false,,,,,,,,,true,
ELEC,"Lima, OH - Tesla Supercharger",1933 Roschman Ave.,,Lima,OH,45804,,877-798-3752,E,,Public,24 hours daily. Open to Teslas only.,,,,,,,8,,Tesla,https://www.tesla.com/supercharger,200-8,40.726644,-84.071899,2026-06-18,102357,2026-06-18 14:46:21 UTC,P,,,2014-12-23,,,,,TESLA,US,,,,Public,,public,,,HOTEL,,,,,,,,,,,,,,,,,false,,,,,,,,,true,
ELEC,"Macedonia, OH - Tesla Supercharger",8210 Macedonia Commons Blvd.,,Macedonia,OH,44056,,877-798-3752,E,,Public,24 hours daily. Open to Teslas only.,,,,,,,6,,Tesla,https://www.tesla.com/supercharger,200-9,41.313662,-81.516977,2026-06-18,102358,2026-06-18 14:46:21 UTC,P,,,2014-01-15,,,,,TESLA,US,,,,Public,,public,,,SHOPPING_CENTER,,,,,,,,,,,,,,,,,false,,,,,,,,,true,
ELEC,"Maumee, OH - Tesla Supercharger",1385 Conant Street,,Maumee,OH,43537,,877-798-3752,E,,Public,24 hours daily. Open to Teslas only.,,,,,,,8,,Tesla,https://www.tesla.com/supercharger,200-9,41.578413,-83.664709,2026-06-18,102359,2026-06-18 14:46:21 UTC,P,,,2014-01-13,,,,,TESLA,US,,,,Public,,public,,,GROCERY,,,,,,,,,,,,,,,,,false,,,,,,,,,true,
ELEC,"Mt. Gilead, OH - Tesla Supercharger",6200 State Route 95,,Mt. Gilead,OH,43338,,877-798-3752,E,,Public,24 hours daily. Open to Teslas only.,,,,,,,8,,Tesla,https://www.tesla.com/supercharger,200-9,40.493825,-82.713002,2026-06-18,102360,2026-06-18 14:46:21 UTC,P,,,2016-12-15,,,,,TESLA,US,,,,Public,,public,,,RESTAURANT,,,,,,,,,,,,,,,,,false,,,,,,,,,true,
ELEC,"Sandusky, OH - Tesla Supercharger",4702 Milan Road,,Sandusky,OH,44870,,877-798-3752,E,,Public,24 hours daily. Open to Teslas only.,,,,,,,10,,Tesla,https://www.tesla.com/supercharger,200-9,41.410157,-82.662928,2026-06-18,102361,2026-06-18 14:46:21 UTC,P,,,2018-06-30,,,,,TESLA,US,,,,Public,,public,,,SHOPPING_CENTER,,,,,,,,,,,,,,,,,false,,,,,,,,,true,
ELEC,"Sheffield, OH - Tesla Supercharger",5295 Detroit Road,,Sheffield,OH,44054,,877-798-3752,E,,Public,24 hours daily. Open to Teslas only.,,,,,,,8,,Tesla,https://www.tesla.com/supercharger,200-8,41.426991,-82.076349,2026-06-18,102362,2026-06-18 14:46:21 UTC,P,,,2018-02-09,,,,,TESLA,US,,,,Public,,public,,,GAS_STATION,,,,,,,,,,,,,,,,,false,,,,,,,,,true,
ELEC,"Strongsville, OH - Tesla Supercharger",9037 Pearl Road,,Strongsville,OH,44136,,877-798-3752,E,,Public,24 hours daily. Open to Teslas only.,,,,,,,8,,Tesla,https://www.tesla.com/supercharger,200-9,41.343337,-81.824925,2026-06-18,102363,2026-06-18 14:46:21 UTC,P,,,2018-02-08,,,,,TESLA,US,,,,Public,,public,,,GAS_STATION,,,,,,,,,,,,,,,,,false,,,,,,,,,true,
ELEC,"Toledo, OH - Tesla Supercharger",1500 E. Alexis Road,,Toledo,OH,43612,,877-798-3752,E,,Public,24 hours daily. Open to Teslas only.,,,,,,,10,,Tesla,https://www.tesla.com/supercharger,200-9,41.721565,-83.509205,2026-06-18,102364,2026-06-18 14:46:21 UTC,P,,,2017-12-03,,,,,TESLA,US,,,,Public,,public,,,GROCERY,,,,,,,,,,,,,,,,,false,,,,,,,,,true,
ELEC,American Municipal Partners - Headquarters,1111 Schrock Rd,,Columbus,OH,43229,,,E,,Private,For employee and visitor use only,,,,,,2,,,Non-Networked,,GPS,40.103724,-82.985083,2026-07-15,102758,2026-07-15 18:38:56 UTC,T,,,2018-01-31,,,,,J1772,US,,,,Privé,,private,,,OFFICE_BLDG,,,,,,,Free,,,,,,,,,,,,,,,,,,LD,true,
ELEC,Kings Chrysler Jeep Dodge Ram,4486 Kings Water Dr,,Cincinnati,OH,45249,,513-683-3000,E,,Public - Call ahead,Dealership business hours,,,,,,2,,,Non-Networked,,200-9,39.298491,-84.303861,2026-07-15,103631,2026-07-15 18:38:56 UTC,P,,,2017-05-01,,,,,J1772,US,,,,Public - Appeler à l'avance,,public,CALL,,CAR_DEALER,,,,,,,,,,,,,,,,,true,,,,,,,,LD,false,
ELEC,CITY OF WOOSTER NE QUAD 1,121 N Market St,Wooster Center Green,Wooster,OH,44691,,888-758-4389,E,,Public,24 hours daily,,,,,,2,,,ChargePoint Network,https://www.chargepoint.com,GPS,40.798678,-81.939838,2026-08-19,103821,2026-08-19 01:18:37 UTC,,,,2018-10-02,,,,,J1772,US,,,,Public,,public,,,,,,,,,,,,,,,,,,,,false,,,,,,,,,false,
ELEC,City of Hilliard - Center Street,5396 Center St,,Hilliard,OH,43026,,614-876-7361,E,,Public,24 hours daily,,,,,,4,,,Non-Networked,,200-8,40.035508,-83.16154,2025-12-12,104143,2026-02-02 23:16:24 UTC,LG,,,2011-01-01,,,,,J1772,US,,,,Public,,public,,,PARKING_LOT,,,,,,,$0.20 per kWh,,,,,,,,,,false,,,,,,,,LD,false,
ELEC,Lee Kinstle GM,650 E Ervin Rd,,Van Wert,OH,45891,,877-466-2189,E,,Public,24 hours daily,,,,,,1,,,Non-Networked,,GPS,40.858477,-84.591509,2025-07-03,104256,2026-02-02 23:16:24 UTC,P,,,2018-10-01,,,,,J1772,US,,,,Public,,public,,,CAR_DEALER,,,,,,,Free,,,,,,,,,,false,,,,,,,,LD,false,
ELEC,RIVER & RICH RIVER & RICH 1,427 W Rich St,In alley way behind River and Rich Apartments. Full power (6.6kW) available at each port if only one vehicle but shared between all four ports if multiple vehicles plug in.,Columbus,OH,43215,,888-758-4389,E,,Public,24 hours daily,,,,,,2,,,ChargePoint Network,https://www.chargepoint.com,GPS,39.956039,-83.011169,2026-08-19,104487,2026-08-19 01:15:27 UTC,,,,2018-11-02,,,,,J1772,US,,,,Public,,public,,,,,,,,,,,,,,,,,,,,false,,,,,,,,,false,
ELEC,RIVER & RICH RIVER & RICH 2,447 W Rich St,"This station is currently experiencing some hit or miss issues. I have dispatched CP to have the station repaired. In the meantime, it still works, just might be hit or miss.",Columbus,OH,43215,,888-758-4389,E,,Public,24 hours daily,,,,,,2,,,ChargePoint Network,https://www.chargepoint.com,GPS,39.955717,-83.01158,2026-08-19,104488,2026-08-19 01:15:27 UTC,,,,2018-11-02,,,,,J1772,US,,,,Public,,public,,,,,,,,,,,,,,,,,,,,false,,,,,,,,,false,
ELEC,METROHEALTH1 P2-#1,1700 Southpoint Dr,,Cleveland,OH,44109,,888-758-4389,E,,Public,24 hours daily,,,,,,2,,,ChargePoint Network,https://www.chargepoint.com,GPS,41.460771,-81.69626,2026-08-19,104632,2026-08-19 01:16:31 UTC,,,,2018-11-09,,,,,J1772,US,,,,Public,,public,,,,,,,,,,,,,,,,,,,,false,,,,,,,,,false,
ELEC,OHIO STATE UNV SCHUMAKER2,630 Trumbull Ct,"Effective March 2, 2026, the electric vehicle (EV) charging station usage rate will be $.50 kwh. Visit ttm.osu.edu - Other Transit and Services for more information.",Columbus,OH,43210,,888-758-4389,E,,Public,24 hours daily,,,,,,1,,,ChargePoint Network,https://www.chargepoint.com,GPS,40.012961,-83.026331,2026-08-19,104716,2026-08-19 01:14:50 UTC,,,,2018-11-15,,,,,J1772,US,,,,Public,,public,,,,,,,,,,,,,,,,,,,,false,,,,,,,,,false,
ELEC,LAZ COLUMBUS OH CHESTNUT 03,44 E Chestnut St,West side near Elevators,Columbus,OH,43215,,888-758-4389,E,,Public,24 hours daily,,,,,,2,,,ChargePoint Network,https://www.chargepoint.com,GPS,39.968072,-83.000745,2026-08-19,105537,2026-08-19 01:22:16 UTC,,,,2019-01-01,,,,,J1772,US,,,,Public,,public,,,,,,,,,,,,,,,,,,,,false,,,,,,,,,false,
ELEC,LAZ COLUMBUS OH NEIL GARAGE 1,300 Neil Ave,,Columbus,OH,43215,,888-758-4389,E,,Public,24 hours daily,,,,,,2,,,ChargePoint Network,https://www.chargepoint.com,GPS,39.967337,-83.009027,2026-08-19,105538,2026-08-19 01:19:51 UTC,,,,2019-01-01,,,,,J1772,US,,,,Public,,public,,,,,,,,,,,,,,,,,,,,false,,,,,,,,,false,
ELEC,LAZ COLUMBUS OH ARENACROSSING 2,445 N Front St,Arena Crossing parking garage - Monthly Parkers Only,Columbus,OH,43215,,888-758-4389,E,,Public,24 hours daily,,,,,,2,,,ChargePoint Network,https://www.chargepoint.com,GPS,39.971236,-83.0051,2026-08-19,105539,2026-08-19 01:19:52 UTC,,,,2019-01-01,,,,,J1772,US,,,,Public,,public,,,,,,,,,,,,,,,,,,,,false,,,,,,,,,false,
ELEC,LAZ COLUMBUS OH JMG 2,355 John H McConnell Blvd,,Columbus,OH,43215,,888-758-4389,E,,Public,24 hours daily,,,,,,2,,,ChargePoint Network,https://www.chargepoint.com,GPS,39.968943,-83.008139,2026-08-19,105540,2026-08-19 01:19:51 UTC,,,,2019-01-01,,,,,J1772,US,,,,Public,,public,,,,,,,,,,,,,,,,,,,,false,,,,,,,,,false,
ELEC,Papa Joe's - Tesla Destination,1561 Akron Peninsula Rd,,Akron,OH,44313,,877-798-3752,E,,Public,,,,,,,2,,,Tesla Destination,https://www.tesla.com/destination-charging,200-9,41.137742,-81.547282,2024-07-01,115253,2025-02-12 00:16:32 UTC,P,,,2014-05-22,,,,,TESLA,US,,,,Public,,public,,,RESTAURANT,,,,,,,,,,,,,,,,,,,,,,,,,,false,
ELEC,DoubleTree by Hilton Hotel Akron - Fairlawn - Tesla Destination,3150 W Market St,,Akron,OH,44333,,877-798-3752,E,,Public,,,,,,,3,,,Tesla Destination,https://www.tesla.com/destination-charging,200-9,41.130044,-81.615561,2024-07-01,115254,2025-02-12 00:16:32 UTC,P,,,2018-05-31,,,,,J1772 TESLA,US,,,,Public,,public,,,HOTEL,,,,,,,,,,,,,,,,,,,,,,,,,,false,
ELEC,Hilton Akron/Fairlawn Hotel & Suites - Tesla Destination,3180 W Market St,,Akron,OH,44333,,877-798-3752,E,,Public,,,,,,,3,,,Tesla Destination,https://www.tesla.com/destination-charging,200-9,41.130631,-81.61655,2024-07-01,115255,2025-02-12 00:16:32 UTC,P,,,2018-05-31,,,,,J1772 TESLA,US,,,,Public,,public,,,HOTEL,,,,,,,,,,,,,,,,,,,,,,,,,,false,
ELEC,Courtyard by Marriott Akron Downtown - Tesla Destination,41 Furnace St,,Akron,OH,44308,,877-798-3752,E,,Public,,,,,,,2,,,Tesla Destination,https://www.tesla.com/destination-charging,200-9,41.088771,-81.515045,2024-07-01,115256,2025-02-12 00:16:32 UTC,P,,,2017-07-17,,,,,J1772 TESLA,US,,,,Public,,public,,,HOTEL,,,,,,,,,,,,,,,,,,,,,,,,,,false,
ELEC,Embassy Suites Akron-Canton Airport - Tesla Destination,7883 Freedom Ave NW,,Akron,OH,44720,,877-798-3752,E,,Public,,,,,,,2,,,Tesla Destination,https://www.tesla.com/destination-charging,200-9,40.895482,-81.429805,2024-07-01,115257,2025-02-12 00:16:32 UTC,P,,,2017-10-05,,,,,J1772 TESLA,US,,,,Public,,public,,,HOTEL,,,,,,,,,,,,,,,,,,,,,,,,,,false,
ELEC,Walden Inn - Tesla Destination,1119 Aurora Hudson Rd,,Aurora,OH,44202,,877-798-3752,E,,Public,,,,,,,1,,,Tesla Destination,https://www.tesla.com/destination-charging,200-9,41.28741,-81.360834,2024-07-01,115258,2025-02-12 00:16:32 UTC,P,,,2017-01-04,,,,,TESLA,US,,,,Public,,public,,,INN,,,,,,,,,,,,,,,,,,,,,,,,,,false,
ELEC,Hampton Inn Ashtabula - Tesla Destination,2900 Gh Dr,,Austinburg,OH,44010,,877-798-3752,E,,Public,,,,,,,1,,,Non-Networked,,200-8,41.783837,-80.857541,2024-07-01,115259,2025-02-12 00:16:32 UTC,P,,,2016-06-23,,,,,J1772,US,,,,Public,,public,,,HOTEL,,,,,,,,,,,,,,,,,,,,,,,,,,false,
ELEC,Riverside Gables Bed & Breakfast - Tesla Destination,50 N Rocky River Dr,,Berea,OH,44017,,877-798-3752,E,,Public,,,,,,,2,,,Tesla Destination,https://www.tesla.com/destination-charging,200-9,41.370068,-81.85471,2024-07-01,115260,2025-02-12 00:16:32 UTC,P,,,2015-06-02,,,,,J1772 TESLA,US,,,,Public,,public,,,B_AND_B,,,,,,,,,,,,,,,,,,,,,,,,,,false,
ELEC,Bexley Bed and Breakfast - Tesla Destination,519 S Drexel Ave,,Bexley,OH,43209,,877-798-3752,E,,Public,,,,,,,2,,,Tesla Destination,https://www.tesla.com/destination-charging,200-9,39.958296,-82.938421,2024-07-01,115261,2025-02-12 00:16:32 UTC,P,,,2017-07-31,,,,,J1772 TESLA,US,,,,Public,,public,,,B_AND_B,,,,,,,,,,,,,,,,,,,,,,,,,,false,
ELEC,Wingate by Wyndham Cincinnati-Blue Ash - Tesla Destination,4320 Glendale Milford Rd,,Blue Ash,OH,45242,,877-798-3752,E,,Public,,,,,,,2,,,Tesla Destination,https://www.tesla.com/destination-charging,200-8,39.252643,-84.388081,2024-07-01,115262,2025-02-12 00:16:32 UTC,P,,,2016-10-18,,,,,TESLA,US,,,,Public,,public,,,HOTEL,,,,,,,,,,,,,,,,,,,,,,,,,,false,
ELEC,Fairfield Inn & Suites by Marriott Canton South - Tesla Destination,4025 Greentree Ave SW,,Canton,OH,44706,,877-798-3752,E,,Public,,,,,,,4,,,Tesla Destination,https://www.tesla.com/destination-charging,200-9,40.752273,-81.404033,2024-07-01,115263,2025-02-12 00:16:32 UTC,P,,,2018-08-13,,,,,J1772 TESLA,US,,,,Public,,public,,,HOTEL,,,,,,,,,,,,,,,,,,,,,,,,,,false,
ELEC,MadTree Brewing - Tesla Destination,3301 Madison Rd,,Cincinnati,OH,45209,,877-798-3752,E,,Public,,,,,,,4,,,Tesla Destination,https://www.tesla.com/destination-charging,GPS,39.156247,-84.423941,2024-07-01,115264,2025-02-12 00:16:32 UTC,P,,,2018-05-15,,,,,J1772 TESLA,US,,,,Public,,public,,,RESTAURANT,,,,,,,,,,,,,,,,,,,,,,,,,,false,
ELEC,Hilton Cincinnati Netherland Plaza - Tesla Destination,35 W 5th St,,Cincinnati,OH,45202,,877-798-3752,E,,Public,,,,,,,2,,,Tesla Destination,https://www.tesla.com/destination-charging,200-9,39.100893,-84.514191,2024-07-01,115265,2025-02-12 00:16:32 UTC,P,,,2014-12-02,,,,,TESLA,US,,,,Public,,public,,,HOTEL,,,,,,,,,,,,,,,,,,,,,,,,,,false,
ELEC,Envision Cinemas Bar & Grille - Tesla Destination,4780 Cornell Rd,,Cincinnati,OH,45241,,877-798-3752,E,,Public,,,,,,,2,,,Tesla Destination,https://www.tesla.com/destination-charging,200-9,39.270393,-84.373524,2024-07-01,115266,2025-02-12 00:16:32 UTC,P,,,2015-12-14,,,,,TESLA,US,,,,Public,,public,,,RESTAURANT,,,,,,,,,,,,,,,,,,,,,,,,,,false,
ELEC,21c Hotel Cincinnati - Tesla Destination,609 Walnut St,,Cincinnati,OH,45202,,877-798-3752,E,,Public,,,,,,,3,,,Tesla Destination,https://www.tesla.com/destination-charging,200-9,39.103088,-84.512057,2024-07-01,115267,2025-02-12 00:16:32 UTC,P,,,2014-09-19,,,,,J1772 TESLA,US,,,,Public,,public,,,HOTEL,,,,,,,,,,,,,,,,,,,,,,,,,,false,
ELEC,SpringHill Suites by Marriott Cincinnatti Midtown - Tesla Destination,610 Eden Park Dr,,Cincinnati,OH,45202,,877-798-3752,E,,Public,,,,,,,4,,,Tesla Destination,https://www.tesla.com/destination-charging,GPS,39.117838,-84.498394,2024-07-01,115268,2025-02-12 00:16:32 UTC,P,,,2018-03-16,,,,,J1772 TESLA,US,,,,Public,,public,,,HOTEL,,,,,,,,,,,,,,,,,,,,,,,,,,false,
ELEC,Meier's Wine Cellars - Tesla Destination,6955 Plainfield Rd,,Cincinnati,OH,45236,,877-798-3752,E,,Public,,,,,,,4,,,Tesla Destination,https://www.tesla.com/destination-charging,200-9,39.195425,-84.401134,2024-07-01,115269,2025-02-12 00:16:32 UTC,P,,,2018-03-14,,,,,J1772 TESLA,US,,,,Public,,public,,,BREWERY_DISTILLERY_WINERY,,,,,,,,,,,,,,,,,,,,,,,,,,false,
ELEC,Mariemont Promenade - Tesla Destination,7257 Wooster Pike,,Cincinnati,OH,45227,,877-798-3752,E,,Public,,,,,,,2,,,Tesla Destination,https://www.tesla.com/destination-charging,200-9,39.144032,-84.366115,2024-07-01,115270,2025-02-12 00:16:32 UTC,P,,,2017-04-11,,,,,TESLA,US,,,,Public,,public,,,SHOPPING_CENTER,,,,,,,,,,,,,,,,,,,,,,,,,,false,
ELEC,Shooters on the Water - Tesla Destination,1148 Main Ave,,Cleveland,OH,44113,,877-798-3752,E,,Public,,,,,,,3,,,Tesla Destination,https://www.tesla.com/destination-charging,200-9,41.498136,-81.707145,2024-07-01,115271,2025-02-12 00:16:32 UTC,P,,,2015-08-14,,,,,J1772 TESLA,US,,,,Public,,public,,,RESTAURANT,,,,,,,,,,,,,,,,,,,,,,,,,,false,
ELEC,Great Lakes Science Center - Parking Garage Level 1 - Tesla Destination,601 Erieside Ave,,Cleveland,OH,44114,,877-798-3752,E,,Public,,,,,,,3,,,Tesla Destination,https://www.tesla.com/destination-charging,200-9,41.507727,-81.69852,2024-07-01,115273,2025-02-12 00:16:32 UTC,P,,,2017-10-23,,,,,J1772 TESLA,US,,,,Public,,public,,,MUSEUM,,,,,,,,,,,,,,,,,,,,,,,,,,false,
ELEC,Neil Avenue Bed and Breakfast - Tesla Destination,1237 Neil Ave,,Columbus,OH,43201,,877-798-3752,E,,Public,,,,,,,1,,,Tesla Destination,https://www.tesla.com/destination-charging,200-9,39.986688,-83.013276,2024-07-01,115274,2025-02-12 00:16:32 UTC,P,,,2017-08-09,,,,,TESLA,US,,,,Public,,public,,,B_AND_B,,,,,,,,,,,,,,,,,,,,,,,,,,false,
ELEC,SpringHill Suites by Marriott Columbus OSU - Tesla Destination,1421 Olentangy River Rd,,Columbus,OH,43212,,877-798-3752,E,,Public,,,,,,,2,,,Tesla Destination,https://www.tesla.com/destination-charging,200-9,39.988937,-83.026347,2024-07-01,115275,2025-02-12 00:16:32 UTC,P,,,2017-09-13,,,,,J1772 TESLA,US,,,,Public,,public,,,HOTEL,,,,,,,,,,,,,,,,,,,,,,,,,,false,
ELEC,Four Points by Sheraton Columbus Ohio Airport - Tesla Destination,3030 Plaza Properties Blvd,,Columbus,OH,43219,,877-798-3752,E,,Public,,,,,,,4,,,Tesla Destination,https://www.tesla.com/destination-charging,200-8,40.003249,-82.927424,2024-07-01,115276,2025-02-12 00:16:32 UTC,P,,,2017-06-26,,,,,J1772 TESLA,US,,,,Public,,public,,,HOTEL,,,,,,,,,,,,,,,,,,,,,,,,,,false,
ELEC,Residence Inn Columbus University Area - Tesla Destination,3100 Olentangy River Rd,,Columbus,OH,43202,,877-798-3752,E,,Public,,,,,,,4,,,Tesla Destination,https://www.tesla.com/destination-charging,200-9,40.024204,-83.025287,2024-07-01,115277,2025-02-12 00:16:32 UTC,P,,,2017-09-06,,,,,J1772 TESLA,US,,,,Public,,public,,,HOTEL,,,,,,,,,,,,,,,,,,,,,,,,,,false,
ELEC,OhioHealth Riverside Hospital - Visitor's Lot - Tesla Destination,3535 Olentangy River Rd,,Columbus,OH,43214,,877-798-3752,E,,Public,,,,,,,1,,,Tesla Destination,https://www.tesla.com/destination-charging,200-8,40.030609,-83.034292,2024-07-01,115278,2025-02-12 00:16:32 UTC,P,,,2017-12-21,,,,,TESLA,US,,,,Public,,public,,,HOSPITAL,,,,,,,,,,,,,,,,,,,,,,,,,,false,
ELEC,Residence Inn by Marriott Columbus Downtown - Tesla Destination,36 E Gay St,,Columbus,OH,43215,,877-798-3752,E,,Public,,,,,,,4,,,Tesla Destination,https://www.tesla.com/destination-charging,200-9,39.964096,-82.999809,2024-07-01,115279,2025-02-12 00:16:32 UTC,P,,,2017-07-05,,,,,J1772 TESLA,US,,,,Public,,public,,,HOTEL,,,,,,,,,,,,,,,,,,,,,,,,,,false,
ELEC,Hilton Columbus at Easton - Tesla Destination,3900 Chagrin Dr.,,Columbus,OH,43219,,877-798-3752,E,,Public,,,,,,,1,,,Tesla Destination,https://www.tesla.com/destination-charging,200-8,40.050521,-82.912239,2024-07-01,115280,2025-02-12 00:16:32 UTC,P,,,2015-11-10,,,,,TESLA,US,,,,Public,,public,,,HOTEL,,,,,,,,,,,,,,,,,,,,,,,,,,false,
ELEC,Hilton Columbus Downtown - Tesla Destination,401 N High St,,Columbus,OH,43215,,877-798-3752,E,,Public,,,,,,,2,,,Tesla Destination,https://www.tesla.com/destination-charging,200-9,39.971151,-83.002496,2024-07-01,115281,2025-02-12 00:16:32 UTC,P,,,2015-11-09,,,,,TESLA,US,,,,Public,,public,,,HOTEL,,,,,,,,,,,,,,,,,,,,,,,,,,false,
ELEC,Holiday Inn Columbus - Hilliard - Tesla Destination,5495 Maxwell Pl,,Columbus,OH,43228,,877-798-3752,E,,Public,,,,,,,4,,,Tesla Destination,https://www.tesla.com/destination-charging,200-8,39.978948,-83.145259,2024-07-01,115282,2025-02-12 00:16:32 UTC,P,,,2017-10-16,,,,,J1772 TESLA,US,,,,Public,,public,,,HOTEL,,,,,,,,,,,,,,,,,,,,,,,,,,false,
ELEC,The Timbrook Guesthouse - Tesla Destination,5811 Olentangy River Rd,,Columbus,OH,43235,,877-798-3752,E,,Public,,,,,,,2,,,Tesla Destination,https://www.tesla.com/destination-charging,200-9,40.078735,-83.039626,2024-07-01,115283,2025-02-12 00:16:32 UTC,P,,,2016-11-07,,,,,J1772 TESLA,US,,,,Public,,public,,,HOTEL,,,,,,,,,,,,,,,,,,,,,,,,,,false,
ELEC,Hampton Inn & Suites Scioto Downs - Tesla Destination,5950 S High St,,Columbus,OH,43137,,877-798-3752,E,,Public,,,,,,,3,,,Tesla Destination,https://www.tesla.com/destination-charging,200-8,39.83976,-82.998217,2024-07-01,115284,2025-02-12 00:16:32 UTC,P,,,2017-12-04,,,,,TESLA,US,,,,Public,,public,,,HOTEL,,,,,,,,,,,,,,,,,,,,,,,,,,false,
ELEC,Hyatt Place Columbus/Worthington - Tesla Destination,7490 Vantage Dr,,Columbus,OH,43235,,877-798-3752,E,,Public,,,,,,,3,,,Tesla Destination,https://www.tesla.com/destination-charging,200-8,40.115967,-83.013604,2024-07-01,115285,2025-02-12 00:16:32 UTC,P,,,2017-03-02,,,,,J1772 TESLA,US,,,,Public,,public,,,HOTEL,,,,,,,,,,,,,,,,,,,,,,,,,,false,
ELEC,Four Points by Sheraton Columbus - Polaris - Tesla Destination,8505 Pulsar Pl,,Columbus,OH,43240,,877-798-3752,E,,Public,,,,,,,4,,,Tesla Destination,https://www.tesla.com/destination-charging,200-8,40.141179,-82.967623,2024-07-01,115286,2025-02-12 00:16:32 UTC,P,,,2017-08-28,,,,,J1772 TESLA,US,,,,Public,,public,,,HOTEL,,,,,,,,,,,,,,,,,,,,,,,,,,false,
ELEC,Cambria hotel & suites Columbus - Polaris - Tesla Destination,9100 Lyra Dr,,Columbus,OH,43240,,877-798-3752,E,,Public,,,,,,,3,,,Tesla Destination,https://www.tesla.com/destination-charging,200-8,40.150777,-82.973907,2024-07-01,115287,2025-02-12 00:16:32 UTC,P,,,2017-04-27,,,,,J1772 TESLA,US,,,,Public,,public,,,HOTEL,,,,,,,,,,,,,,,,,,,,,,,,,,false,
ELEC,Holiday Inn Columbus Downtown - Capitol Square - Tesla Destination,175 E Town St,,Columbus,OH,43215,,877-798-3752,E,,Public,,,,,,,4,,,Tesla Destination,https://www.tesla.com/destination-charging,200-8,39.958798,-82.994743,2024-07-01,115288,2025-02-12 00:16:32 UTC,P,,,2017-08-31,,,,,J1772 TESLA,US,,,,Public,,public,,,HOTEL,,,,,,,,,,,,,,,,,,,,,,,,,,false,
ELEC,Best Western Plus - West Akron Inn & Suites - Tesla Destination,160 Montrose West Ave,,Copley,OH,44321,,877-798-3752,E,,Public,,,,,,,2,,,Tesla Destination,https://www.tesla.com/destination-charging,200-9,41.1297,-81.654725,2024-07-01,115289,2025-02-12 00:16:32 UTC,P,,,2015-12-23,,,,,TESLA,US,,,,Public,,public,,,HOTEL,,,,,,,,,,,,,,,,,,,,,,,,,,false,
ELEC,Sheraton Suites Akron Cuyahoga Falls - Tesla Destination,1989 Front St,,Cuyahoga Falls,OH,44221,,877-798-3752,E,,Public,,,,,,,6,,,Tesla Destination,https://www.tesla.com/destination-charging,200-8,41.133091,-81.483154,2024-07-01,115290,2025-02-12 00:16:32 UTC,P,,,2018-08-14,,,,,J1772 TESLA,US,,,,Public,,public,,,HOTEL,,,,,,,,,,,,,,,,,,,,,,,,,,false,
ELEC,"The White Oak Inn, a Select Registry Property - Tesla Destination",29683 Walhonding Rd,,Danville,OH,43014,,877-798-3752,E,,Public,,,,,,,2,,,Tesla Destination,https://www.tesla.com/destination-charging,200-9,40.383155,-82.2118,2024-07-01,115291,2025-02-12 00:16:32 UTC,P,,,2015-03-31,,,,,TESLA,US,,,,Public,,public,,,INN,,,,,,,,,,,,,,,,,,,,,,,,,,false,
ELEC,Marriott at the University of Dayton - Tesla Destination,1414 S Paterson Blvd,,Dayton,OH,45409,,877-798-3752,E,,Public,,,,,,,2,,,Tesla Destination,https://www.tesla.com/destination-charging,200-8,39.737425,-84.190497,2024-07-01,115292,2025-02-12 00:16:32 UTC,P,,,2018-07-24,,,,,J1772 TESLA,US,,,,Public,,public,,,HOTEL,,,,,,,,,,,,,,,,,,,,,,,,,,false,
ELEC,Courtyard Dayton-University of Dayton - Tesla Destination,2006 S. Edwin C. Moses Blvd,,Dayton,OH,45417,,877-798-3752,E,,Public,,,,,,,4,,,Tesla Destination,https://www.tesla.com/destination-charging,200-9,39.732444,-84.202428,2024-07-01,115293,2025-02-12 00:16:32 UTC,P,,,2018-02-05,,,,,J1772 TESLA,US,,,,Public,,public,,,HOTEL,,,,,,,,,,,,,,,,,,,,,,,,,,false,
ELEC,Dorothy Lane Market Oakwood - Tesla Destination,2710 Far Hills Ave,,Dayton,OH,45419,,877-798-3752,E,,Public,,,,,,,2,,,Tesla Destination,https://www.tesla.com/destination-charging,200-9,39.706684,-84.169928,2024-07-01,115294,2025-02-12 00:16:32 UTC,P,,,2017-05-12,,,,,J1772 TESLA,US,,,,Public,,public,,,SHOPPING_CENTER,,,,,,,,,,,,,,,,,,,,,,,,,,false,
ELEC,Dorothy Lane Market - Washington Square - Tesla Destination,6177 Far Hills Ave,,Dayton,OH,45459,,877-798-3752,E,,Public,,,,,,,3,,,Tesla Destination,https://www.tesla.com/destination-charging,200-8,39.657592,-84.15936,2024-07-01,115295,2025-02-12 00:16:32 UTC,P,,,2015-05-26,,,,,J1772 TESLA,US,,,,Public,,public,,,SHOPPING_CENTER,,,,,,,,,,,,,,,,,,,,,,,,,,false,
ELEC,Home2 Suites by Hilton Dayton Vandalia - Tesla Destination,6615 Towne Center Dr,,Dayton,OH,45414,,877-798-3752,E,,Public,,,,,,,4,,,Tesla Destination,https://www.tesla.com/destination-charging,GPS,39.844019,-84.195617,2024-07-01,115296,2025-02-12 00:16:32 UTC,P,,,2018-06-12,,,,,J1772 TESLA,US,,,,Public,,public,,,HOTEL,,,,,,,,,,,,,,,,,,,,,,,,,,false,
ELEC,Whispering Pines Bed & Breakfast - Tesla Destination,1268 Magnolia Rd SW,,Dellroy,OH,44620,,877-798-3752,E,,Public,,,,,,,2,,,Tesla Destination,https://www.tesla.com/destination-charging,200-9,40.555629,-81.24124,2024-07-01,115297,2025-02-12 00:16:32 UTC,P,,,2015-05-14,,,,,J1772 TESLA,US,,,,Public,,public,,,B_AND_B,,,,,,,,,,,,,,,,,,,,,,,,,,false,
ELEC,"The Inn at Dresden, a Select Registry Property - Tesla Destination",209 Ames Dr,,Dresden,OH,43821,,877-798-3752,E,,Public,,,,,,,2,,,Tesla Destination,https://www.tesla.com/destination-charging,200-9,40.120546,-82.022756,2024-07-01,115298,2025-02-12 00:16:32 UTC,P,,,2015-03-25,,,,,J1772 TESLA,US,,,,Public,,public,,,INN,,,,,,,,,,,,,,,,,,,,,,,,,,false,
ELEC,Kenyon Inn & Restaurant - Tesla Destination,100 W Wiggin St,,Gambier,OH,43022,,877-798-3752,E,,Public,,,,,,,4,,,Tesla Destination,https://www.tesla.com/destination-charging,200-9,40.376485,-82.397799,2024-07-01,115299,2025-02-12 00:16:32 UTC,P,,,2017-10-25,,,,,J1772 TESLA,US,,,,Public,,public,,,HOTEL,,,,,,,,,,,,,,,,,,,,,,,,,,false,
ELEC,Best Western Executive Inn - Tesla Destination,4026 Jackpot Rd,,Grove City,OH,43123,,877-798-3752,E,,Public,,,,,,,1,,,Tesla Destination,https://www.tesla.com/destination-charging,200-9,39.879803,-83.045505,2024-07-01,115301,2025-02-12 00:16:32 UTC,P,,,2015-01-28,,,,,TESLA,US,,,,Public,,public,,,HOTEL,,,,,,,,,,,,,,,,,,,,,,,,,,false,
ELEC,Courtyard by Marriott Hamilton - Tesla Destination,1 Riverfront Plaza,,Hamilton,OH,45011,,877-798-3752,E,,Public,,,,,,,4,,,Tesla Destination,https://www.tesla.com/destination-charging,200-9,39.401888,-84.563181,2024-07-01,115302,2025-02-12 00:16:32 UTC,P,,,2017-10-11,,,,,J1772 TESLA,US,,,,Public,,public,,,HOTEL,,,,,,,,,,,,,,,,,,,,,,,,,,false,
ELEC,Motel 6 Sandusky- Huron - Tesla Destination,601 Rye Beach Rd,,Huron,OH,44839,,877-798-3752,E,,Public,,,,,,,2,,,Tesla Destination,https://www.tesla.com/destination-charging,200-9,41.402427,-82.591866,2024-07-01,115303,2025-02-12 00:16:32 UTC,P,,,2017-10-20,,,,,TESLA,US,,,,Public,,public,,,HOTEL,,,,,,,,,,,,,,,,,,,,,,,,,,false,
ELEC,Inn and Spa at Cedar Falls - Tesla Destination,21190 State Route 374,,Logan,OH,43138,,877-798-3752,E,,Public,,,,,,,2,,,Tesla Destination,https://www.tesla.com/destination-charging,200-9,39.424961,-82.52534,2024-07-01,115304,2025-02-12 00:16:32 UTC,P,,,2015-07-07,,,,,J1772 TESLA,US,,,,Public,,public,,,INN,,,,,,,,,,,,,,,,,,,,,,,,,,false,
ELEC,Brandywine Country Club - Tesla Destination,6904 Salisbury Rd,,Maumee,OH,43537,,877-798-3752,E,,Public,,,,,,,4,,,Tesla Destination,https://www.tesla.com/destination-charging,200-9,41.58462,-83.705301,2024-07-01,115305,2025-02-12 00:16:32 UTC,P,,,2017-03-06,,,,,TESLA,US,,,,Public,,public,,,REC_SPORTS_FACILITY,,,,,,,,,,,,,,,,,,,,,,,,,,false,
ELEC,Spitzer House Bed And Breakfast - Tesla Destination,504 West Liberty St,,Medina,OH,44256,,877-798-3752,E,,Public,,,,,,,3,,,Tesla Destination,https://www.tesla.com/destination-charging,200-9,41.138903,-81.871307,2024-07-01,115306,2025-02-12 00:16:32 UTC,P,,,2018-03-08,,,,,J1772 TESLA,US,,,,Public,,public,,,B_AND_B,,,,,,,,,,,,,,,,,,,,,,,,,,false,
ELEC,Holiday Inn Express & Suites Medina - Tesla Destination,5185 Gateway Dr,,Medina,OH,44256,,877-798-3752,E,,Public,,,,,,,3,,,Tesla Destination,https://www.tesla.com/destination-charging,200-9,41.133379,-81.78928,2024-07-01,115307,2025-02-12 00:16:32 UTC,P,,,2017-04-20,,,,,J1772 TESLA,US,,,,Public,,public,,,HOTEL,,,,,,,,,,,,,,,,,,,,,,,,,,false,
ELEC,Motel 6 - Tesla Destination,11406 U.S. 250 N,,Milan,OH,44846,,877-798-3752,E,,Public,,,,,,,4,,,Tesla Destination,https://www.tesla.com/destination-charging,200-9,41.329115,-82.620653,2024-07-01,115309,2025-02-12 00:16:32 UTC,P,,,2017-10-16,,,,,TESLA,US,,,,Public,,public,,,HOTEL,,,,,,,,,,,,,,,,,,,,,,,,,,false,
ELEC,Courtyard by Marriott Canton - Tesla Destination,4375 Metro Cir NW,,North Canton,OH,44720,,877-798-3752,E,,Public,,,,,,,2,,,Tesla Destination,https://www.tesla.com/destination-charging,200-9,40.863983,-81.429528,2024-07-01,115311,2025-02-12 00:16:32 UTC,P,,,2018-07-06,,,,,TESLA,US,,,,Public,,public,,,HOTEL,,,,,,,,,,,,,,,,,,,,,,,,,,false,
ELEC,Hilton Garden inn Akron/ Canton Airport - Tesla Destination,5251 Landmark Blvd,,North Canton,OH,44720,,877-798-3752,E,,Public,,,,,,,2,,,Tesla Destination,https://www.tesla.com/destination-charging,200-8,40.911037,-81.428708,2024-07-01,115312,2025-02-12 00:16:32 UTC,P,,,2017-12-07,,,,,TESLA,US,,,,Public,,public,,,HOTEL,,,,,,,,,,,,,,,,,,,,,,,,,,false,
ELEC,City of Powell - Tesla Destination,47 Hall St,,Powell,OH,43065,,877-798-3752,E,,Public,,,,,,,4,,,Tesla Destination,https://www.tesla.com/destination-charging,200-9,40.157374,-83.07696,2024-07-01,115313,2025-02-12 00:16:32 UTC,P,,,2018-07-17,,,,,J1772 TESLA,US,,,,Public,,public,,,MUNI_GOV,,,,,,,,,,,,,,,,,,,,,,,,,,false,
ELEC,Holiday Inn Express & Suites Columbus East - Tesla Destination,2806 Taylor Rd Ext,,Reynoldsburg,OH,43068,,877-798-3752,E,,Public,,,,,,,4,,,Tesla Destination,https://www.tesla.com/destination-charging,200-9,39.935792,-82.785604,2024-07-01,115314,2025-02-12 00:16:32 UTC,P,,,2017-08-09,,,,,J1772 TESLA,US,,,,Public,,public,,,HOTEL,,,,,,,,,,,,,,,,,,,,,,,,,,false,
ELEC,"Glenlaurel Inn, a Select Registry Property - Tesla Destination",14940 Mt Olive Rd,,Rockbridge,OH,43149,,877-798-3752,E,,Public,,,,,,,2,,,Tesla Destination,https://www.tesla.com/destination-charging,200-9,39.518987,-82.5627,2024-07-01,115315,2025-02-12 00:16:32 UTC,P,,,2015-05-29,,,,,J1772 TESLA,US,,,,Public,,public,,,INN,,,,,,,,,,,,,,,,,,,,,,,,,,false,
ELEC,Holiday Inn Express & Suites Sandusky - Tesla Destination,1515 Cedar Point Dr,,Sandusky,OH,44870,,877-798-3752,E,,Public,,,,,,,2,,,Tesla Destination,https://www.tesla.com/destination-charging,GPS,41.442876,-82.681004,2024-07-01,115316,2025-02-12 00:16:32 UTC,P,,,2017-10-31,,,,,TESLA,US,,,,Public,,public,,,HOTEL,,,,,,,,,,,,,,,,,,,,,,,,,,false,
ELEC,TownePlace Suites Marriott Solon Ohio - Tesla Destination,6040 Enterprise Pkwy,,Solon,OH,44139,,877-798-3752,E,,Public,,,,,,,2,,,Tesla Destination,https://www.tesla.com/destination-charging,200-8,41.394463,-81.464417,2024-07-01,115317,2025-02-12 00:16:32 UTC,P,,,2018-09-18,,,,,TESLA,US,,,,Public,,public,,,HOTEL,,,,,,,,,,,,,,,,,,,,,,,,,,false,
ELEC,Dorothy Lane Market Springboro - Tesla Destination,740 N Main St,,Springboro,OH,45066,,877-798-3752,E,,Public,,,,,,,2,,,Tesla Destination,https://www.tesla.com/destination-charging,200-9,39.577573,-84.229615,2024-07-01,115318,2025-02-12 00:16:32 UTC,P,,,2016-04-18,,,,,J1772 TESLA,US,,,,Public,,public,,,SHOPPING_CENTER,,,,,,,,,,,,,,,,,,,,,,,,,,false,
ELEC,Quality Inn - Streetsboro - Tesla Destination,9420 State Route 14,,Streetsboro,OH,44241,,877-798-3752,E,,Public,,,,,,,2,,,Tesla Destination,https://www.tesla.com/destination-charging,200-9,41.241904,-81.351722,2024-07-01,115319,2025-02-12 00:16:32 UTC,P,,,2015-12-23,,,,,TESLA,US,,,,Public,,public,,,HOTEL,,,,,,,,,,,,,,,,,,,,,,,,,,false,
ELEC,Cambria hotel & suites Akron - Canton Airport - Tesla Destination,1787 Thorn Dr,,Uniontown,OH,44685,,877-798-3752,E,,Public,,,,,,,1,,,Tesla Destination,https://www.tesla.com/destination-charging,200-9,40.960651,-81.462778,2024-07-01,115320,2025-02-12 00:16:32 UTC,P,,,2017-05-01,,,,,TESLA,US,,,,Public,,public,,,HOTEL,,,,,,,,,,,,,,,,,,,,,,,,,,false,
ELEC,Comfort Inn & Suites Wadsworth - Tesla Destination,5 Park Center Dr,,Wadsworth,OH,44281,,877-798-3752,E,,Public,,,,,,,3,,,Tesla Destination,https://www.tesla.com/destination-charging,200-9,41.047512,-81.725494,2024-07-01,115321,2025-02-12 00:16:32 UTC,P,,,2017-03-31,,,,,J1772 TESLA,US,,,,Public,,public,,,HOTEL,,,,,,,,,,,,,,,,,,,,,,,,,,false,
ELEC,Unusual Junction - Tesla Destination,56310 US 36,,West Lafayette,OH,43845,,877-798-3752,E,,Public,,,,,,,3,,,Tesla Destination,https://www.tesla.com/destination-charging,200-9,40.28498,-81.705063,2024-07-01,115322,2025-02-12 00:16:32 UTC,P,,,2018-05-16,,,,,TESLA,US,,,,Public,,public,,,RESTAURANT,,,,,,,,,,,,,,,,,,,,,,,,,,false,
ELEC,Ohio Caverns - Tesla Destination,2210 State Route 245 E,,West Liberty,OH,43357,,877-798-3752,E,,Public,,,,,,,3,,,Tesla Destination,https://www.tesla.com/destination-charging,GPS,40.238249,-83.696891,2024-07-01,115323,2025-02-12 00:16:32 UTC,P,,,2017-10-18,,,,,TESLA,US,,,,Public,,public,,,OTHER_ENTERTAINMENT,,,,,,,,,,,,,,,,,,,,,,,,,,false,
ELEC,"Murphin Ridge Inn, a Select Registry Property - Tesla Destination",750 Murphin Ridge Rd,,West Union,OH,45693,,877-798-3752,E,,Public,,,,,,,2,,,Tesla Destination,https://www.tesla.com/destination-charging,200-9,38.879023,-83.472163,2024-07-01,115324,2025-02-12 00:16:32 UTC,P,,,2015-06-08,,,,,J1772 TESLA,US,,,,Public,,public,,,INN,,,,,,,,,,,,,,,,,,,,,,,,,,false,
ELEC,Crocker Park Detroit Road Garage - Level 1A - Tesla Destination,1940 Crocker Rd,,Westlake,OH,44145,,877-798-3752,E,,Public,,,,,,,3,,,Tesla Destination,https://www.tesla.com/destination-charging,200-8,41.462077,-81.951758,2024-07-01,115325,2025-02-12 00:16:32 UTC,P,,,2017-07-24,,,,,J1772 TESLA,US,,,,Public,,public,,,SHOPPING_CENTER,,,,,,,,,,,,,,,,,,,,,,,,,,false,
ELEC,"Cincinnati, OH - Tesla Supercharger",4825 Marburg Avenue,,Cincinnati,OH,45209,,877-798-3752,E,,Public,24 hours daily. Open to Teslas only.,,,,,,,22,,Tesla,https://www.tesla.com/supercharger,GPS,39.16294,-84.426492,2026-06-18,116810,2026-06-18 14:46:21 UTC,P,,,2018-12-22,,,,,TESLA,US,,,,Public,,public,,,SHOPPING_CENTER,,,,,,,,,,,,,,,,,false,,,,,,,,,true,
ELEC,"Dublin, OH - Tesla Supercharger",6175 Sawmill Road,,Dublin,OH,43017,,877-798-3752,E,,Public,24 hours daily. Open to Teslas only.,,,,,,,10,,Tesla,https://www.tesla.com/supercharger,GPS,40.0932,-83.092322,2026-06-18,116811,2026-06-18 14:46:21 UTC,P,,,2018-10-01,,,,,TESLA,US,,,,Public,,public,,,SHOPPING_CENTER,,,,,,,,,,,,,,,,,false,,,,,,,,,true,
ELEC,Washington County Public Library,478 Pike St,,Marietta,OH,45750,,740-373-1057,E,,Public,"10am-6pm M-F, 10am-2pm Sat",,,,,,1,,,Non-Networked,,200-9,39.409451,-81.43195,2026-07-15,117435,2026-07-15 18:38:56 UTC,LG,,,2018-11-15,,,,,J1772,US,,,,Public,,public,,,LIBRARY,,,,,,,Free,,,,,,,,,,false,,,,,,,,MD,false,
ELEC,DENISON UNIV GRANVILLE INN,116 N Pearl St,,Granville,OH,43023,,888-758-4389,E,,Public,24 hours daily,,,,,,2,,,ChargePoint Network,https://www.chargepoint.com,GPS,40.068156,-82.516616,2026-08-19,117563,2026-08-19 01:21:12 UTC,,,,2019-02-01,,,,,J1772,US,,,,Public,,public,,,,,,,,,,,,,,,,,,,,false,,,,,,,,,false,
ELEC,DENISON UNIV CHAPEL LOT,Chapel Dr,,Granville,OH,43023,,888-758-4389,E,,Public,24 hours daily,,,,,,2,,,ChargePoint Network,https://www.chargepoint.com,GPS,40.071371,-82.521005,2026-08-19,117565,2026-08-19 01:21:12 UTC,,,,2019-02-01,,,,,J1772,US,,,,Public,,public,,,,,,,,,,,,,,,,,,,,false,,,,,,,,,false,
ELEC,DENISON UNIV PARKING GARAGE,200 ridge rd,,Granville,OH,43023,,888-758-4389,E,,Public,24 hours daily,,,,,,2,,,ChargePoint Network,https://www.chargepoint.com,GPS,40.071649,-82.52443,2026-08-19,117566,2026-08-19 01:21:12 UTC,,,,2019-02-01,,,,,J1772,US,,,,Public,,public,,,,,,,,,,,,,,,,,,,,false,,,,,,,,,false,
ELEC,SIMON CINCINNATI 2,852 Premium Outlets Dr,Main Entrance North,Monroe,OH,45050,,888-758-4389,E,,Public,24 hours daily,,,,,,1,,,ChargePoint Network,https://www.chargepoint.com,GPS,39.435973,-84.336657,2026-08-19,117710,2026-08-19 01:21:21 UTC,,,,2019-02-07,,,,,J1772,US,,,,Public,,public,,,,,,,,,,,,,,,,,,,,false,,,,,,,,,false,
ELEC,HUNTINGTON CENT STATION 1,50 S Front St,Floor 2 of Parking Garage (Ground Level),Columbus,OH,43215,,888-758-4389,E,,Public,24 hours daily,,,,,,2,,,ChargePoint Network,https://www.chargepoint.com,GPS,39.9613,-83.001889,2026-08-19,117779,2026-08-19 01:21:16 UTC,,,,2019-02-09,,,,,J1772,US,,,,Public,,public,,,,,,,,,,,,,,,,,,,,false,,,,,,,,,false,
ELEC,HUNTINGTON EASTON MARKET,3931 Morse Crossing,,Columbus,OH,43219,,888-758-4389,E,,Public,24 hours daily,,,,,,1,,,ChargePoint Network,https://www.chargepoint.com,GPS,40.049194,-82.920828,2026-08-19,118043,2026-08-19 01:21:19 UTC,,,,2019-02-16,,,,,J1772,US,,,,Public,,public,,,,,,,,,,,,,,,,,,,,false,,,,,,,,,false,
ELEC,HUNTINGTON FRANTZ ROAD,6340 frantz road,,Dublin,OH,43017,,888-758-4389,E,,Public,24 hours daily,,,,,,1,,,ChargePoint Network,https://www.chargepoint.com,GPS,40.096262,-83.124219,2026-08-19,118045,2026-08-19 01:21:18 UTC,,,,2019-02-16,,,,,J1772,US,,,,Public,,public,,,,,,,,,,,,,,,,,,,,false,,,,,,,,,false,
ELEC,Cascade Parking Deck,10 W Mill St,,Akron,OH,44308,,330-375-2596,E,,Public,24 hours daily; pay lot,,,,,,2,,,Non-Networked,,200-8,41.082616,-81.51904,2025-12-12,118720,2026-02-02 23:16:24 UTC,P,,,2015-07-01,,,,,J1772,US,,,,Public,,public,,,PARKING_GARAGE,,,,,,,Free,,,,,,,,,,false,,,,,,,,LD,false,
ELEC,HUNTINGTON BREWERY DISTRIC,600 S High St,,Columbus,OH,43215,,888-758-4389,E,,Public,24 hours daily,,,,,,1,,,ChargePoint Network,https://www.chargepoint.com,GPS,39.949604,-82.997725,2026-08-19,118891,2026-08-19 01:21:41 UTC,,,,2019-02-27,,,,,J1772,US,,,,Public,,public,,,,,,,,,,,,,,,,,,,,false,,,,,,,,,false,
ELEC,HUNTINGTON NORTH ARLINGTON,4661 Reed Rd,,Columbus,OH,43220,,888-758-4389,E,,Public,24 hours daily,,,,,,1,,,ChargePoint Network,https://www.chargepoint.com,GPS,40.052083,-83.067201,2026-08-19,118892,2026-08-19 01:21:41 UTC,,,,2019-02-27,,,,,J1772,US,,,,Public,,public,,,,,,,,,,,,,,,,,,,,false,,,,,,,,,false,
ELEC,HUNTINGTON TRI VILLAGE,1555 W 5th Ave,,Columbus,OH,43212,,888-758-4389,E,,Public,24 hours daily,,,,,,1,,,ChargePoint Network,https://www.chargepoint.com,GPS,39.98876,-83.047721,2026-08-19,118893,2026-08-19 01:21:40 UTC,,,,2019-02-27,,,,,J1772,US,,,,Public,,public,,,,,,,,,,,,,,,,,,,,false,,,,,,,,,false,
ELEC,University of Cincinnati - Corry Garage,51 W Corry Blvd,,Cincinnati,OH,45219,,513-556-2283,E,,Public,Garage business hours; maximum session time of 4 hours,,,,,,4,,,Non-Networked,,200-9,39.129197,-84.512044,2025-08-12,118935,2026-02-02 23:16:24 UTC,P,,,2018-12-01,,,,,J1772,US,,,,Public,,public,,,COLLEGE_CAMPUS,,,,,,,Free; pay lot,,,,,,,,,,false,,,,,,,,LD,false,
ELEC,"Columbus, OH - Tesla Supercharger",70 East Goodale Street,,Columbus,OH,43215,,877-798-3752,E,,Public,24 hours daily. Open to Teslas only.,,,,,,,10,,Tesla,https://www.tesla.com/supercharger,GPS,39.974316,-83.000906,2026-06-18,118948,2026-06-18 14:46:21 UTC,P,,,2019-02-13,,,,,TESLA,US,,,,Public,,public,,,,,,,,,,,,,,,,,,,,false,,,,,,,,,true,
ELEC,BROADWAYSTATION BROADWAY 2,3443 Park St,Adjacent to Gazebo #2,Grove City,OH,43123,,888-758-4389,E,,Public,24 hours daily,,,,,,2,,,ChargePoint Network,https://www.chargepoint.com,GPS,39.8824,-83.095215,2026-08-19,119012,2026-08-19 01:21:46 UTC,,,,2019-03-08,,,,,J1772,US,,,,Public,,public,,,,,,,,,,,,,,,,,,,,false,,,,,,,,,false,
ELEC,HUNTINGTON LANE AVE,1531 W Lane Ave,,Columbus,OH,43221,,888-758-4389,E,,Public,24 hours daily,,,,,,1,,,ChargePoint Network,https://www.chargepoint.com,GPS,40.006568,-83.051193,2026-08-19,119021,2026-08-19 01:21:40 UTC,,,,2019-03-08,,,,,J1772,US,,,,Public,,public,,,,,,,,,,,,,,,,,,,,false,,,,,,,,,false,
ELEC,HUNTINGTON HOME RD,3481 O'Connell St,,Powell,OH,43065,,888-758-4389,E,,Public,24 hours daily,,,,,,1,,,ChargePoint Network,https://www.chargepoint.com,GPS,40.192988,-83.095507,2026-08-19,120817,2026-08-19 01:22:00 UTC,,,,2019-03-13,,,,,J1772,US,,,,Public,,public,,,,,,,,,,,,,,,,,,,,false,,,,,,,,,false,
ELEC,HUNTINGTON NEW ALBANY,5550 New Albany Rd E,,New Albany,OH,43054,,888-758-4389,E,,Public,24 hours daily,,,,,,2,,,ChargePoint Network,https://www.chargepoint.com,GPS,40.095271,-82.819232,2026-08-19,120818,2026-08-19 01:21:59 UTC,,,,2019-03-13,,,,,J1772,US,,,,Public,,public,,,,,,,,,,,,,,,,,,,,false,,,,,,,,,false,
ELEC,HUNTINGTON BRICE LIVINGSTO,6127 E Livingston Ave,,Columbus,OH,43232,,888-758-4389,E,,Public,24 hours daily,,,,,,1,,,ChargePoint Network,https://www.chargepoint.com,GPS,39.941802,-82.830842,2026-08-19,120819,2026-08-19 01:21:59 UTC,,,,2019-03-13,,,,,J1772,US,,,,Public,,public,,,,,,,,,,,,,,,,,,,,false,,,,,,,,,false,
ELEC,HUNTINGTON AVERY MUIRFIELD,6655 Avery-Muirfield Dr,,Dublin,OH,43016,,888-758-4389,E,,Public,24 hours daily,,,,,,1,,,ChargePoint Network,https://www.chargepoint.com,GPS,40.10529,-83.160928,2026-08-19,120822,2026-08-19 01:21:47 UTC,,,,2019-03-13,,,,,J1772,US,,,,Public,,public,,,,,,,,,,,,,,,,,,,,false,,,,,,,,,false,
ELEC,HUNTINGTON CLINTONVILLE,3350 Indianola Ave,,Columbus,OH,43214,,888-758-4389,E,,Public,24 hours daily,,,,,,1,,,ChargePoint Network,https://www.chargepoint.com,GPS,40.032367,-83.000612,2026-08-19,120823,2026-08-19 01:21:47 UTC,,,,2019-03-13,,,,,J1772,US,,,,Public,,public,,,,,,,,,,,,,,,,,,,,false,,,,,,,,,false,
ELEC,HUNTINGTON SAWMILL 161,3740 W Dublin Granville Rd,,Columbus,OH,43235,,888-758-4389,E,,Public,24 hours daily,,,,,,1,,,ChargePoint Network,https://www.chargepoint.com,GPS,40.097181,-83.09032,2026-08-19,120956,2026-08-19 01:22:10 UTC,,,,2019-03-27,,,,,J1772,US,,,,Public,,public,,,,,,,,,,,,,,,,,,,,false,,,,,,,,,false,
ELEC,TRC EV CHARGING SMART CENTER,10820 OH-347,,East Liberty,OH,43319,,888-758-4389,E,,Public,24 hours daily,,,,,,2,,,ChargePoint Network,https://www.chargepoint.com,GPS,40.325535,-83.579796,2026-08-19,120971,2026-08-19 01:22:02 UTC,,,,2019-03-27,,,,,J1772,US,,,,Public,,public,,,,,,,,,,,,,,,,,,,,false,,,,,,,,,false,
ELEC,MEIJER STORES 308 AVON 1,1801 Nagel Rd,Near north entrance,Avon,OH,44011,,888-758-4389,E,,Public,24 hours daily,,,,,,2,,,ChargePoint Network,https://www.chargepoint.com,GPS,41.461726,-81.99015,2026-08-19,121099,2026-08-19 01:22:19 UTC,,,,2019-04-02,,,,,J1772,US,,,,Public,,public,,,,,,,,,,,,,,,,,,,,false,,,,,,,,,false,
ELEC,MEIJER STORES 309 MENTOR 1,9200 Mentor Ave,Near west entrance,Mentor,OH,44060,,888-758-4389,E,,Public,24 hours daily,,,,,,2,,,ChargePoint Network,https://www.chargepoint.com,GPS,41.675499,-81.309971,2026-08-19,121100,2026-08-19 01:22:14 UTC,,,,2019-04-02,,,,,J1772,US,,,,Public,,public,,,,,,,,,,,,,,,,,,,,false,,,,,,,,,false,
ELEC,MEIJER STORES 309 MENTOR 2,9200 Mentor Ave,Near west entrance,Mentor,OH,44060,,888-758-4389,E,,Public,24 hours daily,,,,,,2,,,ChargePoint Network,https://www.chargepoint.com,GPS,41.675556,-81.309991,2026-08-19,121101,2026-08-19 01:22:14 UTC,,,,2019-04-02,,,,,J1772,US,,,,Public,,public,,,,,,,,,,,,,,,,,,,,false,,,,,,,,,false,
ELEC,DUBLIN FLEET GARAGE #1,74 North St,L2,Dublin,OH,43017,,888-758-4389,E,,Public,24 hours daily,,,,,,2,,,ChargePoint Network,https://www.chargepoint.com,GPS,40.101213,-83.11515,2026-08-19,121349,2026-08-19 01:22:36 UTC,,,,2019-04-12,,,,,J1772,US,,,,Public,,public,,,,,,,,,,,,,,,,,,,,false,,,,,,,,,false,
ELEC,"Sheetz Store 248 (Girard, OH)",2721 Salt Springs Road,,Girard,OH,44420,,833-632-2778,E,,Public,24 hours daily,,,,,,,4,,Electrify America,https://www.electrifyamerica.com,GPS,41.14364,-80.72128,2026-08-19,121740,2026-08-19 03:35:15 UTC,,,,2019-04-26,,,,,CHADEMO J1772COMBO,US,,,,Public,,public,,,,,,,,,,,,,,,,,,,,false,,,,,,,,,false,
ELEC,"Walmart 5471 (Mansfield, OH)",2485 Possum Run Rd,,Mansfield,OH,44903,,833-632-2778,E,,Public,24 hours daily,,,,,,,4,,Electrify America,https://www.electrifyamerica.com,GPS,40.69089,-82.50931,2026-08-19,121751,2026-08-19 03:33:14 UTC,,,,2019-04-26,,,,,CHADEMO J1772COMBO,US,,,,Public,,public,,,,,,,,,,,,,,,,,,,,false,,,,,,,,,false,
ELEC,"Walmart 3262 (Cambridge, OH)",61205 Southgate Rd,,Cambridge,OH,43725,,833-632-2778,E,,Public,24 hours daily,,,,,,,4,,Electrify America,https://www.electrifyamerica.com,GPS,39.98872,-81.57502,2026-08-19,121759,2026-08-19 03:36:29 UTC,,,,2019-04-26,,,,,CHADEMO J1772COMBO,US,,,,Public,,public,,,,,,,,,,,,,,,,,,,,false,,,,,,,,,false,
ELEC,FRONT OF POOL DC FAST CHARGE,601 E State St,This station is the fast charge. There is an L2 station in front of the Pool.,Athens,OH,45701,,888-758-4389,E,,Public,24 hours daily,,,,,,,1,,ChargePoint Network,https://www.chargepoint.com,GPS,39.337162,-82.07743,2026-08-19,122213,2026-08-19 01:32:32 UTC,,,,2019-05-01,,,,,CHADEMO J1772COMBO,US,,,,Public,,public,,,,,,,,,,,,,,,,,,,,false,,,,,,,,,false,
ELEC,"Blue Heron Service Plaza (Genoa, OH)",6164 CO RD 165,,Genoa,OH,43430,,833-632-2778,E,,Public,24 hours daily,,,,,,,4,,Electrify America,https://www.electrifyamerica.com,GPS,41.49108,-83.36674,2026-08-19,122240,2026-08-19 03:34:28 UTC,,,,2019-05-02,,,,,CHADEMO J1772COMBO,US,,,,Public,,public,,,,,,,,,,,,,,,,,,,,false,,,,,,,,,false,
ELEC,"The Ritz-Carlton, Cleveland - Tesla Destination",1515 1515 W Third St,,Cleveland,OH,44113,,877-798-3752,E,,Public,,,,,,,3,,,Tesla Destination,https://www.tesla.com/destination-charging,200-9,41.497316,-81.694402,2024-07-01,122501,2025-02-12 00:16:32 UTC,P,,,2016-01-25,,,,,J1772 TESLA,US,,,,Public,,public,,,,,,,,,,,,,,,,,,,,,,,,,,,,,false,
ELEC,Springhill Suites Columbus Easton - Tesla Destination,4048 Morse Rd,,Columbus,OH,43229,,877-798-3752,E,,Public,,,,,,,2,,,Tesla Destination,https://www.tesla.com/destination-charging,200-9,40.05848,-82.907182,2024-07-01,122502,2025-02-12 00:16:32 UTC,P,,,2019-01-17,,,,,TESLA,US,,,,Public,,public,,,,,,,,,,,,,,,,,,,,,,,,,,,,,false,
ELEC,The Lodge and Conference Center at Geneva - Tesla Destination,4888 N Broadway,,Geneva,OH,44041,,877-798-3752,E,,Public,,,,,,,3,,,Tesla Destination,https://www.tesla.com/destination-charging,200-9,41.857481,-80.965938,2024-07-01,122503,2025-02-12 00:16:32 UTC,P,,,2015-06-24,,,,,J1772 TESLA,US,,,,Public,,public,,,,,,,,,,,,,,,,,,,,,,,,,,,,,false,
ELEC,"Wyandot Service Plaza (Genoa, OH)",6410 CO RD 165,,Genoa,OH,43430,,833-632-2778,E,,Public,24 hours daily,,,,,,,4,,Electrify America,https://www.electrifyamerica.com,GPS,41.48961,-83.37038,2026-08-19,122649,2026-08-19 03:34:25 UTC,,,,2019-05-07,,,,,CHADEMO J1772COMBO,US,,,,Public,,public,,,,,,,,,,,,,,,,,,,,false,,,,,,,,,false,
ELEC,LAKESHORE EV STATION 1,575 McCorkle Blvd,"South entrance on south side of parking lot, spaces marked with EV",Westerville,OH,43082,,888-758-4389,E,,Public,24 hours daily,,,,,,2,,,ChargePoint Network,https://www.chargepoint.com,GPS,40.140066,-82.921175,2026-08-19,122683,2026-08-19 01:23:04 UTC,,,,2019-05-10,,,,,J1772,US,,,,Public,,public,,,,,,,,,,,,,,,,,,,,false,,,,,,,,,false,
ELEC,EASTON CT4000 FENLON 3,4004 Fenlon St,,Columbus,OH,43219,,888-758-4389,E,,Public,24 hours daily,,,,,,2,,,ChargePoint Network,https://www.chargepoint.com,GPS,40.05179,-82.913313,2026-08-19,122821,2026-08-19 01:23:10 UTC,,,,2019-05-17,,,,,J1772,US,,,,Public,,public,,,,,,,,,,,,,,,,,,,,false,,,,,,,,,false,
ELEC,DEL-E WILLIAM STATION 01,39 E William St,,Delaware,OH,43015,,888-758-4389,E,,Public,24 hours daily,,,,,,2,,,ChargePoint Network,https://www.chargepoint.com,GPS,40.298962,-83.066494,2026-08-19,122966,2026-08-19 01:19:44 UTC,,,,2019-05-22,,,,,J1772,US,,,,Public,,public,,,,,,,,,,,,,,,,,,,,false,,,,,,,,,false,
ELEC,CITY OF WOOSTER MERCH BLOCK 1,123 N Walnut St,Merchants Block Parking Lot,Wooster,OH,44691,,888-758-4389,E,,Public,24 hours daily,,,,,,2,,,ChargePoint Network,https://www.chargepoint.com,GPS,40.798559,-81.941382,2026-08-19,122997,2026-08-19 01:23:18 UTC,,,,2019-05-23,,,,,J1772,US,,,,Public,,public,,,,,,,,,,,,,,,,,,,,false,,,,,,,,,false,
ELEC,ABB - Training Center,23000 Harvard Rd,,Cleveland,OH,44122,,,E,,Private,,,,,,,,2,,EV Connect,https://www.evconnect.com,GPS,41.4503119,-81.5158759999999,2020-04-08,123148,2021-03-11 23:22:17 UTC,P,,,2019-04-01,,,,,CHADEMO J1772COMBO,US,,,,Privé,,private,,,OFFICE_BLDG,,,,,,,,,,,,,,,,,,,,,,,,,,true,
ELEC,Verizon - Twinsburg,2000 Highland Rd,,Twinsburg,OH,44087,,,E,,Private,24 hours daily,,,,,,3,,,Non-Networked,,200-9,41.297583,-81.457827,2025-12-12,123320,2026-05-18 20:35:46 UTC,P,,,2019-05-01,,,,,J1772,US,,,,Privé,,private,,,OFFICE_BLDG,,,,,,,,,,,,,,,,,,,,,,,,,LD,true,
ELEC,Verizon - Hilliard,5000 Britton Pkwy,,Hilliard,OH,43026,,,E,,Private,24 hours daily,,,,,,12,,,Non-Networked,,200-9,40.05505,-83.13539,2025-12-12,123338,2026-05-18 20:35:46 UTC,P,,,2019-05-01,,,,,J1772,US,,,,Privé,,private,,,OFFICE_BLDG,,,,,,,,,,,,,,,,,,,,,,,,,LD,true,
ELEC,APOLLO CAREER APOLLO FAST 1,Apollo Career Center 3325 Shawnee Rd,,Lima,OH,45804,,888-758-4389,E,,Public,24 hours daily,,,,,,,1,,ChargePoint Network,https://www.chargepoint.com,GPS,40.692717,-84.150299,2026-08-19,123418,2026-08-19 01:23:17 UTC,,,,2019-05-30,,,,,CHADEMO J1772COMBO,US,,,,Public,,public,,,,,,,,,,,,,,,,,,,,false,,,,,,,,,false,
ELEC,MCLS MUSKINGUM L2 EV,220 N 5th St,,Zanesville,OH,43701,,888-758-4389,E,,Public,24 hours daily,,,,,,2,,,ChargePoint Network,https://www.chargepoint.com,GPS,39.944019,-82.005257,2026-08-19,123419,2026-08-19 01:23:15 UTC,,,,2019-05-30,,,,,J1772,US,,,,Public,,public,,,,,,,,,,,,,,,,,,,,false,,,,,,,,,false,
ELEC,LINDSAY HONDA STATION 01,5959 Scarborough Blvd,,Columbus,OH,43232,,888-758-4389,E,,Public,24 hours daily,,,,,,2,,,ChargePoint Network,https://www.chargepoint.com,GPS,39.927853,-82.834047,2026-08-19,123555,2026-08-19 01:23:02 UTC,,,,2019-06-05,,,,,J1772,US,,,,Public,,public,,,,,,,,,,,,,,,,,,,,false,,,,,,,,,false,
ELEC,"Tiffin River Service Plaza (West Unity, OH)",21747 Co Rd M-50,,West Unity,OH,43570,,833-632-2778,E,,Public,24 hours daily,,,,,,,4,,Electrify America,https://www.electrifyamerica.com,GPS,41.60305,-84.4086,2026-08-19,123602,2026-08-19 03:33:59 UTC,,,,2019-06-07,,,,,CHADEMO J1772COMBO,US,,,,Public,,public,,,,,,,,,,,,,,,,,,,,false,,,,,,,,,false,
ELEC,GMC RICH GARAGE 3,387 E Rich St,2nd floor of garage,Columbus,OH,43215,,888-758-4389,E,,Public,24 hours daily,,,,,,2,,,ChargePoint Network,https://www.chargepoint.com,GPS,39.958295,-82.989334,2026-08-19,123626,2026-08-19 01:20:54 UTC,,,,2019-06-08,,,,,J1772,US,,,,Public,,public,,,,,,,,,,,,,,,,,,,,false,,,,,,,,,false,
ELEC,"Walmart 1495 (Huber Heights, OH)",7680 Brandt Pike,,Huber Heights,OH,45424,,833-632-2778,E,,Public,24 hours daily,,,,,,,6,,Electrify America,https://www.electrifyamerica.com,GPS,39.86283,-84.09991,2026-08-19,123637,2026-08-19 03:34:50 UTC,,,,2019-06-10,,,,,J1772COMBO,US,,,,Public,,public,,,,,,,,,,,,,,,,,,,,false,,,,,,,,,false,
ELEC,"Indian Meadow Service Plaza (West Unity, OH)",21738 CO RD M-50,,West Unity,OH,43570,,833-632-2778,E,,Public,24 hours daily,,,,,,,4,,Electrify America,https://www.electrifyamerica.com,GPS,41.60599,-84.40672,2026-08-19,124137,2026-08-19 03:33:52 UTC,,,,2019-06-20,,,,,CHADEMO J1772COMBO,US,,,,Public,,public,,,,,,,,,,,,,,,,,,,,false,,,,,,,,,false,
ELEC,"Sheetz Store 394 (Mentor, OH)",7777 Reynolds Rd.,,Mentor,OH,44060,,833-632-2778,E,,Public,24 hours daily,,,,,,,4,,Electrify America,https://www.electrifyamerica.com,GPS,41.65984,-81.37651,2026-08-19,124240,2026-08-19 03:35:23 UTC,,,,2019-06-21,,,,,J1772COMBO,US,,,,Public,,public,,,,,,,,,,,,,,,,,,,,false,,,,,,,,,false,
ELEC,"Sheffield Crossing Station (Sheffield, OH)",5231 Detroit Rd,,Sheffield,OH,44054,,833-632-2778,E,,Public,24 hours daily,,,,,,,4,,Electrify America,https://www.electrifyamerica.com,GPS,41.42689,-82.07973,2026-08-19,124685,2026-08-19 03:36:15 UTC,,,,2019-06-25,,,,,J1772COMBO,US,,,,Public,,public,,,,,,,,,,,,,,,,,,,,false,,,,,,,,,false,
ELEC,"Harpers Station (Cincinnati, OH)",11315 Montgomery Road,,Cincinnati,OH,45249,,833-632-2778,E,,Public,24 hours daily,,,,,,,10,,Electrify America,https://www.electrifyamerica.com,GPS,39.27275,-84.32953,2026-08-19,133326,2026-08-19 03:35:16 UTC,,,,2019-07-23,,,,,J1772COMBO,US,,,,Public,,public,,,,,,,,,,,,,,,,,,,,false,,,,,,,,,false,
ELEC,"Walmart 2426 (Columbus, OH)",5200 West Point Plaza,,Columbus,OH,43228,,833-632-2778,E,,Public,24 hours daily,,,,,,,8,,Electrify America,https://www.electrifyamerica.com,GPS,39.98232,-83.14674,2026-08-19,136268,2026-08-19 03:34:25 UTC,,,,2019-07-31,,,,,CHADEMO J1772COMBO,US,,,,Public,,public,,,,,,,,,,,,,,,,,,,,false,,,,,,,,,false,
ELEC,The Villas at Gervasi Vineyard,1700 55th St NE,,Canton,OH,44721,,330-497-1000,E,,Public,24 hours daily; guest use only; see front desk for access,,,,,,1,,,Non-Networked,,GPS,40.856741,-81.348988,2025-07-03,137151,2026-02-02 23:16:24 UTC,P,,,2019-05-19,,,,,J1772,US,,,,Public,,public,,,BREWERY_DISTILLERY_WINERY,,,,,,,Free,,,,,,,,,NONE,true,,,,,,,,LD,false,
ELEC,EDGE EDGE INNOVATION,1140 Gahanna Pkwy,,Gahanna,OH,43230,,888-758-4389,E,,Public,24 hours daily,,,,,,2,,,ChargePoint Network,https://www.chargepoint.com,GPS,39.991074,-82.84371,2026-08-19,143183,2026-08-19 01:25:26 UTC,,,,2019-08-15,,,,,J1772,US,,,,Public,,public,,,,,,,,,,,,,,,,,,,,false,,,,,,,,,false,
ELEC,DMH EMPLOYEE LOT 2,7100 Hospital Dr,EMPLOYEE PARKING LOT,Dublin,OH,43016,,888-758-4389,E,,Public,24 hours daily,,,,,,2,,,ChargePoint Network,https://www.chargepoint.com,GPS,40.10273,-83.164398,2026-08-19,143192,2026-08-19 01:25:25 UTC,,,,2019-08-15,,,,,J1772,US,,,,Public,,public,,,,,,,,,,,,,,,,,,,,false,,,,,,,,,false,
ELEC,DMH MAIN PARKING 1,7450 Hospital Dr,LEFT FRONT OF HOSPITAL ENTRANCE,Dublin,OH,43016,,888-758-4389,E,,Public,24 hours daily,,,,,,2,,,ChargePoint Network,https://www.chargepoint.com,GPS,40.100482,-83.166551,2026-08-19,143195,2026-08-19 01:25:24 UTC,,,,2019-08-15,,,,,J1772,US,,,,Public,,public,,,,,,,,,,,,,,,,,,,,false,,,,,,,,,false,
ELEC,SHELBY SHELBY EV,10 Water St,,Shelby,OH,44875,,888-758-4389,E,,Public,24 hours daily,,,,,,2,,,ChargePoint Network,https://www.chargepoint.com,GPS,40.882168,-82.660878,2026-08-19,143398,2026-08-19 01:24:29 UTC,,,,2019-08-15,,,,,J1772,US,,,,Public,,public,,,,,,,,,,,,,,,,,,,,false,,,,,,,,,false,
ELEC,TOLLES TOLLES EAST,7877 US-42,,Plain City,OH,43064,,888-758-4389,E,,Public,24 hours daily,,,,,,2,,,ChargePoint Network,https://www.chargepoint.com,GPS,40.054317,-83.292694,2026-08-19,143405,2026-08-19 01:24:26 UTC,,,,2019-08-15,,,,,J1772,US,,,,Public,,public,,,,,,,,,,,,,,,,,,,,false,,,,,,,,,false,
ELEC,LAKEWOOD WINTERHURST,14740 Lakewood Heights,Winterhurst ice rink,Lakewood,OH,44107,,888-758-4389,E,,Public,24 hours daily,,,,,,,1,,ChargePoint Network,https://www.chargepoint.com,GPS,41.470684,-81.79948,2026-08-19,143419,2026-08-19 01:24:21 UTC,,,,2019-08-15,,,,,CHADEMO J1772COMBO,US,,,,Public,,public,,,,,,,,,,,,,,,,,,,,false,,,,,,,,,false,
ELEC,LAZ COLUMBUS OH BOBCAT AVE 1,960 bobcat,Center ramp on p3,Grandview Heights,OH,43212,,888-758-4389,E,,Public,24 hours daily,,,,,,2,,,ChargePoint Network,https://www.chargepoint.com,GPS,39.980032,-83.028202,2026-08-19,143567,2026-08-19 01:22:51 UTC,,,,2019-08-15,,,,,J1772,US,,,,Public,,public,,,,,,,,,,,,,,,,,,,,false,,,,,,,,,false,
ELEC,LAZ COLUMBUS OH GVY SOUTH,891 Yard St,On level 2 in southeast corner,Grandview Heights,OH,43212,,888-758-4389,E,,Public,24 hours daily,,,,,,2,,,ChargePoint Network,https://www.chargepoint.com,GPS,39.979121,-83.025138,2026-08-19,143569,2026-08-19 01:22:51 UTC,,,,2019-08-15,,,,,J1772,US,,,,Public,,public,,,,,,,,,,,,,,,,,,,,false,,,,,,,,,false,
ELEC,LAZ COLUMBUS OH BOBCAT AVE 2,960 Bobcat Ave,Floor P3,Grandview Heights,OH,43212,,888-758-4389,E,,Public,24 hours daily,,,,,,2,,,ChargePoint Network,https://www.chargepoint.com,GPS,39.980456,-83.028626,2026-08-19,143601,2026-08-19 01:20:01 UTC,,,,2019-08-15,,,,,J1772,US,,,,Public,,public,,,,,,,,,,,,,,,,,,,,false,,,,,,,,,false,
ELEC,RMH RED BING 1,500 Thomas Ln,BING GARAGE BASEMENT,Columbus,OH,43214,,888-758-4389,E,,Public,24 hours daily,,,,,,2,,,ChargePoint Network,https://www.chargepoint.com,GPS,40.033236,-83.032361,2026-08-19,143754,2026-08-19 01:25:46 UTC,,,,2019-08-16,,,,,J1772,US,,,,Public,,public,,,,,,,,,,,,,,,,,,,,false,,,,,,,,,false,
ELEC,MetLife - Dayton,9797 Springboro Pike,,Dayton,OH,45448,,,E,,Private,For employee use only,,,,,,2,,,Non-Networked,,200-9,39.608399,-84.231609,2025-11-13,143801,2026-02-02 23:16:24 UTC,P,,,2019-12-09,,,,,J1772,US,,,,Privé,,private,,,OFFICE_BLDG,,,,,,,Free,,,,,,,,,,,,,,,,,,LD,true,
ELEC,LANCASTEROH DC FAST 1,135 W Chestnut St,Located in Municipal Court parking lot - off of alley,Lancaster,OH,43130,,888-758-4389,E,,Public,24 hours daily,,,,,,,1,,ChargePoint Network,https://www.chargepoint.com,GPS,39.712878,-82.603411,2026-08-19,143878,2026-08-19 01:25:40 UTC,,,,2019-08-20,,,,,CHADEMO J1772COMBO,US,,,,Public,,public,,,,,,,,,,,,,,,,,,,,false,,,,,,,,,false,
ELEC,KINSALE EV KINSALE EV,3737 Village Club Dr,Near the pool,Powell,OH,43065,,888-758-4389,E,,Public,24 hours daily,,,,,,,1,,ChargePoint Network,https://www.chargepoint.com,GPS,40.188184,-83.098691,2026-08-19,144139,2026-08-19 01:26:09 UTC,,,,2019-08-29,,,,,CHADEMO J1772COMBO,US,,,,Public,,public,,,,,,,,,,,,,,,,,,,,false,,,,,,,,,false,
ELEC,CITY OF WOOSTER N BUCKEYE 2,132 E North St,,Wooster,OH,44691,,888-758-4389,E,,Public,24 hours daily,,,,,,,1,,ChargePoint Network,https://www.chargepoint.com,GPS,40.799446,-81.93933,2026-08-19,144514,2026-08-19 01:25:47 UTC,,,,2019-09-04,,,,,CHADEMO J1772COMBO,US,,,,Public,,public,,,,,,,,,,,,,,,,,,,,false,,,,,,,,,false,
ELEC,NCEC-ATTICA NORTHCENTRAL EC,350 Stump Pike Rd,Front of office in parking area,Attica,OH,44807,,888-758-4389,E,,Public,24 hours daily,,,,,,2,,,ChargePoint Network,https://www.chargepoint.com,GPS,41.06582,-82.90085,2026-08-19,147018,2026-08-19 01:27:40 UTC,,,,2019-10-17,,,,,J1772,US,,,,Public,,public,,,,,,,,,,,,,,,,,,,,false,,,,,,,,,false,
ELEC,LAZ COLUMBUS OH GVY NORTH 02,975 Rail St,G8 level P2 - Monthly Parkers Only,Grandview Heights,OH,43212,,888-758-4389,E,,Public,24 hours daily,,,,,,2,,,ChargePoint Network,https://www.chargepoint.com,GPS,39.982978,-83.026531,2026-08-19,147023,2026-08-19 01:20:01 UTC,,,,2019-10-17,,,,,J1772,US,,,,Public,,public,,,,,,,,,,,,,,,,,,,,false,,,,,,,,,false,
ELEC,3360TREMONTROAD EYESEVC@5POINTS,3360 Tremont Rd,,Upper Arlington,OH,43221,,888-758-4389,E,,Public,24 hours daily,,,,,,2,,,ChargePoint Network,https://www.chargepoint.com,GPS,40.025515,-83.056143,2026-08-19,147378,2026-08-19 01:27:48 UTC,,,,2019-10-30,,,,,J1772,US,,,,Public,,public,,,,,,,,,,,,,,,,,,,,false,,,,,,,,,false,
ELEC,OHIO STATE UNV MARION 2,1459 Mt Vernon Ave,"Effective March 2, 2026, the electric vehicle (EV) charging station usage rate will be $.50 kwh. Visit ttm.osu.edu - Other Transit and Services for more information.",Marion,OH,43302,,888-758-4389,E,,Public,24 hours daily,,,,,,2,,,ChargePoint Network,https://www.chargepoint.com,GPS,40.576661,-83.091,2026-08-19,147396,2026-08-19 01:28:05 UTC,,,,2019-10-31,,,,,J1772,US,,,,Public,,public,,,,,,,,,,,,,,,,,,,,false,,,,,,,,,false,
ELEC,SMARTLAND BREAKWATER,14100 Lakeshore Blvd,,Cleveland,OH,44110,,888-758-4389,E,,Public,24 hours daily,,,,,,2,,,ChargePoint Network,https://www.chargepoint.com,GPS,41.57002,-81.58374,2026-08-19,147526,2026-08-19 01:27:11 UTC,,,,2019-11-06,,,,,J1772,US,,,,Public,,public,,,,,,,,,,,,,,,,,,,,false,,,,,,,,,false,
ELEC,SMARTLAND E.55TH STATION,1692 E. 55th Street,,Cleveland,OH,44103,,888-758-4389,E,,Public,24 hours daily,,,,,,2,,,ChargePoint Network,https://www.chargepoint.com,GPS,41.512554,-81.65278,2026-08-19,147527,2026-08-19 01:27:10 UTC,,,,2019-11-06,,,,,J1772,US,,,,Public,,public,,,,,,,,,,,,,,,,,,,,false,,,,,,,,,false,
ELEC,Cleveland State University,2121 Euclid Avenue,,Cleveland,OH,44115,,888-998-2546,E,,Public,24 hours daily,,,,,,3,,,Blink Network,https://blinkcharging.com,GPS,41.5022777,-81.6752568,2026-08-19,147899,2026-08-19 00:17:14 UTC,,,,2019-09-20,,,,,J1772,US,,,,Public,,public,,,,,,,,,,FREE,,,,,,,,,,false,,,,,,,,,false,
ELEC,"University Hospitals - UH Drive Garage, Lot 2",11100 Euclid Ave,,Cleveland,OH,44106,,888-998-2546,E,,Public,24 hours daily,,,,,,6,,,Blink Network,https://blinkcharging.com,GPS,41.50640047,-81.60611104,2026-08-19,147902,2026-08-19 00:26:57 UTC,,,,2012-02-17,,,,,J1772,US,,,,Public,,public,,,,,,,,,,FREE,,,,,,,,,,false,,,,,,,,,false,
ELEC,Bryan Center,100 Dayton ST,,Yellow Springs,OH,45387,,888-998-2546,E,,Public,24 hours daily,,,,,,2,,,Blink Network,https://blinkcharging.com,GPS,39.8082345,-83.8875532,2026-08-19,148070,2026-08-19 00:20:05 UTC,,,,2012-01-07,,,,,J1772,US,,,,Public,,public,,,,,,,,,,FREE,,,,,,,,,,false,,,,,,,,,false,
ELEC,Offices at Polaris,8415 Pulsar Place,,Columbus,OH,43240,,888-998-2546,E,,Public,24 hours daily,,,,,,2,,,Blink Network,https://blinkcharging.com,GPS,40.1390609,-82.9692258,2026-08-19,149169,2026-08-19 00:17:22 UTC,,,,2017-06-06,,,,,J1772,US,,,,Public,,public,,,,,,,,,,FREE,,,,,,,,,,false,,,,,,,,,false,
ELEC,"Polaris, OH - Tesla Supercharger",1177 Polaris Parkway,,Columbus,OH,43240,,877-798-3752,E,,Public,24 hours daily. Open to Teslas only.,,,,,,,10,,Tesla,https://www.tesla.com/supercharger,200-9,40.141049,-82.988968,2026-06-18,149346,2026-06-18 14:46:21 UTC,P,,,2019-06-20,,,,,TESLA,US,,,,Public,,public,,,SHOPPING_CENTER,,,,,,,,,,,,,,,,,false,,,,,,,,,true,
ELEC,ORCHARD KNOLL ORCHARD KNOLL 1,8388 Orchard Knoll Ln,,Columbus,OH,43235,,888-758-4389,E,,Public,24 hours daily,,,,,,2,,,ChargePoint Network,https://www.chargepoint.com,GPS,40.135864,-83.019,2026-08-19,149917,2026-08-19 01:29:44 UTC,,,,2019-12-12,,,,,J1772,US,,,,Public,,public,,,,,,,,,,,,,,,,,,,,false,,,,,,,,,false,
ELEC,ORCHARD KNOLL ORCHARD KNOLL 2,8386 Orchard Knoll Ln,,Columbus,OH,43235,,888-758-4389,E,,Public,24 hours daily,,,,,,2,,,ChargePoint Network,https://www.chargepoint.com,GPS,40.135887,-83.01892,2026-08-19,149918,2026-08-19 01:29:44 UTC,,,,2019-12-12,,,,,J1772,US,,,,Public,,public,,,,,,,,,,,,,,,,,,,,false,,,,,,,,,false,
ELEC,NATIONWIDECHILD NCH-W30 EV 2,237 1/2 E Livingston Ave,,Columbus,OH,43215,,888-758-4389,E,,Public,24 hours daily,,,,,,,1,,ChargePoint Network,https://www.chargepoint.com,GPS,39.952685,-82.992043,2026-08-19,149930,2026-08-19 01:28:06 UTC,,,,2019-12-12,,,,,CHADEMO J1772COMBO,US,,,,Public,,public,,,,,,,,,,,,,,,,,,,,false,,,,,,,,,false,
ELEC,NATIONWIDECHILD NCH-W30 EV 1,231 E Livingston Ave,,Columbus,OH,43215,,888-758-4389,E,,Public,24 hours daily,,,,,,,1,,ChargePoint Network,https://www.chargepoint.com,GPS,39.952647,-82.992153,2026-08-19,149931,2026-08-19 01:28:05 UTC,,,,2019-12-12,,,,,CHADEMO J1772COMBO,US,,,,Public,,public,,,,,,,,,,,,,,,,,,,,false,,,,,,,,,false,
ELEC,NATIONWIDECHILD NCH-W30 EV 4,249 E Livingston Ave,,Columbus,OH,43215,,888-758-4389,E,,Public,24 hours daily,,,,,,,1,,ChargePoint Network,https://www.chargepoint.com,GPS,39.952637,-82.991905,2026-08-19,149932,2026-08-19 01:28:06 UTC,,,,2019-12-12,,,,,CHADEMO J1772COMBO,US,,,,Public,,public,,,,,,,,,,,,,,,,,,,,false,,,,,,,,,false,
ELEC,2400 FARMERS DR 7400 SAFELITE 2,7400 Safelite Way,Near loading dock,Columbus,OH,43235,,888-758-4389,E,,Public,24 hours daily,,,,,,2,,,ChargePoint Network,https://www.chargepoint.com,GPS,40.108555,-83.08043,2026-08-19,150300,2026-08-19 01:29:31 UTC,,,,2019-12-18,,,,,J1772,US,,,,Public,,public,,,,,,,,,,,,,,,,,,,,false,,,,,,,,,false,
ELEC,Woodhouse Day Spa - Liberty - Tesla Destination,7272 Liberty Wy,,Liberty Township,OH,45069,,877-798-3752,E,,Public,,,,,,,2,,,Tesla Destination,https://www.tesla.com/destination-charging,200-9,39.370381,-84.380897,2024-07-01,150559,2025-02-12 00:16:32 UTC,P,,,2019-06-13,,,,,TESLA,US,,,,Public,,public,,,,,,,,,,,,,,,,,,,,,,,,,,,,,false,
ELEC,Renaissance Columbus Westerville Polaris Hotel - Tesla Destination,409 Altair Pkwy,,Westerville,OH,43082,,877-798-3752,E,,Public,,,,,,,2,,,Tesla Destination,https://www.tesla.com/destination-charging,GPS,40.143236,-82.942878,2024-07-01,150680,2025-02-12 00:16:32 UTC,P,,,2019-06-26,,,,,TESLA,US,,,,Public,,public,,,,,,,,,,,,,,,,,,,,,,,,,,,,,false,
ELEC,DAVE GILL CHEVY DAVE GILL #3,4700 E Broad St Dave Gill Chevrolet,,Columbus,OH,43213,,888-758-4389,E,,Public,24 hours daily,,,,,,2,,,ChargePoint Network,https://www.chargepoint.com,GPS,39.976578,-82.874916,2026-08-19,150793,2026-08-19 01:29:51 UTC,,,,2019-12-24,,,,,J1772,US,,,,Public,,public,,,,,,,,,,,,,,,,,,,,false,,,,,,,,,false,
ELEC,ADENA STATION 1,272 Hospital rd,Near front entrance,Chillicothe,OH,45601,,888-758-4389,E,,Public,24 hours daily,,,,,,2,,,ChargePoint Network,https://www.chargepoint.com,GPS,39.396156,-82.97067,2026-08-19,150795,2026-08-19 01:26:34 UTC,,,,2019-12-24,,,,,J1772,US,,,,Public,,public,,,,,,,,,,,,,,,,,,,,false,,,,,,,,,false,
ELEC,AEP - Unassigned Garage,4 Riverside Plaza,,Columbus,OH,43215,,,E,,Private,24 hours daily,,,,,,20,,,POWERFLEX,https://www.powerflex.com,GPS,39.965,-83.006,2025-05-12,151912,2026-06-17 15:11:04 UTC,P,,,2018-01-01,,,,,J1772,US,,,,Privé,,private,,,PARKING_GARAGE,,,,,,,Free,,,,,,,,,,,,,,,,,,LD,true,
ELEC,LC - GAHANNA W,3891 Preserve Crossing Blvd,Along Street,Columbus,OH,43230,,888-758-4389,E,,Public,24 hours daily,,,,,,2,,,ChargePoint Network,https://www.chargepoint.com,GPS,40.059714,-82.848821,2026-08-19,151927,2026-08-19 01:28:27 UTC,,,,2019-12-31,,,,,J1772,US,,,,Public,,public,,,,,,,,,,,,,,,,,,,,false,,,,,,,,,false,
ELEC,LC - HILLARD S,4049 Levitt St,South Side of Club House,Hilliard,OH,43026,,888-758-4389,E,,Public,24 hours daily,,,,,,2,,,ChargePoint Network,https://www.chargepoint.com,GPS,40.035841,-83.134837,2026-08-19,152111,2026-08-19 01:29:51 UTC,,,,2020-01-04,,,,,J1772,US,,,,Public,,public,,,,,,,,,,,,,,,,,,,,false,,,,,,,,,false,
ELEC,LC - HILLARD N,4105 Britton Pkwy,"North Side of Club House, Near Volleyball Court",Hilliard,OH,43026,,888-758-4389,E,,Public,24 hours daily,,,,,,2,,,ChargePoint Network,https://www.chargepoint.com,GPS,40.037017,-83.131537,2026-08-19,152112,2026-08-19 01:29:51 UTC,,,,2020-01-04,,,,,J1772,US,,,,Public,,public,,,,,,,,,,,,,,,,,,,,false,,,,,,,,,false,
ELEC,MORPC MORPC 3,111 Liberty St,West side of the building,Columbus,OH,43215,,888-758-4389,E,,Public,24 hours daily,,,,,,2,,,ChargePoint Network,https://www.chargepoint.com,GPS,39.950702,-83.002393,2026-08-19,152429,2026-08-19 01:31:05 UTC,,,,2020-01-15,,,,,J1772,US,,,,Public,,public,,,,,,,,,,,,,,,,,,,,false,,,,,,,,,false,
ELEC,Holiday Inn Express & Suites Cincinnati Red Bank,5311 Hetzell St,,Cincinnati,OH,45227,,888-998-2546,T,2026-07-30,TEMPORARILY UNAVAILABLE (Public),24 hours daily,,,,,,2,,,Blink Network,https://blinkcharging.com,GPS,39.157747,-84.4032127,2026-08-19,152478,2026-08-19 00:42:57 UTC,,,,2017-06-06,,,,,J1772,US,,,,TEMPORAIREMENT SUSPENDU (Public),,public,,,,,,,,,,FREE,,,,,,,,,,false,,,,,,,,,false,
ELEC,JAP GURU NORTH STATION,3045 Olentangy River Rd,Parking lot (outdoor),Columbus,OH,43202,,888-758-4389,E,,Public,24 hours daily,,,,,,2,,,ChargePoint Network,https://www.chargepoint.com,GPS,40.023361,-83.026658,2026-08-19,153099,2026-08-19 01:27:42 UTC,,,,2020-01-28,,,,,J1772,US,,,,Public,,public,,,,,,,,,,,,,,,,,,,,false,,,,,,,,,false,
ELEC,WORTHINGTON COMMUNITY CNTR,345 E Wilson Bridge Rd,Eastern Side of Community Center,Worthington,OH,43085,,888-758-4389,E,,Public,24 hours daily,,,,,,,1,,ChargePoint Network,https://www.chargepoint.com,GPS,40.105772,-83.00472,2026-08-19,153176,2026-08-19 01:31:23 UTC,,,,2020-01-31,,,,,CHADEMO J1772COMBO,US,,,,Public,,public,,,,,,,,,,,,,,,,,,,,false,,,,,,,,,false,
ELEC,MARBLE CLIFF MC SOUTH,1600 Fernwood Ave,,Columbus,OH,43212,,888-758-4389,E,,Public,24 hours daily,,,,,,,1,,ChargePoint Network,https://www.chargepoint.com,GPS,39.988805,-83.059166,2026-08-19,153258,2026-08-19 01:31:34 UTC,,,,2020-02-04,,,,,CHADEMO J1772COMBO,US,,,,Public,,public,,,,,,,,,,,,,,,,,,,,false,,,,,,,,,false,
ELEC,PNB NTT,57 N 3rd St,North Third Tower Parking Lot,Newark,OH,43055,,888-758-4389,E,,Public,24 hours daily,,,,,,2,,,ChargePoint Network,https://www.chargepoint.com,GPS,40.059195,-82.403979,2026-08-19,153323,2026-08-19 01:31:35 UTC,,,,2020-02-06,,,,,J1772,US,,,,Public,,public,,,,,,,,,,,,,,,,,,,,false,,,,,,,,,false,
ELEC,PNB PARK 22,22 S 1st St,Park 22 Parking Lot,Newark,OH,43055,,888-758-4389,E,,Public,24 hours daily,,,,,,2,,,ChargePoint Network,https://www.chargepoint.com,GPS,40.05778,-82.398208,2026-08-19,153324,2026-08-19 01:31:34 UTC,,,,2020-02-06,,,,,J1772,US,,,,Public,,public,,,,,,,,,,,,,,,,,,,,false,,,,,,,,,false,
ELEC,MEGA LOT FRANK 1,6451 Frank Ave NW,North student parking at Stark State lot 211,North Canton,OH,44720,,888-758-4389,E,,Public,24 hours daily,,,,,,,1,,ChargePoint Network,https://www.chargepoint.com,GPS,40.874231,-81.441212,2026-08-19,153592,2026-08-19 01:27:42 UTC,,,,2020-02-11,,,,,CHADEMO J1772COMBO,US,,,,Public,,public,,,,,,,,,,,,,,,,,,,,false,,,,,,,,,false,
ELEC,EDGEHILL #1 EDGEHILL #1,1295 Edgehill Rd,,Columbus,OH,43212,,888-758-4389,E,,Public,24 hours daily,,,,,,2,,,ChargePoint Network,https://www.chargepoint.com,GPS,39.985976,-83.029881,2026-08-19,153651,2026-08-19 01:31:11 UTC,,,,2020-02-12,,,,,J1772,US,,,,Public,,public,,,,,,,,,,,,,,,,,,,,false,,,,,,,,,false,
ELEC,NAI HIFFMAN NAI HIFFMAN 2,4725 Lakehurst Ct,,Dublin,OH,43016,,888-758-4389,E,,Public,24 hours daily,,,,,,2,,,ChargePoint Network,https://www.chargepoint.com,GPS,40.076942,-83.14004,2026-08-19,154066,2026-08-19 01:32:24 UTC,,,,2020-02-27,,,,,J1772,US,,,,Public,,public,,,,,,,,,,,,,,,,,,,,false,,,,,,,,,false,
ELEC,UPTOWN GAMBIER GAMBIER 1,109 W Brooklyn St.,Off of State Route 308,Gambier,OH,43022,,888-758-4389,E,,Public,24 hours daily,,,,,,,1,,ChargePoint Network,https://www.chargepoint.com,GPS,40.377481,-82.397651,2026-08-19,154067,2026-08-19 01:32:17 UTC,,,,2020-02-27,,,,,CHADEMO J1772COMBO,US,,,,Public,,public,,,,,,,,,,,,,,,,,,,,false,,,,,,,,,false,
ELEC,WORTHINGTON OLD WORTHINGTON,44-46 E New England Ave,Municipal Lot Behind Strip Center,Worthington,OH,43085,,888-758-4389,E,,Public,24 hours daily,,,,,,,1,,ChargePoint Network,https://www.chargepoint.com,GPS,40.087389,-83.019417,2026-08-19,154068,2026-08-19 01:32:06 UTC,,,,2020-02-27,,,,,CHADEMO J1772COMBO,US,,,,Public,,public,,,,,,,,,,,,,,,,,,,,false,,,,,,,,,false,
ELEC,FRANKLIN DECK WARREN PARKING,142 Franklin St SW,3rd Floor garage,Warren,OH,44481,,888-758-4389,E,,Public,24 hours daily,,,,,,2,,,ChargePoint Network,https://www.chargepoint.com,GPS,41.235042,-80.818987,2026-08-19,154069,2026-08-19 01:27:52 UTC,,,,2020-02-27,,,,,J1772,US,,,,Public,,public,,,,,,,,,,,,,,,,,,,,false,,,,,,,,,false,
ELEC,MORNING STREET CHURCH PARKING,21 S Morning St,Old church parking lot off Cherry St.,Sunbury,OH,43074,,888-758-4389,E,,Public,24 hours daily,,,,,,,1,,ChargePoint Network,https://www.chargepoint.com,GPS,40.242492,-82.857258,2026-08-19,154144,2026-08-19 01:32:17 UTC,,,,2020-02-28,,,,,CHADEMO J1772COMBO,US,,,,Public,,public,,,,,,,,,,,,,,,,,,,,false,,,,,,,,,false,
ELEC,NEWARK OHIO STATION 2,51 E Church St,,Newark,OH,43055,,888-758-4389,E,,Public,24 hours daily,,,,,,,1,,ChargePoint Network,https://www.chargepoint.com,GPS,40.059752,-82.401111,2026-08-19,154175,2026-08-19 01:32:31 UTC,,,,2020-02-29,,,,,CHADEMO J1772COMBO,US,,,,Public,,public,,,,,,,,,,,,,,,,,,,,false,,,,,,,,,false,
ELEC,MICKEY MART #21 RIGHT CHARGER,750 OH-97,,Bellville,OH,44813,,888-758-4389,E,,Public,24 hours daily,,,,,,,1,,ChargePoint Network,https://www.chargepoint.com,GPS,40.646072,-82.54288,2026-08-19,154176,2026-08-19 01:32:30 UTC,,,,2020-02-29,,,,,CHADEMO J1772COMBO,US,,,,Public,,public,,,,,,,,,,,,,,,,,,,,false,,,,,,,,,false,
ELEC,GARLAND HOTEL GARLAND 2,150 garland way,,New concord,OH,43762,,888-758-4389,E,,Public,24 hours daily,,,,,,2,,,ChargePoint Network,https://www.chargepoint.com,GPS,39.982704,-81.727776,2026-08-19,154727,2026-08-19 01:29:55 UTC,,,,2020-03-26,,,,,J1772,US,,,,Public,,public,,,,,,,,,,,,,,,,,,,,false,,,,,,,,,false,
ELEC,INDUS HOTEL TRU,1750 Buckeye Pl,,Grove City,OH,43123,,888-758-4389,E,,Public,24 hours daily,,,,,,2,,,ChargePoint Network,https://www.chargepoint.com,GPS,39.875496,-83.050327,2026-08-19,154781,2026-08-19 01:32:40 UTC,,,,2020-03-27,,,,,J1772,US,,,,Public,,public,,,,,,,,,,,,,,,,,,,,false,,,,,,,,,false,
ELEC,INDUS HOTEL ALOFT 2,1295 Olentangy River Rd,,Columbus,OH,43212,,888-758-4389,E,,Public,24 hours daily,,,,,,1,,,ChargePoint Network,https://www.chargepoint.com,GPS,39.98588,-83.02578,2026-08-19,154782,2026-08-19 01:17:28 UTC,,,,2020-03-27,,,,,J1772,US,,,,Public,,public,,,,,,,,,,,,,,,,,,,,false,,,,,,,,,false,
ELEC,TARRAGON IAHR1,6920 Co Rd 203,,Millersburg,OH,44654,,888-758-4389,E,,Public,24 hours daily,,,,,,2,,,ChargePoint Network,https://www.chargepoint.com,GPS,40.573444,-81.87306,2026-08-19,155123,2026-08-19 01:33:30 UTC,,,,2020-04-01,,,,,J1772,US,,,,Public,,public,,,,,,,,,,,,,,,,,,,,false,,,,,,,,,false,
ELEC,CITY OF UA PSC ROBERTS RD1,4100 Roberts Rd,,Columbus,OH,43228,,888-758-4389,E,,Public,24 hours daily,,,,,,,1,,ChargePoint Network,https://www.chargepoint.com,GPS,40.005892,-83.104779,2026-08-19,155321,2026-08-19 01:33:36 UTC,,,,2020-04-11,,,,,CHADEMO J1772COMBO,US,,,,Public,,public,,,,,,,,,,,,,,,,,,,,false,,,,,,,,,false,
ELEC,CH GARAGE CH GARAGE 2,123 W Third St,"Enter parking garage, go up the ramp and it will be directly in front of you.",Dayton,OH,45402,,888-758-4389,E,,Public,24 hours daily,,,,,,2,,,ChargePoint Network,https://www.chargepoint.com,GPS,39.759235,-84.194504,2026-08-19,155393,2026-08-19 01:33:40 UTC,,,,2020-04-16,,,,,J1772,US,,,,Public,,public,,,,,,,,,,,,,,,,,,,,false,,,,,,,,,false,
ELEC,CH GARAGE CH GARAGE 1,123 W Third St,First floor of parking garage,Dayton,OH,45401,,888-758-4389,E,,Public,24 hours daily,,,,,,2,,,ChargePoint Network,https://www.chargepoint.com,GPS,39.7598,-84.194728,2026-08-19,155394,2026-08-19 01:32:53 UTC,,,,2020-04-16,,,,,J1772,US,,,,Public,,public,,,,,,,,,,,,,,,,,,,,false,,,,,,,,,false,
ELEC,3CDC 3CDC ZIEGLER 4,1322 Sycamore St,Lower Level,Cincinnati,OH,45202,,888-758-4389,E,,Public,24 hours daily,,,,,,2,,,ChargePoint Network,https://www.chargepoint.com,GPS,39.110929,-84.509811,2026-08-19,155618,2026-08-19 01:09:22 UTC,,,,2020-04-29,,,,,J1772,US,,,,Public,,public,,,,,,,,,,,,,,,,,,,,false,,,,,,,,,false,
ELEC,INDUS HOTEL CANOPY VALET,227 E Hickory St,,Columbus,OH,43215,,888-758-4389,E,,Public,24 hours daily,,,,,,2,,,ChargePoint Network,https://www.chargepoint.com,GPS,39.96703,-82.999197,2026-08-19,156060,2026-08-19 01:34:14 UTC,,,,2020-05-05,,,,,J1772,US,,,,Public,,public,,,,,,,,,,,,,,,,,,,,false,,,,,,,,,false,
ELEC,CH GARAGE STADIUM TWO,220 N Patterson Blvd,West end of Stadium,Dayton,OH,45402,,888-758-4389,E,,Public,24 hours daily,,,,,,2,,,ChargePoint Network,https://www.chargepoint.com,GPS,39.764121,-84.187724,2026-08-19,156152,2026-08-19 01:34:29 UTC,,,,2020-05-09,,,,,J1772,US,,,,Public,,public,,,,,,,,,,,,,,,,,,,,false,,,,,,,,,false,
ELEC,3CDC 3CDC 3,309 E 8th St,Lower Level,Cincinnati,OH,45202,,888-758-4389,E,,Public,24 hours daily,,,,,,2,,,ChargePoint Network,https://www.chargepoint.com,GPS,39.105131,-84.508432,2026-08-19,156154,2026-08-19 01:06:41 UTC,,,,2020-05-09,,,,,J1772,US,,,,Public,,public,,,,,,,,,,,,,,,,,,,,false,,,,,,,,,false,
ELEC,COTA N.L. P&R UNIT 3,3575 Cleveland Ave,,Columbus,OH,43224,,888-758-4389,E,,Public,24 hours daily,,,,,,2,,,ChargePoint Network,https://www.chargepoint.com,GPS,40.041103,-82.961395,2026-08-19,156320,2026-08-19 01:34:12 UTC,,,,2020-05-16,,,,,J1772,US,,,,Public,,public,,,,,,,,,,,,,,,,,,,,false,,,,,,,,,false,
ELEC,COTA N.L. P&R UNIT 1,3583 Cleveland Ave,,Columbus,OH,43224,,888-758-4389,E,,Public,24 hours daily,,,,,,2,,,ChargePoint Network,https://www.chargepoint.com,GPS,40.041126,-82.961193,2026-08-19,156321,2026-08-19 01:34:11 UTC,,,,2020-05-16,,,,,J1772,US,,,,Public,,public,,,,,,,,,,,,,,,,,,,,false,,,,,,,,,false,
ELEC,COTA N.T.C. UNIT 3,Northland Transit Center Bay 1,,Columbus,OH,43229,,888-758-4389,E,,Public,24 hours daily,,,,,,2,,,ChargePoint Network,https://www.chargepoint.com,GPS,40.082249,-82.952029,2026-08-19,156322,2026-08-19 01:34:11 UTC,,,,2020-05-16,,,,,J1772,US,,,,Public,,public,,,,,,,,,,,,,,,,,,,,false,,,,,,,,,false,
ELEC,O'BLENESS OBH STATION 3,75 Hospital Dr,Behind Hospital,Athens,OH,45701,,888-758-4389,E,,Public,24 hours daily,,,,,,2,,,ChargePoint Network,https://www.chargepoint.com,GPS,39.327901,-82.115509,2026-08-19,156380,2026-08-19 01:21:53 UTC,,,,2020-05-20,,,,,J1772,US,,,,Public,,public,,,,,,,,,,,,,,,,,,,,false,,,,,,,,,false,
ELEC,PATHWAYS GEORGESVILLE RD,750 Georgesville Rd,,Columbus,OH,43228,,888-758-4389,E,,Public,24 hours daily,,,,,,2,,,ChargePoint Network,https://www.chargepoint.com,GPS,39.937703,-83.112335,2026-08-19,158466,2026-08-19 01:34:59 UTC,,,,2020-06-02,,,,,J1772,US,,,,Public,,public,,,,,,,,,,,,,,,,,,,,false,,,,,,,,,false,
ELEC,PATHWAYS GRANDVEIW,1445 Goodale Blvd,,Columbus,OH,43212,,888-758-4389,E,,Public,24 hours daily,,,,,,2,,,ChargePoint Network,https://www.chargepoint.com,GPS,39.976519,-83.042922,2026-08-19,158467,2026-08-19 01:34:59 UTC,,,,2020-06-02,,,,,J1772,US,,,,Public,,public,,,,,,,,,,,,,,,,,,,,false,,,,,,,,,false,
ELEC,PATHWAYS CORPORATE,5665 N Hamilton Rd,,Columbus,OH,43230,,888-758-4389,E,,Public,24 hours daily,,,,,,2,,,ChargePoint Network,https://www.chargepoint.com,GPS,40.071457,-82.863495,2026-08-19,158468,2026-08-19 01:34:59 UTC,,,,2020-06-02,,,,,J1772,US,,,,Public,,public,,,,,,,,,,,,,,,,,,,,false,,,,,,,,,false,
ELEC,CITY OF UA MSC TREMONT RD2,3600 Tremont Road,,Upper Arlington,OH,43221,,888-758-4389,E,,Public,24 hours daily,,,,,,,1,,ChargePoint Network,https://www.chargepoint.com,GPS,40.03095,-83.051786,2026-08-19,158597,2026-08-19 01:35:22 UTC,,,,2020-06-10,,,,,CHADEMO J1772COMBO,US,,,,Public,,public,,,,,,,,,,,,,,,,,,,,false,,,,,,,,,false,
ELEC,BUTLERRURALELEC BREC_HDQ,3888 Stillwell Beckett Rd,Parking Lot near front entrance,Oxford,OH,45056,,888-758-4389,E,,Public,24 hours daily,,,,,,2,,,ChargePoint Network,https://www.chargepoint.com,GPS,39.45326,-84.68472,2026-08-19,162527,2026-08-19 01:35:25 UTC,,,,2020-06-12,,,,,J1772,US,,,,Public,,public,,,,,,,,,,,,,,,,,,,,false,,,,,,,,,false,
ELEC,INDUS HOTEL AIRPORT,2845 Airport Dr,,Columbus,OH,43219,,888-758-4389,E,,Public,24 hours daily,,,,,,2,,,ChargePoint Network,https://www.chargepoint.com,GPS,39.999021,-82.932519,2026-08-19,163516,2026-08-19 01:35:26 UTC,,,,2020-06-20,,,,,J1772,US,,,,Public,,public,,,,,,,,,,,,,,,,,,,,false,,,,,,,,,false,
ELEC,MCGC GARAGE STATION 2,5341 Hoover Rd,Second floor of parking garage,Grove City,OH,43123,,888-758-4389,E,,Public,24 hours daily,,,,,,2,,,ChargePoint Network,https://www.chargepoint.com,GPS,39.852253,-83.077399,2026-08-19,163549,2026-08-19 01:35:20 UTC,,,,2020-06-23,,,,,J1772,US,,,,Public,,public,,,,,,,,,,,,,,,,,,,,false,,,,,,,,,false,
ELEC,MCE N GARAGE -2 MCE 2,6005 E Broad St,Second floor of the parking garage,Columbus,OH,43213,,888-758-4389,E,,Public,24 hours daily,,,,,,2,,,ChargePoint Network,https://www.chargepoint.com,GPS,39.978316,-82.842201,2026-08-19,163608,2026-08-19 01:34:28 UTC,,,,2020-06-25,,,,,J1772,US,,,,Public,,public,,,,,,,,,,,,,,,,,,,,false,,,,,,,,,false,
ELEC,LivINN Hotels - 11385 Chester Rd,11385 Chester Rd,,Sharonville,OH,45246,,866-816-7584,E,,Public,24 hours daily,,,,,,2,,,EV Connect,https://www.evconnect.com,GPS,39.280017,-84.444889,2026-08-19,163958,2026-08-19 03:44:19 UTC,,,,2020-06-26,,,,,J1772,US,,,,Public,,public,,,,,,,,,,,,,,,,,,,,false,,,,,,,,,false,
ELEC,BUCYRUS BUCYRUS-MAIN,117 Washington Square,Right off of the square Mural Park,Bucyrus,OH,44820,,888-758-4389,E,,Public,24 hours daily,,,,,,,1,,ChargePoint Network,https://www.chargepoint.com,GPS,40.808304,-82.974583,2026-08-19,164032,2026-08-19 01:36:07 UTC,,,,2020-07-07,,,,,CHADEMO J1772COMBO,US,,,,Public,,public,,,,,,,,,,,,,,,,,,,,false,,,,,,,,,false,
ELEC,AVITABUCYRUS BCH 1,300 Hill St,,Bucyrus,OH,44820,,888-758-4389,E,,Public,24 hours daily,,,,,,2,,,ChargePoint Network,https://www.chargepoint.com,GPS,40.815575,-82.97797,2026-08-19,164243,2026-08-19 01:36:07 UTC,,,,2020-07-15,,,,,J1772,US,,,,Public,,public,,,,,,,,,,,,,,,,,,,,false,,,,,,,,,false,
ELEC,YOCTANGEE CHILLICOTHE,37 E Water St,Water St,Chillicothe,OH,45601,,888-758-4389,E,,Public,24 hours daily,,,,,,2,,,ChargePoint Network,https://www.chargepoint.com,GPS,39.336169,-82.981778,2026-08-19,164274,2026-08-19 01:36:26 UTC,,,,2020-07-16,,,,,J1772,US,,,,Public,,public,,,,,,,,,,,,,,,,,,,,false,,,,,,,,,false,
ELEC,YOCTANGEE YOCTANGEEPARK2,37 E Water St Side,behind Cristy's Pizza,Chillicothe,OH,45601,,888-758-4389,E,,Public,24 hours daily,,,,,,2,,,ChargePoint Network,https://www.chargepoint.com,GPS,39.336136,-82.981757,2026-08-19,164505,2026-08-19 01:36:41 UTC,,,,2020-07-24,,,,,J1772,US,,,,Public,,public,,,,,,,,,,,,,,,,,,,,false,,,,,,,,,false,
ELEC,Whole Foods Market,1555 W Lane Ave,,Upper Arlington,OH,43221,,614-481-3400,E,,Public,24 hours daily,,,,,,1,,,Non-Networked,,GPS,40.006276,-83.052762,2025-07-03,164572,2026-02-02 23:16:24 UTC,P,,,2020-07-24,,,,,J1772,US,,,,Public,,public,,,GROCERY,,,,,,,Free,,,,,,,,,NONE,false,,,,,,,,LD,false,
ELEC,BEDROCK MAY CO LL-1,105 Prospect Ave E,"Pull in garage, basement",Cleveland,OH,44115,,888-758-4389,E,,Public,24 hours daily,,,,,,2,,,ChargePoint Network,https://www.chargepoint.com,GPS,41.498203,-81.691315,2026-08-19,164825,2026-08-19 01:35:26 UTC,,,,2020-08-04,,,,,J1772,US,,,,Public,,public,,,,,,,,,,,,,,,,,,,,false,,,,,,,,,false,
ELEC,The Villas at Gervasi Vineyard - Tesla Destination,1700 55th St NE,,Canton,OH,44721,,877-798-3752,E,,Public,,,,,,,3,,,Tesla Destination,https://www.tesla.com/destination-charging,GPS,40.857272,-81.351402,2024-07-01,165120,2025-02-12 00:16:32 UTC,P,,,2017-01-06,,,,,J1772 TESLA,US,,,,Public,,public,,,HOTEL,,,,,,,,,,,,,,,,,,,,,,,,,,false,
ELEC,BLISS GARAGE BLISS DECK 3,238 Cleveland Ave NW,3rd floor of deck,Canton,OH,44702,,888-758-4389,E,,Public,24 hours daily,,,,,,2,,,ChargePoint Network,https://www.chargepoint.com,GPS,40.799866,-81.375638,2026-08-19,165227,2026-08-19 01:34:42 UTC,,,,2020-08-14,,,,,J1772,US,,,,Public,,public,,,,,,,,,,,,,,,,,,,,false,,,,,,,,,false,
ELEC,OHIO STATE UNV KUNZ-BRUNDIGE,2548 Carmack Rd,"Effective March 2, 2026, the electric vehicle (EV) charging station service charge will be $0.50 per kwh.  Visit ttm.osu.edu for more information.",Columbus,OH,43210,,888-758-4389,E,,Public,24 hours daily,,,,,,1,,,ChargePoint Network,https://www.chargepoint.com,GPS,40.011047,-83.037714,2026-08-19,165309,2026-08-19 01:27:26 UTC,,,,2020-08-19,,,,,J1772,US,,,,Public,,public,,,,,,,,,,,,,,,,,,,,false,,,,,,,,,false,
ELEC,URE PARKING LOT 1,15461 US-36,URE Parking Lot Near Wendy's,Marysville,OH,43040,,888-758-4389,E,,Public,24 hours daily,,,,,,2,,,ChargePoint Network,https://www.chargepoint.com,GPS,40.240543,-83.33836,2026-08-19,165785,2026-08-19 01:38:12 UTC,,,,2020-08-29,,,,,J1772,US,,,,Public,,public,,,,,,,,,,,,,,,,,,,,false,,,,,,,,,false,
ELEC,CAP S1 LOT S1 PARKING LOT,2361 E Mound St,,Columbus,OH,43209,,888-758-4389,E,,Public,24 hours daily,,,,,,2,,,ChargePoint Network,https://www.chargepoint.com,GPS,39.9551,-82.93548,2026-08-19,165786,2026-08-19 01:38:11 UTC,,,,2020-08-29,,,,,J1772,US,,,,Public,,public,,,,,,,,,,,,,,,,,,,,false,,,,,,,,,false,
ELEC,"Chillicothe, OH - Tesla Supercharger",1080 N. Bridge Street,,Chillicothe,OH,45601,,877-798-3752,E,,Public,24 hours daily. NACS partner enabled.,,,,,,,8,,Tesla,https://www.tesla.com/supercharger,GPS,39.358354,-82.977328,2026-06-18,166932,2026-06-18 14:46:21 UTC,P,,,2020-09-11,,,,,TESLA,US,,,,Public,,public,,,SHOPPING_CENTER,,,,,,,,,,,,,,,,,false,,,,,,,,,true,
ELEC,MARYSVILLECITY PLUM ST PRK LT1,115 S Plum St,,Marysville,OH,43040,,888-758-4389,E,,Public,24 hours daily,,,,,,2,,,ChargePoint Network,https://www.chargepoint.com,GPS,40.235469,-83.365866,2026-08-19,166985,2026-08-19 01:38:54 UTC,,,,2020-09-22,,,,,J1772,US,,,,Public,,public,,,,,,,,,,,,,,,,,,,,false,,,,,,,,,false,
ELEC,TownePlace Suites by Marriott Cleveland Solon - Tesla Destination,6040 Enterprise Pkwy,,Solon,OH,44139,,440-394-1270,E,,Public,24 hours daily; for guest use only; see front desk for access; Mobile App,CREDIT,,,,,2,,,Tesla Destination,https://www.tesla.com/destination-charging,GPS,41.394574,-81.464524,2026-01-13,167128,2026-02-02 23:16:24 UTC,P,,,2020-09-21,,,,,J1772,US,,,,Public,,public,,,HOTEL,,,,,,,,,,,,,,,,NONE,true,,,,,,,,LD,false,
ELEC,EDISON BREWING FP #1,785 Science Blvd,In Front of Brick Building,Gahanna,OH,43230,,888-758-4389,E,,Public,24 hours daily,,,,,,2,,,ChargePoint Network,https://www.chargepoint.com,GPS,39.99738,-82.84412,2026-08-19,167182,2026-08-19 01:36:23 UTC,,,,2020-09-30,,,,,J1772,US,,,,Public,,public,,,,,,,,,,,,,,,,,,,,false,,,,,,,,,false,
ELEC,COLUMBIANA PORT AUTHORITY,7860 Dickey Dr,Front parking lot,Lisbon,OH,44432,,888-758-4389,E,,Public,24 hours daily,,,,,,2,,,ChargePoint Network,https://www.chargepoint.com,GPS,40.78688,-80.772508,2026-08-19,167230,2026-08-19 01:39:17 UTC,,,,2020-10-02,,,,,J1772,US,,,,Public,,public,,,,,,,,,,,,,,,,,,,,false,,,,,,,,,false,
ELEC,LAKEWOOD PARK HAVEN ROW,14115 Detroit Ave,Side of Raising Cane's,Lakewood,OH,44107,,888-758-4389,E,,Public,24 hours daily,,,,,,2,,,ChargePoint Network,https://www.chargepoint.com,GPS,41.485133,-81.790862,2026-08-19,167257,2026-08-19 01:39:22 UTC,,,,2020-10-03,,,,,J1772,US,,,,Public,,public,,,,,,,,,,,,,,,,,,,,false,,,,,,,,,false,
ELEC,City of Bowling Green - City Park,520 Conneaut Ave,,Bowling Green,OH,43402,,419-354-6223,E,,Public,24 hours daily,,,,,,1,,,Non-Networked,,GPS,41.37997,-83.658087,2026-07-15,167302,2026-07-15 18:38:56 UTC,P,,,2020-09-28,,,,,J1772,US,,,,Public,,public,,,PARK,,,,,,,Free,,,,,,,,,,false,,,,,,,,MD,false,
ELEC,Progress Park,500 Lehman Ave,,Bowling Green,OH,43402,,,E,,Private,24 hours daily,,,,,,1,,,Non-Networked,,GPS,41.369501,-83.64376,2025-07-03,167303,2026-02-02 23:16:24 UTC,P,,,2020-09-28,,,,,J1772,US,,,,Privé,,private,,,PARK,,,,,,,,,,,,,,,,,,,,,,,,,LD,false,
ELEC,City of Perrysburg Public Parking,117 W 3rd St,,Perrysburg,OH,43551,,419-872-8010,E,,Public,24 hours daily,,,,,,2,,,Non-Networked,,GPS,41.558384,-83.629758,2023-07-11,167305,2025-11-18 14:46:16 UTC,P,,,2020-09-28,,,,,J1772,US,,,,Public,,public,,,MUNI_GOV,,,,,,,Free,,,,,,,,,,false,,,,,,,,LD,false,
ELEC,Best Western Toledo South Maumee,6425 Kit Ln,,Maumee,OH,43537,,419-865-9400,E,,Public,24 hours daily; for customer use only; see front desk for access,CREDIT D Debit M V,,,,,1,,,Non-Networked,,GPS,41.580346,-83.69382,2025-08-12,167307,2026-02-02 23:16:24 UTC,P,,,2020-09-28,,,,,J1772,US,,,,Public,,public,,,HOTEL,,,,,,,$20 per session,,,,,,,,,NONE,true,,,,,,,,LD,false,
ELEC,Maumee Bay Brew Pub,27 Broadway St,,Toledo,OH,43604,,419-243-1302,E,,Public,"11am-10pm M-Th, 11am-12am Fri, 10am-12am Sat, 10am-9pm Sun; Available when brewery is open",,,,,,1,,,Non-Networked,,GPS,41.642927,-83.538524,2025-08-12,167308,2026-02-02 23:16:24 UTC,P,,,2020-09-28,,,,,J1772,US,,,,Public,,public,,,BREWERY_DISTILLERY_WINERY,,,,,,,Free,,,,,,,,,NONE,false,,,,,,,,LD,false,
ELEC,JPG NEW STATION 1,762 Waldron St,,Columbus,OH,43215,,888-758-4389,E,,Public,24 hours daily,,,,,,2,,,ChargePoint Network,https://www.chargepoint.com,GPS,39.979736,-82.993913,2026-08-19,167353,2026-08-19 01:13:07 UTC,,,,2020-10-06,,,,,J1772,US,,,,Public,,public,,,,,,,,,,,,,,,,,,,,false,,,,,,,,,false,
ELEC,SOUTH EAST H-D DC FAST HOG,23105 Aurora Rd,DC FAST HOG,Bedford Heights,OH,44146,,888-758-4389,E,,Public,24 hours daily,,,,,,,1,,ChargePoint Network,https://www.chargepoint.com,GPS,41.418728,-81.51523,2026-08-19,167410,2026-08-19 01:39:03 UTC,,,,2020-10-09,,,,,J1772COMBO,US,,,,Public,,public,,,,,,,,,,,,,,,,,,,,false,,,,,,,,,false,
ELEC,Residence Inn by Marriott Cleveland/Middleburg - Tesla Destination,19149 E Bagley Rd,,Middleburg Heights,OH,44130,,877-798-3752,E,,Public,,,,,,,3,,,Tesla Destination,https://www.tesla.com/destination-charging,GPS,41.371471,-81.836235,2024-07-01,167427,2025-02-12 00:16:32 UTC,P,,,2019-09-04,,,,,J1772 TESLA,US,,,,Public,,public,,,INN,,,,,,,,,,,,,,,,,,,,,,,,,,false,
ELEC,Miami Valley Hospital South. - Parking Garage Top Deck,2400 Miami Valley Dr,I-675 & Wilmington Pike,Centerville,OH,45459,,937-438-2400,E,,Public,24 hours daily; 2 hour charging limit,,,,,,3,,,Non-Networked,,GPS,39.654074,-84.115866,2025-07-03,167445,2026-02-02 23:16:24 UTC,P,,,2020-10-05,,,,,J1772,US,,,,Public,,public,,,HOSPITAL,,,,,,,Free,,,,,,,,,,false,,,,,,,,LD,false,
ELEC,Beavercreek Office Suites,4027 Colonel Glenn Hwy,,Beavercreek,OH,45431,,937-427-9700,E,,Public,Business hours,,,,,,4,,,Non-Networked,,GPS,39.77331,-84.0804,2023-07-11,167447,2025-12-03 19:58:39 UTC,P,,,2020-10-05,,,,,J1772 TESLA,US,,,,Public,,public,,,OFFICE_BLDG,,,,,,,,,,,,,,,,,false,,,,,,,,LD,true,
ELEC,Wright State University - Lot 10,3460 Colonel Glenn Hwy,,Dayton,OH,45435,,937-775-1000,E,,Public,24 hours daily; permit required,,,,,,2,,,Non-Networked,,GPS,39.784259,-84.063376,2023-08-10,167449,2026-06-19 15:17:49 UTC,P,,,2020-10-05,,,,,J1772,US,,,,Public,,public,,,COLLEGE_CAMPUS,,,,,,,,,,,,,,,,,false,,,,,,,,LD,false,
ELEC,National Museum of the US Air Force,1100 Spaatz St,,Dayton,OH,45431,,937-255-3286,E,,Public,Museum business hours,,,,,,4,,,Non-Networked,,GPS,39.780831,-84.112366,2023-07-11,167450,2025-12-03 17:37:59 UTC,P,,,2020-10-05,,,,,J1772,US,,,,Public,,public,,,MUSEUM,,,,,,,Free,,,,,,,,,,false,,,,,,,,LD,false,
ELEC,ELECTRIC DEPT STATION 1,126 S Main St,,Columbiana,OH,44408,,888-758-4389,E,,Public,24 hours daily,,,,,,2,,,ChargePoint Network,https://www.chargepoint.com,GPS,40.886606,-80.693554,2026-08-19,167468,2026-08-19 01:39:29 UTC,,,,2020-10-10,,,,,J1772,US,,,,Public,,public,,,,,,,,,,,,,,,,,,,,false,,,,,,,,,false,
ELEC,OHIO STATE UNV LIMA 2,4240 campus dr,"Effective March 2, 2026, the electric vehicle (EV) charging station usage rate will be $.50 kwh. Visit ttm.osu.edu - Other Transit and Services for more information.",Lima,OH,45804,,888-758-4389,E,,Public,24 hours daily,,,,,,2,,,ChargePoint Network,https://www.chargepoint.com,GPS,40.739074,-84.026939,2026-08-19,167492,2026-08-19 01:41:39 UTC,,,,2020-10-13,,,,,J1772,US,,,,Public,,public,,,,,,,,,,,,,,,,,,,,false,,,,,,,,,false,
ELEC,HCCL STATION 1 HCCL STATION 1,213 S Myrtle Ave,,Willard,OH,44890,,888-758-4389,E,,Public,24 hours daily,,,,,,2,,,ChargePoint Network,https://www.chargepoint.com,GPS,41.05537,-82.725589,2026-08-19,168104,2026-08-19 01:39:43 UTC,,,,2020-11-03,,,,,J1772,US,,,,Public,,public,,,,,,,,,,,,,,,,,,,,false,,,,,,,,,false,
ELEC,GALLIPOLIS COG S2,333 3rd Ave,Station located in front of the City Building,Gallipolis,OH,45631,,888-758-4389,E,,Public,24 hours daily,,,,,,,1,,ChargePoint Network,https://www.chargepoint.com,GPS,38.807624,-82.207262,2026-08-19,168177,2026-08-19 01:36:06 UTC,,,,2020-11-06,,,,,CHADEMO J1772COMBO,US,,,,Public,,public,,,,,,,,,,,,,,,,,,,,false,,,,,,,,,false,
ELEC,COTA C.W P&R UNIT2,Canal Winchester Park & Ride,Cota parking lot,Canal Winchester,OH,43110,,888-758-4389,E,,Public,24 hours daily,,,,,,2,,,ChargePoint Network,https://www.chargepoint.com,GPS,39.860227,-82.82662,2026-08-19,168264,2026-08-19 01:40:06 UTC,,,,2020-11-11,,,,,J1772,US,,,,Public,,public,,,,,,,,,,,,,,,,,,,,false,,,,,,,,,false,
ELEC,NEW BOSTON 4504 STATION 1,4504 Gallia St,,New Boston,OH,45662,,888-758-4389,E,,Public,24 hours daily,,,,,,2,,,ChargePoint Network,https://www.chargepoint.com,GPS,38.754074,-82.923592,2026-08-19,168265,2026-08-19 01:39:15 UTC,,,,2020-11-11,,,,,J1772,US,,,,Public,,public,,,,,,,,,,,,,,,,,,,,false,,,,,,,,,false,
ELEC,Aileron - Tesla Destination,8860 Wildcat Rd,,Tipp City,OH,45371,,877-798-3752,E,,Private,,,,,,,3,,,Tesla Destination,https://www.tesla.com/destination-charging,200-9,39.902211,-84.148192,2024-07-01,168565,2025-02-12 00:16:32 UTC,P,,,2020-11-03,,,,,J1772 TESLA,US,,,,Privé,,private,,,,,,,,,,,,,,,,,,,,,,,,,,,,,false,
ELEC,American Electric Power HQ - Tesla Destination,4489 Bridgeway Ave,,Columbus,OH,43219,,877-798-3752,E,,Private,,,,,,,3,,,Tesla Destination,https://www.tesla.com/destination-charging,200-8,40.006433,-82.889269,2024-07-01,168573,2025-02-12 00:16:32 UTC,P,,,2020-11-03,,,,,J1772 TESLA,US,,,,Privé,,private,,,,,,,,,,,,,,,,,,,,,,,,,,,,,false,
ELEC,Catawba Island Club - Tesla Destination,4235 Beach Club Road,,Port Clinton,OH,43452,,877-798-3752,E,,Public,,,,,,,2,,,Tesla Destination,https://www.tesla.com/destination-charging,200-8,41.567055,-82.845298,2024-07-01,168669,2025-02-12 00:16:32 UTC,P,,,2018-03-12,,,,,TESLA,US,,,,Public,,public,,,,,,,,,,,,,,,,,,,,,,,,,,,,,false,
ELEC,CYMI Holdings - Tesla Destination,6450 Sand Lake Rd,,Dayton,OH,45414,,877-798-3752,E,,Private,,,,,,,2,,,Tesla Destination,https://www.tesla.com/destination-charging,200-9,39.760983,-84.198952,2024-07-01,168719,2025-02-12 00:16:32 UTC,P,,,2020-11-03,,,,,TESLA,US,,,,Privé,,private,,,,,,,,,,,,,,,,,,,,,,,,,,,,,false,
ELEC,InterContinental Cleveland - Tesla Destination,9801 Carnegie Ave,,Cleveland,OH,44106,,877-798-3752,E,,Public,,,,,,,6,,,Tesla Destination,https://www.tesla.com/destination-charging,200-8,41.501611,-81.619244,2024-07-01,168880,2025-02-12 00:16:32 UTC,P,,,2018-07-02,,,,,J1772 TESLA,US,,,,Public,,public,,,,,,,,,,,,,,,,,,,,,,,,,,,,,false,
ELEC,J&B Jerky Outlets - Tesla Destination,1640 OH-534,,Geneva,OH,44041,,877-798-3752,E,,Public,,,,,,,3,,,Tesla Destination,https://www.tesla.com/destination-charging,200-9,41.768193,-80.946033,2024-07-01,168889,2025-02-12 00:16:32 UTC,P,,,2015-05-26,,,,,J1772 TESLA,US,,,,Public,,public,,,,,,,,,,,,,,,,,,,,,,,,,,,,,false,
ELEC,LAZ Parking Columbus - Tesla Destination,33 W Russell St,,Columbus,OH,43215,,877-798-3752,E,,Public,,,,,,,4,,,Tesla Destination,https://www.tesla.com/destination-charging,200-9,39.994115,-83.006916,2024-07-01,168923,2025-02-12 00:16:32 UTC,P,,,2016-08-31,,,,,J1772 TESLA,US,,,,Public,,public,,,,,,,,,,,,,,,,,,,,,,,,,,,,,false,
ELEC,Maumee Stamping - Tesla Destination,920 Illinois Ave,,Maumee,OH,43537,,877-798-3752,E,,Private,,,,,,,20,,,Tesla Destination,https://www.tesla.com/destination-charging,200-9,41.56839,-83.679269,2024-07-01,168955,2025-02-12 00:16:32 UTC,P,,,2020-11-03,,,,,TESLA,US,,,,Privé,,private,,,,,,,,,,,,,,,,,,,,,,,,,,,,,false,
ELEC,Miami University - Tesla Destination,645 E Withrow St,,Oxford,OH,45056,,877-798-3752,E,,Public,,,,,,,4,,,Tesla Destination,https://www.tesla.com/destination-charging,200-8,39.511864,-84.732512,2024-07-01,168964,2025-02-12 00:16:32 UTC,P,,,2019-09-05,,,,,J1772 TESLA,US,,,,Public,,public,,,,,,,,,,,,,,,,,,,,,,,,,,,,,false,
ELEC,OhioHealth Riverside Methodist Hospital - Tesla Destination,3535 Olentangy River Rd,,Columbus,OH,43214,,877-798-3752,E,,Private,,,,,,,9,,,Tesla Destination,https://www.tesla.com/destination-charging,200-8,40.030609,-83.034292,2024-07-01,168991,2025-05-06 21:10:23 UTC,P,,,2020-11-03,,,,,J1772 TESLA,US,,,,Privé,,private,,,,,,,,,,,,,,,,,,,,,,,,,,,,,false,
ELEC,Parker Hannifin HQ - Tesla Destination,6035 Parkland Blvd,,Cleveland,OH,44124,,877-798-3752,E,,Private,,,,,,,2,,,Tesla Destination,https://www.tesla.com/destination-charging,200-9,41.506613,-81.461033,2024-07-01,169012,2025-02-12 00:16:32 UTC,P,,,2020-11-03,,,,,TESLA,US,,,,Privé,,private,,,,,,,,,,,,,,,,,,,,,,,,,,,,,false,
ELEC,Queen City Square Garage - Tesla Destination,319-331 E 4th St,,Cincinnati,OH,45202,,877-798-3752,E,,Public,,,,,,,2,,,Tesla Destination,https://www.tesla.com/destination-charging,200-8,39.100284,-84.507156,2024-07-01,169048,2025-02-12 00:16:32 UTC,P,,,2017-10-31,,,,,TESLA,US,,,,Public,,public,,,,,,,,,,,,,,,,,,,,,,,,,,,,,false,
ELEC,The Park Building - Tesla Destination,79 South State Street,,Westerville,OH,43081,,877-798-3752,E,,Private,,,,,,,1,,,Tesla Destination,https://www.tesla.com/destination-charging,200-9,40.123861,-82.931069,2024-07-01,169186,2025-02-12 00:16:32 UTC,P,,,2020-11-03,,,,,TESLA,US,,,,Privé,,private,,,,,,,,,,,,,,,,,,,,,,,,,,,,,false,
ELEC,NEW ALBANY PUBLIC PARKING1,150 W Main St,,New Albany,OH,43054,,888-758-4389,E,,Public,24 hours daily,,,,,,,1,,ChargePoint Network,https://www.chargepoint.com,GPS,40.082006,-82.812975,2026-08-19,169336,2026-08-19 01:40:13 UTC,,,,2020-11-19,,,,,J1772COMBO TESLA,US,,,,Public,,public,,,,,,,,,,,,,,,,,,,,false,,,,,,,,,false,
ELEC,CHERRY RIDGE STATION 1,22097 Cherry Ridge Rd,,New Plymouth,OH,45654,,888-758-4389,E,,Public,24 hours daily,,,,,,2,,,ChargePoint Network,https://www.chargepoint.com,GPS,39.406986,-82.406333,2026-08-19,170006,2026-08-19 01:40:25 UTC,,,,2020-12-09,,,,,J1772,US,,,,Public,,public,,,,,,,,,,,,,,,,,,,,false,,,,,,,,,false,
ELEC,REYNOLDSBURG FAST CHARGER 1,7312 E Main St,It is in the parking lot of the new park,Reynoldsburg,OH,43068,,888-758-4389,E,,Public,24 hours daily,,,,,,,1,,ChargePoint Network,https://www.chargepoint.com,GPS,39.955396,-82.80362,2026-08-19,170399,2026-08-19 01:35:27 UTC,,,,2020-12-19,,,,,CHADEMO J1772COMBO,US,,,,Public,,public,,,,,,,,,,,,,,,,,,,,false,,,,,,,,,false,
ELEC,REYNOLDSBURG FC YMCA,1553 Davidson Dr,It is in the parking lot of the YMCA building,Reynoldsburg,OH,43068,,888-758-4389,E,,Public,24 hours daily,,,,,,,1,,ChargePoint Network,https://www.chargepoint.com,GPS,39.953042,-82.804705,2026-08-19,170400,2026-08-19 01:35:27 UTC,,,,2020-12-19,,,,,CHADEMO J1772COMBO,US,,,,Public,,public,,,,,,,,,,,,,,,,,,,,false,,,,,,,,,false,
ELEC,MGH MGH - 1,1000 McKinley Park Dr,LEFT FRONT OF HOSPITAL,Marion,OH,43302,,888-758-4389,E,,Public,24 hours daily,,,,,,2,,,ChargePoint Network,https://www.chargepoint.com,GPS,40.571332,-83.129049,2026-08-19,170451,2026-08-19 01:41:35 UTC,,,,2020-12-22,,,,,J1772,US,,,,Public,,public,,,,,,,,,,,,,,,,,,,,false,,,,,,,,,false,
ELEC,CITY OF WOOSTER N BUCKEYE 1,151 East North Street,,Wooster,OH,44691,,888-758-4389,E,,Public,24 hours daily,,,,,,,1,,ChargePoint Network,https://www.chargepoint.com,GPS,40.799429,-81.939345,2026-08-19,170509,2026-08-19 01:25:48 UTC,,,,2020-12-24,,,,,CHADEMO J1772COMBO,US,,,,Public,,public,,,,,,,,,,,,,,,,,,,,false,,,,,,,,,false,
ELEC,NAPOLEON H-D DC FAST HOG,862 American Rd,Southeast corner of building,Napoleon,OH,43545,,888-758-4389,E,,Public,24 hours daily,,,,,,,1,,ChargePoint Network,https://www.chargepoint.com,GPS,41.417934,-84.10678,2026-08-19,170641,2026-08-19 01:42:23 UTC,,,,2020-12-29,,,,,J1772COMBO,US,,,,Public,,public,,,,,,,,,,,,,,,,,,,,false,,,,,,,,,false,
ELEC,CITYOFCANTON E TUSCARAWAS 1,420 2nd St NW,,Canton,OH,44702,,888-758-4389,E,,Public,24 hours daily,,,,,,,1,,ChargePoint Network,https://www.chargepoint.com,GPS,40.79849,-81.371825,2026-08-19,170642,2026-08-19 01:40:51 UTC,,,,2020-12-29,,,,,CHADEMO J1772COMBO,US,,,,Public,,public,,,,,,,,,,,,,,,,,,,,false,,,,,,,,,false,
ELEC,OHIO STATE UNV WMCGARAGE1,527 W 10th Ave,"Effective March 2, 2026, the electric vehicle (EV) charging station usage rate will be $.50 kwh. Visit ttm.osu.edu - Other Transit and Services for more information.",Columbus,OH,43210,,888-758-4389,E,,Public,24 hours daily,,,,,,2,,,ChargePoint Network,https://www.chargepoint.com,GPS,39.993937,-83.021618,2026-08-19,171242,2026-08-19 01:42:10 UTC,,,,2021-01-12,,,,,J1772,US,,,,Public,,public,,,,,,,,,,,,,,,,,,,,false,,,,,,,,,false,
ELEC,Findlay Market,1801 Race Street,,Cincinnati,OH,45202,,888-356-8911,E,,Public,24 hours daily,,,,,,2,,,FLO,https://www.flo.com,GPS,39.115833,-84.518944,2026-08-19,171318,2026-08-19 04:03:39 UTC,,,,2021-01-15,,,,,J1772,US,,,,Public,,public,,,,,,,,,,,,,,,,,,,,false,,,,,,,,,false,
ELEC,Allure,350 Arden Way,,Centerville,OH,45459,,888-356-8911,E,,Public,24 hours daily,,,,,,4,,,FLO,https://www.flo.com,GPS,39.646576,-84.1501105,2026-08-19,171319,2026-08-19 04:03:33 UTC,,,,2021-01-15,,,,,J1772,US,,,,Public,,public,,,,,,,,,,,,,,,,,,,,false,,,,,,,,,false,
ELEC,Cincinnati Art Museum,953 Eden Park Drive,,Cincinnati,OH,45202,,888-356-8911,E,,Public,24 hours daily,,,,,,8,,,FLO,https://www.flo.com,GPS,39.1151408,-84.4975238,2026-08-19,171321,2026-08-19 04:03:30 UTC,,,,2021-01-15,,,,,J1772,US,,,,Public,,public,,,,,,,,,,,,,,,,,,,,false,,,,,,,,,false,
ELEC,Cincinnati Zoo,3400 Vine Street,,Cincinnati,OH,45220,,888-356-8911,E,,Public,24 hours daily,,,,,,8,,,FLO,https://www.flo.com,GPS,39.1424478,-84.5099628,2026-08-19,171322,2026-08-19 04:03:46 UTC,,,,2021-01-15,,,,,J1772,US,,,,Public,,public,,,,,,,,,,,,,,,,,,,,false,,,,,,,,,false,
ELEC,Northside Transit Center,4041 Spring Grove Avenue,,Cincinnati,OH,45223,,888-356-8911,E,,Public,24 hours daily,,,,,,2,,,FLO,https://www.flo.com,GPS,39.159444,-84.538083,2026-08-19,171323,2026-08-19 04:03:41 UTC,,,,2021-01-15,,,,,J1772,US,,,,Public,,public,,,,,,,,,,,,,,,,,,,,false,,,,,,,,,false,
ELEC,Golden Lamb,27 S Broadway Street,,Lebanon,OH,45036,,888-356-8911,E,,Public,24 hours daily,,,,,,3,,,FLO,https://www.flo.com,GPS,39.4338401,-84.2093058,2026-08-19,171327,2026-08-19 04:03:40 UTC,,,,2021-01-15,,,,,J1772,US,,,,Public,,public,,,,,,,,,,,,,,,,,,,,false,,,,,,,,,false,
ELEC,OHIO DOMINICAN ODU EVSTATION 1,1229-1297 Sunbury Rd,,Columbus,OH,43219,,888-758-4389,E,,Public,24 hours daily,,,,,,2,,,ChargePoint Network,https://www.chargepoint.com,GPS,39.99469,-82.94161,2026-08-19,171728,2026-08-19 01:27:51 UTC,,,,2021-01-27,,,,,J1772,US,,,,Public,,public,,,,,,,,,,,,,,,,,,,,false,,,,,,,,,false,
ELEC,GEMINI TOWER I EV CHARGE1,1991 Crocker Rd,Rear of Building,Westlake,OH,44145,,888-758-4389,E,,Public,24 hours daily,,,,,,2,,,ChargePoint Network,https://www.chargepoint.com,GPS,41.462761,-81.949563,2026-08-19,171992,2026-08-19 01:08:17 UTC,,,,2021-01-27,,,,,J1772,US,,,,Public,,public,,,,,,,,,,,,,,,,,,,,false,,,,,,,,,false,
ELEC,YARK BMW STATION 1,7600 Central Ave,,Toledo,OH,43617,,888-758-4389,E,,Public,24 hours daily,,,,,,2,,,ChargePoint Network,https://www.chargepoint.com,GPS,41.674353,-83.725311,2026-08-19,172051,2026-08-19 00:56:48 UTC,,,,2021-01-27,,,,,J1772,US,,,,Public,,public,,,,,,,,,,,,,,,,,,,,false,,,,,,,,,false,
ELEC,KCG PARKING STATION 1,201 E Erie St,First parking spot at top of entrance ramp. Connect with PARTA for discounts on Charging and Parking permits are available to save on parking fees.,Kent,OH,44240,,888-758-4389,E,,Public,24 hours daily,,,,,,2,,,ChargePoint Network,https://www.chargepoint.com,GPS,41.153119,-81.355061,2026-08-19,172441,2026-08-19 01:05:19 UTC,,,,2021-01-27,,,,,J1772,US,,,,Public,,public,,,,,,,,,,,,,,,,,,,,false,,,,,,,,,false,
ELEC,HDMA-ADC HRAO 1 2,21001 St Rt 739,Visitors parking lot,Raymond,OH,43067,,888-758-4389,E,,Public,24 hours daily,,,,,,2,,,ChargePoint Network,https://www.chargepoint.com,GPS,40.301636,-83.5278,2026-08-19,173068,2026-08-19 01:14:09 UTC,,,,2021-01-27,,,,,J1772,US,,,,Public,,public,,,,,,,,,,,,,,,,,,,,false,,,,,,,,,false,
ELEC,HDMA-ADC HRAO DC 1,21001 St Rt 739,In visitors parking lot.,Raymond,OH,43067,,888-758-4389,E,,Public,24 hours daily,,,,,,,1,,ChargePoint Network,https://www.chargepoint.com,GPS,40.301714,-83.527806,2026-08-19,173069,2026-08-19 01:08:23 UTC,,,,2021-01-27,,,,,CHADEMO J1772COMBO,US,,,,Public,,public,,,,,,,,,,,,,,,,,,,,false,,,,,,,,,false,
ELEC,HDMA-ADC HRAO 2 3,21001 OH-739,Visitor Parking Lot,Raymond,OH,43067,,888-758-4389,E,,Public,24 hours daily,,,,,,2,,,ChargePoint Network,https://www.chargepoint.com,GPS,40.301678,-83.527793,2026-08-19,173070,2026-08-19 01:14:09 UTC,,,,2021-01-27,,,,,J1772,US,,,,Public,,public,,,,,,,,,,,,,,,,,,,,false,,,,,,,,,false,
ELEC,HDMA-ADC HRAO 2 2,21001 OH-739,Associate Parking Lot,Raymond,OH,43067,,888-758-4389,E,,Public,24 hours daily,,,,,,2,,,ChargePoint Network,https://www.chargepoint.com,GPS,40.302892,-83.527476,2026-08-19,173071,2026-08-19 01:14:09 UTC,,,,2021-01-27,,,,,J1772,US,,,,Public,,public,,,,,,,,,,,,,,,,,,,,false,,,,,,,,,false,
ELEC,HDMA-ADC HRAO 2 4,21001 OH-739,Associate Parking Lot,Raymond,OH,43067,,888-758-4389,E,,Public,24 hours daily,,,,,,2,,,ChargePoint Network,https://www.chargepoint.com,GPS,40.302935,-83.527526,2026-08-19,173072,2026-08-19 01:14:08 UTC,,,,2021-01-27,,,,,J1772,US,,,,Public,,public,,,,,,,,,,,,,,,,,,,,false,,,,,,,,,false,
ELEC,OHIO STATE UNV CAR1,930 Kinnear Rd,"Effective March 2, 2026, the electric vehicle (EV) charging station usage rate will be $.50 kwh. Visit ttm.osu.edu - Other Transit and Services for more information.",Columbus,OH,43212,,888-758-4389,E,,Public,24 hours daily,,,,,,2,,,ChargePoint Network,https://www.chargepoint.com,GPS,39.997987,-83.033045,2026-08-19,173226,2026-08-19 01:15:05 UTC,,,,2021-01-27,,,,,J1772,US,,,,Public,,public,,,,,,,,,,,,,,,,,,,,false,,,,,,,,,false,
ELEC,OHIO STATE UNV CAR3,930 Kinnear Rd,"Effective March 2, 2026, the electric vehicle (EV) charging station usage rate will be $.50 kwh. Visit ttm.osu.edu - Other Transit and Services for more information.",Columbus,OH,43212,,888-758-4389,E,,Public,24 hours daily,,,,,,2,,,ChargePoint Network,https://www.chargepoint.com,GPS,39.997977,-83.032914,2026-08-19,173227,2026-08-19 01:14:49 UTC,,,,2021-01-27,,,,,J1772,US,,,,Public,,public,,,,,,,,,,,,,,,,,,,,false,,,,,,,,,false,
ELEC,OHIO STATE UNV CAR2,930 Kinnear Rd,"Effective March 2, 2026, the electric vehicle (EV) charging station usage rate will be $.50 kwh. Visit ttm.osu.edu - Other Transit and Services for more information.",Columbus,OH,43212,,888-758-4389,E,,Public,24 hours daily,,,,,,2,,,ChargePoint Network,https://www.chargepoint.com,GPS,39.997977,-83.032977,2026-08-19,173228,2026-08-19 01:14:47 UTC,,,,2021-01-27,,,,,J1772,US,,,,Public,,public,,,,,,,,,,,,,,,,,,,,false,,,,,,,,,false,
ELEC,HTM HTM STATION 5,6964 OH-235,Near Associate Entrance,Russells Point,OH,43348,,888-758-4389,E,,Public,24 hours daily,,,,,,2,,,ChargePoint Network,https://www.chargepoint.com,GPS,40.44671,-83.901986,2026-08-19,173361,2026-08-19 01:18:24 UTC,,,,2021-01-27,,,,,J1772,US,,,,Public,,public,,,,,,,,,,,,,,,,,,,,false,,,,,,,,,false,
ELEC,HTM HTM STATION 6,6964 OH-235,Near Associate Entrance,Russells Point,OH,43348,,888-758-4389,E,,Public,24 hours daily,,,,,,2,,,ChargePoint Network,https://www.chargepoint.com,GPS,40.446707,-83.902029,2026-08-19,173362,2026-08-19 01:18:24 UTC,,,,2021-01-27,,,,,J1772,US,,,,Public,,public,,,,,,,,,,,,,,,,,,,,false,,,,,,,,,false,
ELEC,HTM HTM STATION 7,6964 OH-235,Near Associate Entrance,Russells Point,OH,43348,,888-758-4389,E,,Public,24 hours daily,,,,,,2,,,ChargePoint Network,https://www.chargepoint.com,GPS,40.446704,-83.902086,2026-08-19,173363,2026-08-19 01:18:24 UTC,,,,2021-01-27,,,,,J1772,US,,,,Public,,public,,,,,,,,,,,,,,,,,,,,false,,,,,,,,,false,
ELEC,HTM HTM STATION 4,6964 OH-235,Near Associate Entrance,Russells Point,OH,43348,,888-758-4389,E,,Public,24 hours daily,,,,,,2,,,ChargePoint Network,https://www.chargepoint.com,GPS,40.446713,-83.9019,2026-08-19,173364,2026-08-19 01:18:23 UTC,,,,2021-01-27,,,,,J1772,US,,,,Public,,public,,,,,,,,,,,,,,,,,,,,false,,,,,,,,,false,
ELEC,OHIO STATE UNV SCHUMAKER1,630 Trumbull Ct,"Effective March 2, 2026, the electric vehicle (EV) charging station usage rate will be $.50 kwh. Visit ttm.osu.edu - Other Transit and Services for more information.",Columbus,OH,43210,,888-758-4389,E,,Public,24 hours daily,,,,,,2,,,ChargePoint Network,https://www.chargepoint.com,GPS,40.012911,-83.026324,2026-08-19,173562,2026-08-19 01:14:27 UTC,,,,2021-01-27,,,,,J1772,US,,,,Public,,public,,,,,,,,,,,,,,,,,,,,false,,,,,,,,,false,
ELEC,LAZ COLUMBUS OH CHESTNUT 01,44 E Chestnut St,,Columbus,OH,43215,,888-758-4389,E,,Public,24 hours daily,,,,,,2,,,ChargePoint Network,https://www.chargepoint.com,GPS,39.968063,-83.000658,2026-08-19,173661,2026-08-19 01:20:14 UTC,,,,2021-01-27,,,,,J1772,US,,,,Public,,public,,,,,,,,,,,,,,,,,,,,false,,,,,,,,,false,
ELEC,LAZ COLUMBUS OH NEIL GARAGE 2,300 Neil Ave.,Level P2,Columbus,OH,43215,,888-758-4389,E,,Public,24 hours daily,,,,,,2,,,ChargePoint Network,https://www.chargepoint.com,GPS,39.967311,-83.009168,2026-08-19,173662,2026-08-19 01:20:14 UTC,,,,2021-01-27,,,,,J1772,US,,,,Public,,public,,,,,,,,,,,,,,,,,,,,false,,,,,,,,,false,
ELEC,LAZ COLUMBUS OH ARENACROSSING 1,445 N Front St,P3 - Monthly Parkers Only,Columbus,OH,43215,,888-758-4389,E,,Public,24 hours daily,,,,,,2,,,ChargePoint Network,https://www.chargepoint.com,GPS,39.971245,-83.005077,2026-08-19,173663,2026-08-19 01:20:14 UTC,,,,2021-01-27,,,,,J1772,US,,,,Public,,public,,,,,,,,,,,,,,,,,,,,false,,,,,,,,,false,
ELEC,LAZ COLUMBUS OH JMG 1,355 John H McConnell Blvd,,Columbus,OH,43215,,888-758-4389,E,,Public,24 hours daily,,,,,,2,,,ChargePoint Network,https://www.chargepoint.com,GPS,39.969087,-83.008128,2026-08-19,173664,2026-08-19 01:19:50 UTC,,,,2021-01-27,,,,,J1772,US,,,,Public,,public,,,,,,,,,,,,,,,,,,,,false,,,,,,,,,false,
ELEC,SIMON CINCINNATI 1,852 Premium Outlets Dr,Main Entrance North,Monroe,OH,45050,,888-758-4389,E,,Public,24 hours daily,,,,,,1,,,ChargePoint Network,https://www.chargepoint.com,GPS,39.436049,-84.33652,2026-08-19,173782,2026-08-19 01:21:20 UTC,,,,2021-01-27,,,,,J1772,US,,,,Public,,public,,,,,,,,,,,,,,,,,,,,false,,,,,,,,,false,
ELEC,HUNTINGTON CENT STATION 3,50 S Front St,2nd Floor of 43 W. Capital St. Garage,Columbus,OH,43215,,888-758-4389,E,,Public,24 hours daily,,,,,,2,,,ChargePoint Network,https://www.chargepoint.com,GPS,39.961311,-83.001731,2026-08-19,173789,2026-08-19 01:20:21 UTC,,,,2021-01-27,,,,,J1772,US,,,,Public,,public,,,,,,,,,,,,,,,,,,,,false,,,,,,,,,false,
ELEC,HUNTINGTON CENT STATION 2,50 S Front St,2nd Floor of W. Capital St. Parking Garage,Columbus,OH,43215,,888-758-4389,E,,Public,24 hours daily,,,,,,2,,,ChargePoint Network,https://www.chargepoint.com,GPS,39.96129,-83.001812,2026-08-19,173790,2026-08-19 01:20:21 UTC,,,,2021-01-27,,,,,J1772,US,,,,Public,,public,,,,,,,,,,,,,,,,,,,,false,,,,,,,,,false,
ELEC,BROADWAYSTATION BROADWAY 1,3443 Park St,Adjacent to Gazebo #1,Grove City,OH,43123,,888-758-4389,E,,Public,24 hours daily,,,,,,2,,,ChargePoint Network,https://www.chargepoint.com,GPS,39.882378,-83.095168,2026-08-19,173857,2026-08-19 01:21:46 UTC,,,,2021-01-27,,,,,J1772,US,,,,Public,,public,,,,,,,,,,,,,,,,,,,,false,,,,,,,,,false,
ELEC,DUBLIN FLEET GARAGE #3,74 North St,L2,Dublin,OH,43017,,888-758-4389,E,,Public,24 hours daily,,,,,,2,,,ChargePoint Network,https://www.chargepoint.com,GPS,40.101148,-83.115107,2026-08-19,173951,2026-08-19 01:22:36 UTC,,,,2021-01-27,,,,,J1772,US,,,,Public,,public,,,,,,,,,,,,,,,,,,,,false,,,,,,,,,false,
ELEC,DUBLIN FLEET GARAGE #2,74 North St,,Dublin,OH,43017,,888-758-4389,E,,Public,24 hours daily,,,,,,2,,,ChargePoint Network,https://www.chargepoint.com,GPS,40.101148,-83.115086,2026-08-19,173952,2026-08-19 01:22:20 UTC,,,,2021-01-27,,,,,J1772,US,,,,Public,,public,,,,,,,,,,,,,,,,,,,,false,,,,,,,,,false,
ELEC,FRONT OF POOL ATHENS POOL,601 E State St,,Athens,OH,45701,,888-758-4389,E,,Public,24 hours daily,,,,,,2,,,ChargePoint Network,https://www.chargepoint.com,GPS,39.337036,-82.076931,2026-08-19,173991,2026-08-19 01:22:46 UTC,,,,2021-01-27,,,,,J1772,US,,,,Public,,public,,,,,,,,,,,,,,,,,,,,false,,,,,,,,,false,
ELEC,LAKESHORE EV STATION 2,575 McCorkle Blvd,South entrance at the South edge of the lot.,Westerville,OH,43082,,888-758-4389,E,,Public,24 hours daily,,,,,,2,,,ChargePoint Network,https://www.chargepoint.com,GPS,40.140066,-82.921325,2026-08-19,174024,2026-08-19 01:23:04 UTC,,,,2021-01-27,,,,,J1772,US,,,,Public,,public,,,,,,,,,,,,,,,,,,,,false,,,,,,,,,false,
ELEC,EASTON CT4000 FENLON 2,4004 Fenlon St,,Columbus,OH,43219,,888-758-4389,E,,Public,24 hours daily,,,,,,2,,,ChargePoint Network,https://www.chargepoint.com,GPS,40.051903,-82.913914,2026-08-19,174049,2026-08-19 01:23:10 UTC,,,,2021-01-27,,,,,J1772,US,,,,Public,,public,,,,,,,,,,,,,,,,,,,,false,,,,,,,,,false,
ELEC,EASTON CPE250 FENLON 1,4004 Fenlon St,,Columbus,OH,43219,,888-758-4389,E,,Public,24 hours daily,,,,,,,1,,ChargePoint Network,https://www.chargepoint.com,GPS,40.051873,-82.913971,2026-08-19,174050,2026-08-19 01:23:10 UTC,,,,2021-01-27,,,,,CHADEMO J1772COMBO,US,,,,Public,,public,,,,,,,,,,,,,,,,,,,,false,,,,,,,,,false,
ELEC,EASTON CPE250 FENLON 2,4004 Fenlon St,,Columbus,OH,43219,,888-758-4389,E,,Public,24 hours daily,,,,,,,1,,ChargePoint Network,https://www.chargepoint.com,GPS,40.051886,-82.913885,2026-08-19,174051,2026-08-19 01:23:07 UTC,,,,2021-01-27,,,,,CHADEMO J1772COMBO,US,,,,Public,,public,,,,,,,,,,,,,,,,,,,,false,,,,,,,,,false,
ELEC,EASTON CT4000 FENLON 1,4004 Fenlon St,,Columbus,OH,43219,,888-758-4389,E,,Public,24 hours daily,,,,,,2,,,ChargePoint Network,https://www.chargepoint.com,GPS,40.051897,-82.91398,2026-08-19,174052,2026-08-19 01:23:05 UTC,,,,2021-01-27,,,,,J1772,US,,,,Public,,public,,,,,,,,,,,,,,,,,,,,false,,,,,,,,,false,
ELEC,APOLLO CAREER APOLLO 1,Apollo Career Center 3325 Shawnee Rd,,Lima,OH,45804,,888-758-4389,E,,Public,24 hours daily,,,,,,2,,,ChargePoint Network,https://www.chargepoint.com,GPS,40.692711,-84.150365,2026-08-19,174108,2026-08-19 01:23:17 UTC,,,,2021-01-27,,,,,J1772,US,,,,Public,,public,,,,,,,,,,,,,,,,,,,,false,,,,,,,,,false,
ELEC,GMC RICH GARAGE 2,387 E Rich St,2nd floor of garage,Columbus,OH,43215,,888-758-4389,E,,Public,24 hours daily,,,,,,2,,,ChargePoint Network,https://www.chargepoint.com,GPS,39.958308,-82.98934,2026-08-19,174139,2026-08-19 01:20:54 UTC,,,,2021-01-27,,,,,J1772,US,,,,Public,,public,,,,,,,,,,,,,,,,,,,,false,,,,,,,,,false,
ELEC,GMC RICH GARAGE 1,387 E Rich St,2nd floor of garage,Columbus,OH,43215,,888-758-4389,E,,Public,24 hours daily,,,,,,1,,,ChargePoint Network,https://www.chargepoint.com,GPS,39.958292,-82.989343,2026-08-19,174140,2026-08-19 01:20:28 UTC,,,,2021-01-27,,,,,J1772,US,,,,Public,,public,,,,,,,,,,,,,,,,,,,,false,,,,,,,,,false,
ELEC,TOLLES TOLLES WEST,7877 US-42,,Plain City,OH,43064,,888-758-4389,E,,Public,24 hours daily,,,,,,2,,,ChargePoint Network,https://www.chargepoint.com,GPS,40.054325,-83.292755,2026-08-19,174266,2026-08-19 01:24:26 UTC,,,,2021-01-27,,,,,J1772,US,,,,Public,,public,,,,,,,,,,,,,,,,,,,,false,,,,,,,,,false,
ELEC,RMH RED BING 2,500 Thomas Ln,BING GARAGE BASEMENT,Columbus,OH,43214,,888-758-4389,E,,Public,24 hours daily,,,,,,2,,,ChargePoint Network,https://www.chargepoint.com,GPS,40.033236,-83.032361,2026-08-19,174354,2026-08-19 01:25:34 UTC,,,,2021-01-27,,,,,J1772,US,,,,Public,,public,,,,,,,,,,,,,,,,,,,,false,,,,,,,,,false,
ELEC,LAZ COLUMBUS OH GVY NORTH 01,975 Rail St,G8 level P2 - Monthly Parkers Only,Grandview Heights,OH,43212,,888-758-4389,E,,Public,24 hours daily,,,,,,2,,,ChargePoint Network,https://www.chargepoint.com,GPS,39.982689,-83.026403,2026-08-19,174558,2026-08-19 01:20:14 UTC,,,,2021-01-27,,,,,J1772,US,,,,Public,,public,,,,,,,,,,,,,,,,,,,,false,,,,,,,,,false,
ELEC,OHIO STATE UNV MARION 1,1459 Mt Vernon Ave,"Effective March 2, 2026, the electric vehicle (EV) charging station usage rate will be $.50 kwh. Visit ttm.osu.edu - Other Transit and Services for more information.",Marion,OH,43302,,888-758-4389,E,,Public,24 hours daily,,,,,,2,,,ChargePoint Network,https://www.chargepoint.com,GPS,40.57668,-83.09099,2026-08-19,174610,2026-08-19 01:28:05 UTC,,,,2021-01-27,,,,,J1772,US,,,,Public,,public,,,,,,,,,,,,,,,,,,,,false,,,,,,,,,false,
ELEC,NATIONWIDECHILD NCH-W30 EV 3,237 1/2 E Livingston Ave,,Columbus,OH,43215,,888-758-4389,E,,Public,24 hours daily,,,,,,,1,,ChargePoint Network,https://www.chargepoint.com,GPS,39.952658,-82.992048,2026-08-19,174798,2026-08-19 01:28:06 UTC,,,,2021-01-27,,,,,CHADEMO J1772COMBO,US,,,,Public,,public,,,,,,,,,,,,,,,,,,,,false,,,,,,,,,false,
ELEC,EASTON WORTH GAR. #3,4077 Worth Ave,Ground level West of Ramp,Columbus,OH,43219,,888-758-4389,E,,Public,24 hours daily,,,,,,2,,,ChargePoint Network,https://www.chargepoint.com,GPS,40.053921,-82.913051,2026-08-19,174818,2026-08-19 01:29:25 UTC,,,,2021-01-27,,,,,J1772,US,,,,Public,,public,,,,,,,,,,,,,,,,,,,,false,,,,,,,,,false,
ELEC,EASTON WORTH GAR. #2,4077 Worth Ave,Ground level West side of Ramp,Columbus,OH,43219,,888-758-4389,E,,Public,24 hours daily,,,,,,2,,,ChargePoint Network,https://www.chargepoint.com,GPS,40.053989,-82.913029,2026-08-19,174819,2026-08-19 01:29:24 UTC,,,,2021-01-27,,,,,J1772,US,,,,Public,,public,,,,,,,,,,,,,,,,,,,,false,,,,,,,,,false,
ELEC,EASTON WORTH GAR. #4S,4077 Worth Ave,Ground level on West side of Ramp,Columbus,OH,43219,,888-758-4389,E,,Public,24 hours daily,,,,,,2,,,ChargePoint Network,https://www.chargepoint.com,GPS,40.054563,-82.913385,2026-08-19,174820,2026-08-19 01:29:24 UTC,,,,2021-01-27,,,,,J1772,US,,,,Public,,public,,,,,,,,,,,,,,,,,,,,false,,,,,,,,,false,
ELEC,DAVE GILL CHEVY DAVE GILL #1,4700 E Broad St Dave Gill Chevrolet,,Columbus,OH,43213,,888-758-4389,E,,Public,24 hours daily,,,,,,2,,,ChargePoint Network,https://www.chargepoint.com,GPS,39.976682,-82.874903,2026-08-19,174883,2026-08-19 01:29:51 UTC,,,,2021-01-27,,,,,J1772,US,,,,Public,,public,,,,,,,,,,,,,,,,,,,,false,,,,,,,,,false,
ELEC,DAVE GILL CHEVY DAVE GILL #2,4700 E Broad St Dave Gill Chevrolet,Middle charging station,Columbus,OH,43213,,888-758-4389,E,,Public,24 hours daily,,,,,,2,,,ChargePoint Network,https://www.chargepoint.com,GPS,39.97663,-82.874906,2026-08-19,174884,2026-08-19 01:29:50 UTC,,,,2021-01-27,,,,,J1772,US,,,,Public,,public,,,,,,,,,,,,,,,,,,,,false,,,,,,,,,false,
ELEC,ADENA STATION 2,272 Hospital rd,Near main entrance,Chillicothe,OH,45601,,888-758-4389,E,,Public,24 hours daily,,,,,,2,,,ChargePoint Network,https://www.chargepoint.com,GPS,39.39659,-82.970665,2026-08-19,174885,2026-08-19 01:26:34 UTC,,,,2021-01-27,,,,,J1772,US,,,,Public,,public,,,,,,,,,,,,,,,,,,,,false,,,,,,,,,false,
ELEC,LC - GAHANNA E,3891 Preserve Crossing Blvd,Along Street,Columbus,OH,43230,,888-758-4389,E,,Public,24 hours daily,,,,,,2,,,ChargePoint Network,https://www.chargepoint.com,GPS,40.059728,-82.848738,2026-08-19,174900,2026-08-19 01:28:27 UTC,,,,2021-01-27,,,,,J1772,US,,,,Public,,public,,,,,,,,,,,,,,,,,,,,false,,,,,,,,,false,
ELEC,LMH STATION 1,1320 W Main St,,Newark,OH,43055,,888-758-4389,E,,Public,24 hours daily,,,,,,2,,,ChargePoint Network,https://www.chargepoint.com,GPS,40.047485,-82.45157,2026-08-19,174937,2026-08-19 01:30:25 UTC,,,,2021-01-27,,,,,J1772,US,,,,Public,,public,,,,,,,,,,,,,,,,,,,,false,,,,,,,,,false,
ELEC,MORPC MORPC 2,111 Liberty St,Located south to southwest side of building,Columbus,OH,43215,,888-758-4389,E,,Public,24 hours daily,,,,,,2,,,ChargePoint Network,https://www.chargepoint.com,GPS,39.950677,-83.002017,2026-08-19,174952,2026-08-19 01:30:47 UTC,,,,2021-01-27,,,,,J1772,US,,,,Public,,public,,,,,,,,,,,,,,,,,,,,false,,,,,,,,,false,
ELEC,MORPC MORPC 1,111 Liberty St,-Located on the south to southwest side of building,Columbus,OH,43215,,888-758-4389,E,,Public,24 hours daily,,,,,,2,,,ChargePoint Network,https://www.chargepoint.com,GPS,39.95069,-83.00195,2026-08-19,174953,2026-08-19 01:30:43 UTC,,,,2021-01-27,,,,,J1772,US,,,,Public,,public,,,,,,,,,,,,,,,,,,,,false,,,,,,,,,false,
ELEC,JAP GURU SOUTH STATION,3045 Olentangy River Rd,Parking lot (outdoor),Columbus,OH,43202,,888-758-4389,E,,Public,24 hours daily,,,,,,2,,,ChargePoint Network,https://www.chargepoint.com,GPS,40.023432,-83.026682,2026-08-19,175040,2026-08-19 01:27:42 UTC,,,,2021-01-27,,,,,J1772,US,,,,Public,,public,,,,,,,,,,,,,,,,,,,,false,,,,,,,,,false,
ELEC,MARBLE CLIFF MC NORTH,1600 Fernwood Ave,,Columbus,OH,43212,,888-758-4389,E,,Public,24 hours daily,,,,,,,1,,ChargePoint Network,https://www.chargepoint.com,GPS,39.98878,-83.05917,2026-08-19,175087,2026-08-19 01:31:33 UTC,,,,2021-01-27,,,,,CHADEMO J1772COMBO,US,,,,Public,,public,,,,,,,,,,,,,,,,,,,,false,,,,,,,,,false,
ELEC,MEGA LOT STARK STATE 2,6451 Frank Ave NW,North corner of Stark State student lot 211,North Canton,OH,44720,,888-758-4389,E,,Public,24 hours daily,,,,,,,1,,ChargePoint Network,https://www.chargepoint.com,GPS,40.874223,-81.441276,2026-08-19,175144,2026-08-19 01:31:47 UTC,,,,2021-01-27,,,,,CHADEMO J1772COMBO,US,,,,Public,,public,,,,,,,,,,,,,,,,,,,,false,,,,,,,,,false,
ELEC,NAI HIFFMAN NAI HIFFMAN,4725 Lakehurst Ct,,Dublin,OH,43016,,888-758-4389,E,,Public,24 hours daily,,,,,,2,,,ChargePoint Network,https://www.chargepoint.com,GPS,40.076927,-83.140015,2026-08-19,175244,2026-08-19 01:32:23 UTC,,,,2021-01-27,,,,,J1772,US,,,,Public,,public,,,,,,,,,,,,,,,,,,,,false,,,,,,,,,false,
ELEC,NEWARK OHIO STATION 1,51 E Church St,,Newark,OH,43055,,888-758-4389,E,,Public,24 hours daily,,,,,,,1,,ChargePoint Network,https://www.chargepoint.com,GPS,40.059761,-82.401055,2026-08-19,175284,2026-08-19 01:32:30 UTC,,,,2021-01-27,,,,,CHADEMO J1772COMBO,US,,,,Public,,public,,,,,,,,,,,,,,,,,,,,false,,,,,,,,,false,
ELEC,MICKEY MART #21 LEFT CHARGER,750 State Route 97 W,,Bellville,OH,44813,,888-758-4389,E,,Public,24 hours daily,,,,,,,1,,ChargePoint Network,https://www.chargepoint.com,GPS,40.646145,-82.542915,2026-08-19,175285,2026-08-19 01:32:30 UTC,,,,2021-01-27,,,,,J1772COMBO,US,,,,Public,,public,,,,,,,,,,,,,,,,,,,,false,,,,,,,,,false,
ELEC,INDUS HOTEL ALOFT 1,1295 Olentangy River Rd,,Columbus,OH,43212,,888-758-4389,E,,Public,24 hours daily,,,,,,1,,,ChargePoint Network,https://www.chargepoint.com,GPS,39.985966,-83.0258,2026-08-19,175422,2026-08-19 01:32:12 UTC,,,,2021-01-27,,,,,J1772,US,,,,Public,,public,,,,,,,,,,,,,,,,,,,,false,,,,,,,,,false,
ELEC,CITY OF UA PCS-ROBERTS RD2,4100 Roberts Rd,,Columbus,OH,43228,,888-758-4389,E,,Public,24 hours daily,,,,,,,1,,ChargePoint Network,https://www.chargepoint.com,GPS,40.005882,-83.104789,2026-08-19,175520,2026-08-19 01:33:36 UTC,,,,2021-01-27,,,,,CHADEMO J1772COMBO,US,,,,Public,,public,,,,,,,,,,,,,,,,,,,,false,,,,,,,,,false,
ELEC,3CDC 3CDC ZIEGLER 2,1322 Sycamore St,Upper Level,Cincinnati,OH,45202,,888-758-4389,E,,Public,24 hours daily,,,,,,2,,,ChargePoint Network,https://www.chargepoint.com,GPS,39.110988,-84.509714,2026-08-19,175587,2026-08-19 01:09:20 UTC,,,,2021-01-27,,,,,J1772,US,,,,Public,,public,,,,,,,,,,,,,,,,,,,,false,,,,,,,,,false,
ELEC,3CDC 3CDC ZIEGLER 1,1322 Sycamore St,Upper Level,Cincinnati,OH,45202,,888-758-4389,E,,Public,24 hours daily,,,,,,2,,,ChargePoint Network,https://www.chargepoint.com,GPS,39.110988,-84.509768,2026-08-19,175588,2026-08-19 01:09:20 UTC,,,,2021-01-27,,,,,J1772,US,,,,Public,,public,,,,,,,,,,,,,,,,,,,,false,,,,,,,,,false,
ELEC,3CDC 3CDC ZIEGLER 3,1322 Sycamore St,Upper Level,Cincinnati,OH,45202,,888-758-4389,E,,Public,24 hours daily,,,,,,2,,,ChargePoint Network,https://www.chargepoint.com,GPS,39.110938,-84.509693,2026-08-19,175589,2026-08-19 01:09:22 UTC,,,,2021-01-27,,,,,J1772,US,,,,Public,,public,,,,,,,,,,,,,,,,,,,,false,,,,,,,,,false,
ELEC,CH GARAGE STADIUM ONE,220 N Patterson Blvd,West end of Stadium,Dayton,OH,45402,,888-758-4389,E,,Public,24 hours daily,,,,,,2,,,ChargePoint Network,https://www.chargepoint.com,GPS,39.76424,-84.18776,2026-08-19,175648,2026-08-19 01:34:28 UTC,,,,2021-01-27,,,,,J1772,US,,,,Public,,public,,,,,,,,,,,,,,,,,,,,false,,,,,,,,,false,
ELEC,3CDC 3CDC1,309 E 8th St,Lower Level,Cincinnati,OH,45202,,888-758-4389,E,,Public,24 hours daily,,,,,,2,,,ChargePoint Network,https://www.chargepoint.com,GPS,39.105122,-84.508421,2026-08-19,175649,2026-08-19 01:06:36 UTC,,,,2021-01-27,,,,,J1772,US,,,,Public,,public,,,,,,,,,,,,,,,,,,,,false,,,,,,,,,false,
ELEC,3CDC 3CDC2,309 E 8th St,Lower Level,Cincinnati,OH,45202,,888-758-4389,E,,Public,24 hours daily,,,,,,2,,,ChargePoint Network,https://www.chargepoint.com,GPS,39.105131,-84.508421,2026-08-19,175650,2026-08-19 01:06:34 UTC,,,,2021-01-27,,,,,J1772,US,,,,Public,,public,,,,,,,,,,,,,,,,,,,,false,,,,,,,,,false,
ELEC,3CDC 3CDC4,309 E 8th St,Lower Level,Cincinnati,OH,45202,,888-758-4389,E,,Public,24 hours daily,,,,,,2,,,ChargePoint Network,https://www.chargepoint.com,GPS,39.105122,-84.508432,2026-08-19,175651,2026-08-19 01:06:33 UTC,,,,2021-01-27,,,,,J1772,US,,,,Public,,public,,,,,,,,,,,,,,,,,,,,false,,,,,,,,,false,
ELEC,COTA N.L. P&R UNIT 2,3575 Cleveland Ave,,Columbus,OH,43224,,888-758-4389,E,,Public,24 hours daily,,,,,,2,,,ChargePoint Network,https://www.chargepoint.com,GPS,40.04114,-82.961365,2026-08-19,175670,2026-08-19 01:34:11 UTC,,,,2021-01-27,,,,,J1772,US,,,,Public,,public,,,,,,,,,,,,,,,,,,,,false,,,,,,,,,false,
ELEC,COTA N.T.C. UNIT 1,Northland Transit Center Bay 1,,Columbus,OH,43229,,888-758-4389,E,,Public,24 hours daily,,,,,,2,,,ChargePoint Network,https://www.chargepoint.com,GPS,40.082244,-82.951872,2026-08-19,175671,2026-08-19 01:34:11 UTC,,,,2021-01-27,,,,,J1772,US,,,,Public,,public,,,,,,,,,,,,,,,,,,,,false,,,,,,,,,false,
ELEC,COTA N.T.C. UNIT 2,Northland Transit Center Bay 1,,Columbus,OH,43229,,888-758-4389,E,,Public,24 hours daily,,,,,,2,,,ChargePoint Network,https://www.chargepoint.com,GPS,40.082232,-82.951946,2026-08-19,175672,2026-08-19 01:34:11 UTC,,,,2021-01-27,,,,,J1772,US,,,,Public,,public,,,,,,,,,,,,,,,,,,,,false,,,,,,,,,false,
ELEC,O'BLENESS OBH STATION 2,75 Hospital Dr,Behind Hospital,Athens,OH,45701,,888-758-4389,E,,Public,24 hours daily,,,,,,2,,,ChargePoint Network,https://www.chargepoint.com,GPS,39.327901,-82.115509,2026-08-19,175706,2026-08-19 01:21:53 UTC,,,,2021-01-27,,,,,J1772,US,,,,Public,,public,,,,,,,,,,,,,,,,,,,,false,,,,,,,,,false,
ELEC,O'BLENESS OBH STATION 1,75 Hospital Dr,Behind Hospital,Athens,OH,45701,,888-758-4389,E,,Public,24 hours daily,,,,,,2,,,ChargePoint Network,https://www.chargepoint.com,GPS,39.327901,-82.115509,2026-08-19,175707,2026-08-19 01:21:50 UTC,,,,2021-01-27,,,,,J1772,US,,,,Public,,public,,,,,,,,,,,,,,,,,,,,false,,,,,,,,,false,
ELEC,CITY OF UA MSC TREMONT RD1,3600 Tremont Road,,Upper Arlington,OH,43221,,888-758-4389,E,,Public,24 hours daily,,,,,,,1,,ChargePoint Network,https://www.chargepoint.com,GPS,40.030911,-83.05181,2026-08-19,175816,2026-08-19 01:35:22 UTC,,,,2021-01-27,,,,,CHADEMO J1772COMBO,US,,,,Public,,public,,,,,,,,,,,,,,,,,,,,false,,,,,,,,,false,
ELEC,MCE N GARAGE -2 MCE 1,6005 E Broad St,Second floor of parking garage,Columbus,OH,43213,,888-758-4389,E,,Public,24 hours daily,,,,,,2,,,ChargePoint Network,https://www.chargepoint.com,GPS,39.978303,-82.842177,2026-08-19,180658,2026-08-19 01:34:27 UTC,,,,2021-01-27,,,,,J1772,US,,,,Public,,public,,,,,,,,,,,,,,,,,,,,false,,,,,,,,,false,
ELEC,BLISS GARAGE BLISS DECK 1,238 Cleveland Ave NW,Level 1,Canton,OH,44702,,888-758-4389,E,,Public,24 hours daily,,,,,,2,,,ChargePoint Network,https://www.chargepoint.com,GPS,40.799969,-81.375722,2026-08-19,181007,2026-08-19 01:34:42 UTC,,,,2021-01-27,,,,,J1772,US,,,,Public,,public,,,,,,,,,,,,,,,,,,,,false,,,,,,,,,false,
ELEC,EDISON BREWING FP #2,785 Science Blvd,In Front of Brick Building,Gahanna,OH,43230,,888-758-4389,E,,Public,24 hours daily,,,,,,2,,,ChargePoint Network,https://www.chargepoint.com,GPS,39.9974,-82.84411,2026-08-19,181439,2026-08-19 01:36:22 UTC,,,,2021-01-27,,,,,J1772,US,,,,Public,,public,,,,,,,,,,,,,,,,,,,,false,,,,,,,,,false,
ELEC,EDISON BREWING FP #3,785 Science Blvd,In Front of Brick Building,Gahanna,OH,43230,,888-758-4389,E,,Public,24 hours daily,,,,,,2,,,ChargePoint Network,https://www.chargepoint.com,GPS,39.997387,-82.84416,2026-08-19,181440,2026-08-19 01:36:22 UTC,,,,2021-01-27,,,,,J1772,US,,,,Public,,public,,,,,,,,,,,,,,,,,,,,false,,,,,,,,,false,
ELEC,OHIO STATE UNV LIMA1,4240 Campus Drive,"Effective March 2, 2026, the electric vehicle (EV) charging station usage rate will be $.50 kwh. Visit ttm.osu.edu - Other Transit and Services for more information.",Lima,OH,45804,,888-758-4389,E,,Public,24 hours daily,,,,,,2,,,ChargePoint Network,https://www.chargepoint.com,GPS,40.737595,-84.02547,2026-08-19,181526,2026-08-19 01:33:39 UTC,,,,2021-01-27,,,,,J1772,US,,,,Public,,public,,,,,,,,,,,,,,,,,,,,false,,,,,,,,,false,
ELEC,GALLIPOLIS COG S1,333 3rd Ave,Station located in front of the City Building,Gallipolis,OH,45631,,888-758-4389,E,,Public,24 hours daily,,,,,,,1,,ChargePoint Network,https://www.chargepoint.com,GPS,38.807673,-82.207329,2026-08-19,181671,2026-08-19 01:36:06 UTC,,,,2021-01-27,,,,,CHADEMO J1772COMBO,US,,,,Public,,public,,,,,,,,,,,,,,,,,,,,false,,,,,,,,,false,
ELEC,COTA C.W. P&R UNIT1,Canal Winchester Park & Ride,Cota parking lot,Canal Winchester,OH,43110,,888-758-4389,T,2026-08-10,TEMPORARILY UNAVAILABLE (Public),24 hours daily,,,,,,2,,,ChargePoint Network,https://www.chargepoint.com,GPS,39.860269,-82.82661,2026-08-19,181701,2026-08-19 01:40:05 UTC,,,,2021-01-27,,,,,J1772,US,,,,TEMPORAIREMENT SUSPENDU (Public),,public,,,,,,,,,,,,,,,,,,,,false,,,,,,,,,false,
ELEC,COTA C.W. P&R UNIT3,Canal Winchester Park & Ride,Cota parking lot,Canal Winchester,OH,43110,,888-758-4389,E,,Public,24 hours daily,,,,,,2,,,ChargePoint Network,https://www.chargepoint.com,GPS,39.860329,-82.826599,2026-08-19,181702,2026-08-19 01:40:05 UTC,,,,2021-01-27,,,,,J1772,US,,,,Public,,public,,,,,,,,,,,,,,,,,,,,false,,,,,,,,,false,
ELEC,NEW BOSTON 4504 STATION 2,4504 Gallia St,,New Boston,OH,45662,,888-758-4389,E,,Public,24 hours daily,,,,,,2,,,ChargePoint Network,https://www.chargepoint.com,GPS,38.75408,-82.923675,2026-08-19,181703,2026-08-19 01:39:15 UTC,,,,2021-01-27,,,,,J1772,US,,,,Public,,public,,,,,,,,,,,,,,,,,,,,false,,,,,,,,,false,
ELEC,NEW ALBANY PUBLIC PARKING2,150 W Main St,,New Albany,OH,43054,,888-758-4389,T,2026-08-08,TEMPORARILY UNAVAILABLE (Public),24 hours daily,,,,,,,1,,ChargePoint Network,https://www.chargepoint.com,GPS,40.081967,-82.813015,2026-08-19,181745,2026-08-19 01:36:24 UTC,,,,2021-01-27,,,,,CHADEMO TESLA,US,,,,TEMPORAIREMENT SUSPENDU (Public),,public,,,,,,,,,,,,,,,,,,,,false,,,,,,,,,false,
ELEC,REYNOLDSBURG LEVEL 2 STATION,7312 E Main St,Located in the parking lot of the new park,Reynoldsburg,OH,43068,,888-758-4389,E,,Public,24 hours daily,,,,,,2,,,ChargePoint Network,https://www.chargepoint.com,GPS,39.955447,-82.803619,2026-08-19,182003,2026-08-19 01:35:05 UTC,,,,2021-01-27,,,,,J1772,US,,,,Public,,public,,,,,,,,,,,,,,,,,,,,false,,,,,,,,,false,
ELEC,MGH MGH - 2,1000 McKinley Park Dr,LEFT FRONT OF HOSPITAL,Marion,OH,43302,,888-758-4389,E,,Public,24 hours daily,,,,,,2,,,ChargePoint Network,https://www.chargepoint.com,GPS,40.571332,-83.129049,2026-08-19,182062,2026-08-19 01:41:34 UTC,,,,2021-01-27,,,,,J1772,US,,,,Public,,public,,,,,,,,,,,,,,,,,,,,false,,,,,,,,,false,
ELEC,CITYOFCANTON E TUSCARAWAS 2,420 2nd St NW,,Canton,OH,44702,,888-758-4389,E,,Public,24 hours daily,,,,,,,1,,ChargePoint Network,https://www.chargepoint.com,GPS,40.798487,-81.371838,2026-08-19,182138,2026-08-19 01:33:49 UTC,,,,2021-01-27,,,,,CHADEMO J1772COMBO,US,,,,Public,,public,,,,,,,,,,,,,,,,,,,,false,,,,,,,,,false,
ELEC,OHIO STATE UNV WMCGARAGE3,527 W 10th Ave,"Effective March 2, 2026, the electric vehicle (EV) charging station usage rate will be $.50 kwh. Visit ttm.osu.edu - Other Transit and Services for more information.",Columbus,OH,43210,,888-758-4389,E,,Public,24 hours daily,,,,,,2,,,ChargePoint Network,https://www.chargepoint.com,GPS,39.993931,-83.021572,2026-08-19,182204,2026-08-19 01:41:24 UTC,,,,2021-01-27,,,,,J1772,US,,,,Public,,public,,,,,,,,,,,,,,,,,,,,false,,,,,,,,,false,
ELEC,OHIO STATE UNV WMCGARAGE4,527 W 10th Ave,"Effective March 2, 2026, the electric vehicle (EV) charging station usage rate will be $.50 kwh. Visit ttm.osu.edu - Other Transit and Services for more information.",Columbus,OH,43210,,888-758-4389,E,,Public,24 hours daily,,,,,,2,,,ChargePoint Network,https://www.chargepoint.com,GPS,39.99389,-83.021547,2026-08-19,182205,2026-08-19 01:41:23 UTC,,,,2021-01-27,,,,,J1772,US,,,,Public,,public,,,,,,,,,,,,,,,,,,,,false,,,,,,,,,false,
ELEC,OHIO STATE UNV WMCGARAGE2,527 W 10th Ave,"Effective March 2, 2026, the electric vehicle (EV) charging station usage rate will be $.50 kwh. Visit ttm.osu.edu - Other Transit and Services for more information.",Columbus,OH,43210,,888-758-4389,E,,Public,24 hours daily,,,,,,2,,,ChargePoint Network,https://www.chargepoint.com,GPS,39.993867,-83.021591,2026-08-19,182206,2026-08-19 01:41:23 UTC,,,,2021-01-27,,,,,J1772,US,,,,Public,,public,,,,,,,,,,,,,,,,,,,,false,,,,,,,,,false,
ELEC,OHIO STATE UNV WMCGARAGE5,527 W 10th Ave,"Effective March 2, 2026, the electric vehicle (EV) charging station usage rate will be $.50 kwh. Visit ttm.osu.edu - Other Transit and Services for more information.",Columbus,OH,43210,,888-758-4389,E,,Public,24 hours daily,,,,,,2,,,ChargePoint Network,https://www.chargepoint.com,GPS,39.993857,-83.021543,2026-08-19,182207,2026-08-19 01:41:23 UTC,,,,2021-01-27,,,,,J1772,US,,,,Public,,public,,,,,,,,,,,,,,,,,,,,false,,,,,,,,,false,
ELEC,COUGHLIN NISSAN EXTERIOR SOUTH,1459 Hebron Rd,,Heath,OH,43056,,888-758-4389,E,,Public,Mon: 8:00am-7:30pm; Tue: 8:00am-7:30pm; Wed: 8:00am-7:30pm; Thu: 8:00am-7:30pm; Fri: 8:00am-7:30pm; Sat: 9:00am-5:00pm; Sun: 9:00am-5:00pm,,,,,,2,,,ChargePoint Network,https://www.chargepoint.com,GPS,40.012434,-82.458112,2026-08-19,182446,2026-08-19 01:04:56 UTC,,,,2021-01-27,,,,,J1772,US,,,,Public,,public,,,,,,,,,,,,,,,,,,,,false,,,,,,,,,false,EVC-RAA
ELEC,COUGHLIN NISSAN EXTERIOR FRONT,1459 Hebron Rd,,Heath,OH,43056,,888-758-4389,E,,Public,Mon: 8:00am-7:30pm; Tue: 8:00am-7:30pm; Wed: 8:00am-7:30pm; Thu: 8:00am-7:30pm; Fri: 8:00am-7:30pm; Sat: 9:00am-5:00pm; Sun: 9:00am-5:00pm,,,,,,2,,,ChargePoint Network,https://www.chargepoint.com,GPS,40.012351,-82.458155,2026-08-19,182447,2026-08-19 01:05:18 UTC,,,,2021-01-27,,,,,J1772,US,,,,Public,,public,,,,,,,,,,,,,,,,,,,,false,,,,,,,,,false,EVC-RAA
ELEC,JPM CHASE STATION 2,1111 Polaris Parlway,Southeast corner of garage K,Columbus,OH,43240,,888-758-4389,E,,Public,Mon: 12:00am-11:59pm; Tue: 12:00am-11:59pm; Wed: 12:00am-11:59pm; Thu: 12:00am-11:59pm; Fri: 12:00am-11:59pm; Sat: 12:00am-11:59pm; Sun: 12:00am-11:59pm,,,,,,1,,,ChargePoint Network,https://www.chargepoint.com,GPS,40.140249,-82.998619,2026-08-19,182487,2026-08-19 01:08:33 UTC,,,,2021-01-27,,,,,J1772,US,,,,Public,,public,,,,,,,,,,,,,,,,,,,,false,,,,,,,,,false,
ELEC,JPM CHASE STATION 1,1111 Polaris Pkwy,,Columbus,OH,43240,,888-758-4389,E,,Public,Mon: 12:00am-11:59pm; Tue: 12:00am-11:59pm; Wed: 12:00am-11:59pm; Thu: 12:00am-11:59pm; Fri: 12:00am-11:59pm; Sat: 12:00am-11:59pm; Sun: 12:00am-11:59pm,,,,,,1,,,ChargePoint Network,https://www.chargepoint.com,GPS,40.141109,-82.998118,2026-08-19,182488,2026-08-19 01:08:48 UTC,,,,2021-01-27,,,,,J1772,US,,,,Public,,public,,,,,,,,,,,,,,,,,,,,false,,,,,,,,,false,
ELEC,JPM CHASE STATION 3,Unnamed Road,Southeast corner of garage K,Columbus,OH,43240,,888-758-4389,E,,Public,Mon: 12:00am-11:59pm; Tue: 12:00am-11:59pm; Wed: 12:00am-11:59pm; Thu: 12:00am-11:59pm; Fri: 12:00am-11:59pm; Sat: 12:00am-11:59pm; Sun: 12:00am-11:59pm,,,,,,2,,,ChargePoint Network,https://www.chargepoint.com,GPS,40.140471,-82.998335,2026-08-19,182987,2026-08-19 01:21:42 UTC,,,,2021-01-27,,,,,J1772,US,,,,Public,,public,,,,,,,,,,,,,,,,,,,,false,,,,,,,,,false,
ELEC,JPM CHASE STATION 4,1111 Polaris Pkwy,Southeast corner of Garage L,Columbus,OH,43240,,888-758-4389,E,,Public,Mon: 12:00am-11:59pm; Tue: 12:00am-11:59pm; Wed: 12:00am-11:59pm; Thu: 12:00am-11:59pm; Fri: 12:00am-11:59pm; Sat: 12:00am-11:59pm; Sun: 12:00am-11:59pm,,,,,,2,,,ChargePoint Network,https://www.chargepoint.com,GPS,40.141162,-82.998176,2026-08-19,182988,2026-08-19 01:21:43 UTC,,,,2021-01-27,,,,,J1772,US,,,,Public,,public,,,,,,,,,,,,,,,,,,,,false,,,,,,,,,false,
ELEC,BRICKER&ECKLER EV STATION,100 S 3rd St,Rear of Building - North Client Parking Lot,Columbus,OH,43215,,888-758-4389,E,,Public,"Mon: 12:00am-8:00am, 5:00pm-11:59pm; Tue: 12:00am-8:00am, 5:00pm-11:59pm; Wed: 12:00am-8:00am, 5:00pm-11:59pm; Thu: 12:00am-8:00am, 5:00pm-11:59pm; Fri: 12:00am-8:00am, 5:00pm-11:59pm; Sat: 12:00am-8:00am, 5:00pm-11:59pm; Sun: 12:00am-8:00am, 5:00pm-11:59pm",,,,,,1,,,ChargePoint Network,https://www.chargepoint.com,GPS,39.960215,-82.996722,2026-08-19,183175,2026-08-19 01:27:25 UTC,,,,2021-01-27,,,,,J1772,US,,,,Public,,public,,,,,,,,,,,,,,,,,,,,false,,,,,,,,,false,
ELEC,Fountain Square South Garage,416 Vine Street,,Cincinnati,OH,45202,,888-356-8911,E,,Public,24 hours daily,,,,,,5,,,FLO,https://www.flo.com,GPS,39.1004932,-84.5124527,2026-08-19,183558,2026-08-19 04:03:17 UTC,,,,2021-01-29,,,,,J1772,US,,,,Public,,public,,,,,,,,,,,,,,,,,,,,false,,,,,,,,,false,
ELEC,CHAMPION POWELL CROSSING,16 Crossing Street,,Powell,OH,43065,,888-758-4389,E,,Public,Mon: 8:00am-5:00pm; Tue: 8:00am-5:00pm; Wed: 8:00am-5:00pm; Thu: 8:00am-5:00pm; Fri: 8:00am-5:00pm; Sat: 8:00am-5:00pm; Sun: 8:00am-5:00pm,,,,,,2,,,ChargePoint Network,https://www.chargepoint.com,GPS,40.15795,-83.07893,2026-08-19,183757,2026-08-19 01:40:32 UTC,,,,2021-02-04,,,,,J1772,US,,,,Public,,public,,,,,,,,,,,,,,,,,,,,false,,,,,,,,,false,
ELEC,VISN10/Cincinnati VAMC,3200 Vine St,,Cincinnati,OH,45220,,,E,,Private - Government only,Accepts fleet card,,,,,,1,,,Non-Networked,,GPS,39.139524,-84.508209,2025-12-12,184238,2026-02-02 23:16:24 UTC,FG,19,Department of Veterans Affairs,2021-01-15,,,,,J1772,US,,,,Privé - Réservé au gouvernement,,private,GOVERNMENT,VA,FED_GOV,,,,,,,$0.13 per kWh,,,,,,,,,,,,,,,,,,LD,true,
ELEC,INL - Building 308 - TDY parking lot - Columbus OH,3939 E 5th Ave,,Columbus,OH,43219,,,E,,Private - Government only,,Proprietor,,,,,2,,,Non-Networked,,GPS,39.983667,-82.89916,2025-12-12,184442,2026-02-02 23:16:24 UTC,FG,3,Defense Agencies,2021-01-15,,,,,J1772,US,,,,Privé - Réservé au gouvernement,,private,GOVERNMENT,DEF,FED_GOV,,,,,,,,,,,,,,,,NONE,,,,,,,,,LD,true,
ELEC,EAST LIBERTY,3236 S Main St,,East Liberty,OH,43319,,,E,,Private - Government only,,,,,,,7,,,Non-Networked,,GPS,40.330754,-83.581917,2025-12-12,184535,2026-02-02 23:16:24 UTC,FG,25,U.S. Postal Service,2021-01-15,,,,,J1772,US,,,,Privé - Réservé au gouvernement,,private,GOVERNMENT,USPS,FED_GOV,,,,,,,,,,,,,,,,,,,,,,,,,LD,true,
ELEC,FCI Elkton,8730 Scroggs Rd,,Lisbon,OH,44432,,,E,,Private - Government only,Fueling equipment located in a secure area with no public access,,,,,2,,,,Non-Networked,,GPS,40.773999,-80.708345,2025-12-12,184726,2026-02-02 23:16:24 UTC,FG,12,Department of Justice,2021-01-15,,,,,NEMA515,US,,,,Privé - Réservé au gouvernement,,private,GOVERNMENT,DOJ,FED_GOV,,,,,,,,,,,,,,,,,,,,,,,,,LD,true,
ELEC,Glenn Research Center (Plumbrook),S Magazine Rd,,Sandusky,OH,44870,,,E,,Private - Government only,Drivers must bring their own J1772 cordset for Level 1 charging,,,,,2,,,,Non-Networked,,GPS,41.349858,-82.652632,2025-12-12,184727,2026-02-02 23:16:24 UTC,FG,22,National Aeronautics and Space Administration,2021-01-15,,,,,NEMA515,US,,,,Privé - Réservé au gouvernement,,private,GOVERNMENT,NASA,FED_GOV,,,,,,,,,,,,,,,,,,,,,,,,,LD,true,
ELEC,CARNEGIE INVEST CARNEGIE EV,30300 Chagrin Blvd,West side of parking lot near car ports,Pepper Pike,OH,44124,,888-758-4389,E,,Public,24 hours daily,,,,,,2,,,ChargePoint Network,https://www.chargepoint.com,GPS,41.462044,-81.46432,2026-08-19,185437,2026-08-19 01:44:13 UTC,,,,2021-02-27,,,,,J1772,US,,,,Public,,public,,,,,,,,,,,,,,,,,,,,false,,,,,,,,,false,
ELEC,R1 BENZ STATION 1,28450 Lorain Rd,Near main front entrance,North Olmsted,OH,44070,,888-758-4389,E,,Public,24 hours daily,,,,,,2,,,ChargePoint Network,https://www.chargepoint.com,GPS,41.409916,-81.93724,2026-08-19,186117,2026-08-19 01:40:10 UTC,,,,2021-03-12,,,,,J1772,US,,,,Public,,public,,,,,,,,,,,,,,,,,,,,false,,,,,,,,,false,
ELEC,COATES CAR CARE COATES 1,1210 Niles Cortland Rd SE,Located between first two vacuum spots closest to the car wash,Warren,OH,44484,,888-758-4389,E,,Public,24 hours daily,,,,,,2,,,ChargePoint Network,https://www.chargepoint.com,GPS,41.224762,-80.740984,2026-08-19,186159,2026-08-19 01:44:42 UTC,,,,2021-03-13,,,,,J1772,US,,,,Public,,public,,,,,,,,,,,,,,,,,,,,false,,,,,,,,,false,
ELEC,MAIN LOT 1 STARK MAIN 1,817 Market Ave N,At north end of parking lot.,Canton,OH,44702,,888-758-4389,E,,Public,24 hours daily,,,,,,2,,,ChargePoint Network,https://www.chargepoint.com,GPS,40.80449,-81.373321,2026-08-19,186319,2026-08-19 01:44:28 UTC,,,,2021-03-18,,,,,J1772,US,,,,Public,,public,,,,,,,,,,,,,,,,,,,,false,,,,,,,,,false,
ELEC,GRAND RESORT STATION 2,9519 E Market St,Between main entrance and fitness,Warren,OH,44484,,888-758-4389,E,,Public,24 hours daily,,,,,,2,,,ChargePoint Network,https://www.chargepoint.com,GPS,41.236901,-80.716972,2026-08-19,186386,2026-08-19 01:44:45 UTC,,,,2021-03-19,,,,,J1772,US,,,,Public,,public,,,,,,,,,,,,,,,,,,,,false,,,,,,,,,false,
ELEC,GRAND RESORT STATION 1,9519 E Market St,,Warren,OH,44484,,888-758-4389,E,,Public,24 hours daily,,,,,,2,,,ChargePoint Network,https://www.chargepoint.com,GPS,41.236903,-80.716685,2026-08-19,186387,2026-08-19 01:44:45 UTC,,,,2021-03-19,,,,,J1772,US,,,,Public,,public,,,,,,,,,,,,,,,,,,,,false,,,,,,,,,false,
ELEC,City of Montgomery - Shelly Ln Public Parking Lot,9431 Shelly Lane,,Montgomery,OH,45242,,888-356-8911,E,,Public,24 hours daily,,,,,,2,,,FLO,https://www.flo.com,GPS,39.2276204,-84.3558711,2026-08-19,186551,2026-08-19 04:03:19 UTC,,,,2021-03-24,,,,,J1772,US,,,,Public,,public,,,,,,,,,,,,,,,,,,,,false,,,,,,,,,false,
ELEC,Shaker Heights City Hall,3380 Lee Rd,On north side of Annex Building,Shaker Heights,OH,44120,,216-491-1400,E,,Public,24 hours daily,A APPLE_PAY D M V,,,,,2,,,AMPUP,https://ampup.io,200-8,41.467773,-81.56523,2026-07-15,186767,2026-07-15 18:38:56 UTC,LG,,,2021-02-15,,,,,J1772,US,,,,Public,,public,,,MUNI_GOV,,,,,,,,,,,,,,,,,false,,,,,,,,LD,false,
ELEC,Oberlin City Hall,85 S Main St,At rear of lot behind Police dept.,Oberlin,OH,44074,,,E,,Public - Credit card at all times,24 hours daily,A APPLE_PAY D M V,,,,,1,,,AMPUP,https://ampup.io,200-9,41.289262,-82.217212,2025-07-03,186768,2026-08-05 18:21:35 UTC,LG,,,2021-02-22,,,,,J1772,US,,,,Public - Carte de crédit en tout temps,,public,CREDIT_CARD_ALWAYS,,MUNI_GOV,,,,,,,$0.18 per kWh,,,,,,,,,,false,,,,,,,,LD,false,
ELEC,Thornton Park,3301 Warrensville Center Rd,Near Ice Rink,Shaker Heights,OH,44122,,833-692-6787,E,,Public - Credit card at all times,24 hours daily,A APPLE_PAY D M V,,,,,2,,,AMPUP,https://ampup.io,200-9,41.470109,-81.533891,2024-12-10,186771,2026-08-05 18:21:35 UTC,LG,,,2022-09-29,,,,,J1772,US,,,,Public - Carte de crédit en tout temps,,public,CREDIT_CARD_ALWAYS,,REC_SPORTS_FACILITY,,,,,,,$0.20 per kWh; Minimum payment of $0.50,,,,,,,,,,false,,,,,,,,LD,false,
ELEC,BROADVIEW THE BROADVIEW2,1471 Ida Ave,"Station for tenants use only, not public",Columbus,OH,43212,,888-758-4389,E,,Public,24 hours daily,,,,,,2,,,ChargePoint Network,https://www.chargepoint.com,GPS,39.987586,-83.045501,2026-08-19,186839,2026-08-19 01:45:04 UTC,,,,2021-04-02,,,,,J1772,US,,,,Public,,public,,,,,,,,,,,,,,,,,,,,false,,,,,,,,,false,
ELEC,Element Oakwood,310 Old River Trail,,Dayton,OH,45409,,888-356-8911,E,,Public,24 hours daily,,,,,,4,,,FLO,https://www.flo.com,GPS,39.7320585,-84.1862106,2026-08-19,186861,2026-08-19 04:03:20 UTC,,,,2021-04-02,,,,,J1772,US,,,,Public,,public,,,,,,,,,,,,,,,,,,,,false,,,,,,,,,false,
ELEC,CITY OF TIFFIN STATION 2,90 S Washington St,,Tiffin,OH,44883,,888-758-4389,E,,Public,24 hours daily,,,,,,,1,,ChargePoint Network,https://www.chargepoint.com,GPS,41.11516,-83.177047,2026-08-19,187675,2026-08-19 01:44:19 UTC,,,,2021-04-16,,,,,CHADEMO J1772COMBO,US,,,,Public,,public,,,,,,,,,,,,,,,,,,,,false,,,,,,,,,false,
ELEC,CITY OF TIFFIN STATION 1,90 S Washington St,,Tiffin,OH,44883,,888-758-4389,E,,Public,24 hours daily,,,,,,,1,,ChargePoint Network,https://www.chargepoint.com,GPS,41.115167,-83.177009,2026-08-19,187676,2026-08-19 01:44:19 UTC,,,,2021-04-16,,,,,CHADEMO J1772COMBO,US,,,,Public,,public,,,,,,,,,,,,,,,,,,,,false,,,,,,,,,false,
ELEC,OHIO STATE UNV WOOSTER EVCS1,Gerlaugh Dr,"Effective March 2, 2026, the electric vehicle (EV) charging station usage rate will be $.50 kwh. Visit ttm.osu.edu - Other Transit and Services for more information.",Wooster,OH,44691,,888-758-4389,E,,Public,24 hours daily,,,,,,2,,,ChargePoint Network,https://www.chargepoint.com,GPS,40.780186,-81.92789,2026-08-19,187889,2026-08-19 01:41:34 UTC,,,,2021-04-23,,,,,J1772,US,,,,Public,,public,,,,,,,,,,,,,,,,,,,,false,,,,,,,,,false,
ELEC,HighGrain Brewing,6860 Plainfield Rd,,Cincinnati,OH,45236,,888-356-8911,E,,Public,24 hours daily,,,,,,4,,,FLO,https://www.flo.com,GPS,39.1929633,-84.4001769,2026-08-19,187914,2026-08-19 04:04:03 UTC,,,,2021-04-23,,,,,J1772,US,,,,Public,,public,,,,,,,,,,,,,,,,,,,,false,,,,,,,,,false,
ELEC,Case Western Reserve University - Veale Parking Garage,2158 Adelbert Rd,Lot 53,Cleveland,OH,44106,,,E,,Public,Permit holders only,,,,,,3,,,Non-Networked,,200-9,41.502236,-81.604897,2022-06-14,189772,2026-07-08 18:05:32 UTC,P,,,2016-08-01,,,,,J1772,US,,,,Public,,public,,,COLLEGE_CAMPUS,,,,,,,,,,,,,,,,,true,,,,,,,,LD,true,
ELEC,Case Western Reserve University - Lot 46,1630 E 118th St,,Cleveland,OH,44106,,,E,,Private,Permit holders only,,,,,,2,,,Non-Networked,,200-8,41.513607,-81.602403,2022-06-14,189773,2026-07-08 18:04:53 UTC,P,,,2016-08-01,,,,,J1772,US,,,,Privé,,private,,,COLLEGE_CAMPUS,,,,,,,,,,,,,,,,,,,,,,,,,LD,true,
ELEC,Case Western Reserve University - Lot 29,11172 East Blvd,,Cleveland,OH,44106,,,E,,Private,Permit holders only,,,,,,2,,,Non-Networked,,200-8,41.505963,-81.610257,2022-06-14,189774,2026-07-08 18:04:06 UTC,P,,,2016-08-01,,,,,J1772,US,,,,Privé,,private,,,COLLEGE_CAMPUS,,,,,,,,,,,,,,,,,,,,,,,,,LD,true,
ELEC,M-B HUDSON MBWC GUEST CHG,5897 Muhlhauser Rd,Next to rear door to sales department,West Chester Township,OH,45069,,888-758-4389,E,,Public,Mon: 7:30am-8:00pm; Tue: 7:30am-8:00pm; Wed: 7:30am-8:00pm; Thu: 7:30am-8:00pm; Fri: 7:30am-8:00pm; Sat: 8:00am-5:00pm,,,,,,2,,,ChargePoint Network,https://www.chargepoint.com,GPS,39.319923,-84.429458,2026-08-19,190164,2026-08-19 01:31:39 UTC,,,,2021-05-27,,,,,J1772,US,,,,Public,,public,,,,,,,,,,,,,,,,,,,,false,,,,,,,,,false,
ELEC,VISION PRO VISION PRO,730 Mt Airyshire Blvd,,Columbus,OH,43235,,888-758-4389,E,,Public,24 hours daily,,,,,,2,,,ChargePoint Network,https://www.chargepoint.com,GPS,40.127113,-83.036246,2026-08-19,190289,2026-08-19 01:39:08 UTC,,,,2021-05-28,,,,,J1772,US,,,,Public,,public,,,,,,,,,,,,,,,,,,,,false,,,,,,,,,false,
ELEC,CDCTRAILHEAD GREAT GUERNSEY1,63500 Corduroy Rd,,Cambridge,OH,43725,,888-758-4389,E,,Public,24 hours daily,,,,,,2,,,ChargePoint Network,https://www.chargepoint.com,GPS,40.020066,-81.546956,2026-08-19,190368,2026-08-19 01:47:27 UTC,,,,2021-05-29,,,,,J1772,US,,,,Public,,public,,,,,,,,,,,,,,,,,,,,false,,,,,,,,,false,
ELEC,MEIJER STORES 308 AVON 2,1801 Nagel Rd,Near north entrance.,Avon,OH,44011,,888-758-4389,E,,Public,24 hours daily,,,,,,2,,,ChargePoint Network,https://www.chargepoint.com,GPS,41.461663,-81.989982,2026-08-19,190982,2026-08-19 01:22:19 UTC,,,,2021-06-15,,,,,J1772,US,,,,Public,,public,,,,,,,,,,,,,,,,,,,,false,,,,,,,,,false,
ELEC,M-B HUDSON GUEST CHARGING,8727 Montgomery Rd,,Cincinnati,OH,45236,,888-758-4389,E,,Public,Mon: 7:30am-8:00pm; Tue: 7:30am-8:00pm; Wed: 7:30am-8:00pm; Thu: 7:30am-8:00pm; Fri: 7:30am-8:00pm; Sat: 8:00am-5:00pm,,,,,,2,,,ChargePoint Network,https://www.chargepoint.com,GPS,39.21427,-84.359899,2026-08-19,191529,2026-08-19 01:30:38 UTC,,,,2021-06-26,,,,,J1772,US,,,,Public,,public,,,,,,,,,,,,,,,,,,,,false,,,,,,,,,false,
ELEC,Village of Williamsburg Municipal Building,107 W Main St,,Williamsburg,OH,45176,,888-356-8911,E,,Public,24 hours daily,,,,,,2,,,FLO,https://www.flo.com,GPS,39.0525158,-84.0513708,2026-08-19,191593,2026-08-19 04:03:59 UTC,,,,2021-06-29,,,,,J1772,US,,,,Public,,public,,,,,,,,,,,,,,,,,,,,false,,,,,,,,,false,
ELEC,Williamsburg Community Park,100-144 E Main St,,Williamsburg,OH,45176,,888-356-8911,E,,Public,24 hours daily,,,,,,4,,,FLO,https://www.flo.com,GPS,39.049633,-84.049454,2026-08-19,191594,2026-08-19 04:03:36 UTC,,,,2021-06-29,,,,,J1772,US,,,,Public,,public,,,,,,,,,,,,,,,,,,,,false,,,,,,,,,false,
ELEC,Northside Business Association - Lingo,4162 Hamilton Ave,,Cincinnati,OH,45223,,888-356-8911,E,,Public,24 hours daily,,,,,,6,,,FLO,https://www.flo.com,GPS,39.162543,-84.539385,2026-08-19,191637,2026-08-19 04:04:02 UTC,,,,2021-06-30,,,,,J1772,US,,,,Public,,public,,,,,,,,,,,,,,,,,,,,false,,,,,,,,,false,
ELEC,Station 1 - Doctor's Parking,1044 Belmont Avenue,,Youngstown,OH,44504,,888-998-2546,E,,Public,24 hours daily,,,,,,2,,,Blink Network,https://blinkcharging.com,GPS,41.1138664,-80.6583559,2026-08-19,191645,2026-08-19 00:49:53 UTC,,,,2021-03-24,,,,,J1772,US,,,,Public,,public,,,,,,,,,,FREE,,,,,,,,,,false,,,,,,,,,false,
ELEC,PICKERINGTON EV 1,115 N Center St,,Pickerington,OH,43147,,888-758-4389,E,,Public,24 hours daily,,,,,,2,,,ChargePoint Network,https://www.chargepoint.com,GPS,39.886238,-82.754133,2026-08-19,191760,2026-08-19 01:48:58 UTC,,,,2021-07-03,,,,,J1772,US,,,,Public,,public,,,,,,,,,,,,,,,,,,,,false,,,,,,,,,false,
ELEC,Colerain Township Building,4200 Springdale Road,,Colerain Township,OH,45251,,888-356-8911,E,,Public,24 hours daily,,,,,,2,,,FLO,https://www.flo.com,GPS,39.245848,-84.610506,2026-08-19,192613,2026-08-19 04:03:28 UTC,,,,2021-07-07,,,,,J1772,US,,,,Public,,public,,,,,,,,,,,,,,,,,,,,false,,,,,,,,,false,
ELEC,ST MARYS SQUARE ST MARYS SQUARE,1220 Indiana Ave,,Saint Marys,OH,45885,,888-758-4389,E,,Public,24 hours daily,,,,,,2,,,ChargePoint Network,https://www.chargepoint.com,GPS,40.553334,-84.406472,2026-08-19,192722,2026-08-19 01:48:24 UTC,,,,2021-07-10,,,,,J1772,US,,,,Public,,public,,,,,,,,,,,,,,,,,,,,false,,,,,,,,,false,
ELEC,COLUMBUS COMMON STATION 3,55 E Rich St,In the bottom of the parking garage,Columbus,OH,43215,,888-758-4389,E,,Public,24 hours daily,,,,,,2,,,ChargePoint Network,https://www.chargepoint.com,GPS,39.956995,-82.998059,2026-08-19,193280,2026-08-19 01:28:37 UTC,,,,2021-07-29,,,,,J1772,US,,,,Public,,public,,,,,,,,,,,,,,,,,,,,false,,,,,,,,,false,
ELEC,COLUMBUS COMMON STATION 2,55 E Rich St,In the bottom floor of the parking garage,Columbus,OH,43215,,888-758-4389,E,,Public,24 hours daily,,,,,,2,,,ChargePoint Network,https://www.chargepoint.com,GPS,39.957353,-82.997863,2026-08-19,193281,2026-08-19 01:28:37 UTC,,,,2021-07-29,,,,,J1772,US,,,,Public,,public,,,,,,,,,,,,,,,,,,,,false,,,,,,,,,false,
ELEC,COLUMBUS COMMON STATION 1,55 E Rich St,In the bottom floor of the parking garage,Columbus,OH,43215,,888-758-4389,E,,Public,24 hours daily,,,,,,2,,,ChargePoint Network,https://www.chargepoint.com,GPS,39.957006,-82.998109,2026-08-19,193282,2026-08-19 01:28:37 UTC,,,,2021-07-29,,,,,J1772,US,,,,Public,,public,,,,,,,,,,,,,,,,,,,,false,,,,,,,,,false,
ELEC,POINTE POLARIS STATION 4,8900 Lyra Dr,,Columbus,OH,43240,,888-758-4389,E,,Public,24 hours daily,,,,,,2,,,ChargePoint Network,https://www.chargepoint.com,GPS,40.146092,-82.973176,2026-08-19,193428,2026-08-19 01:38:44 UTC,,,,2021-08-03,,,,,J1772,US,,,,Public,,public,,,,,,,,,,,,,,,,,,,,false,,,,,,,,,false,
ELEC,POINTE POLARIS STATION 3,8900 Lyra Dr,,Columbus,OH,43240,,888-758-4389,E,,Public,24 hours daily,,,,,,2,,,ChargePoint Network,https://www.chargepoint.com,GPS,40.14603,-82.97317,2026-08-19,193429,2026-08-19 01:38:44 UTC,,,,2021-08-03,,,,,J1772,US,,,,Public,,public,,,,,,,,,,,,,,,,,,,,false,,,,,,,,,false,
ELEC,POINTE POLARIS STATION 1,8900 Lyra Dr,,Columbus,OH,43240,,888-758-4389,E,,Public,24 hours daily,,,,,,2,,,ChargePoint Network,https://www.chargepoint.com,GPS,40.146027,-82.97316,2026-08-19,193430,2026-08-19 01:38:44 UTC,,,,2021-08-03,,,,,J1772,US,,,,Public,,public,,,,,,,,,,,,,,,,,,,,false,,,,,,,,,false,
ELEC,POINTE POLARIS STATION 2,8900 Lyra Dr,,Columbus,OH,43240,,888-758-4389,E,,Public,24 hours daily,,,,,,2,,,ChargePoint Network,https://www.chargepoint.com,GPS,40.146057,-82.97317,2026-08-19,193431,2026-08-19 01:42:21 UTC,,,,2021-08-03,,,,,J1772,US,,,,Public,,public,,,,,,,,,,,,,,,,,,,,false,,,,,,,,,false,
ELEC,Wilcox Communities- Fifth Summit,114 East 5th Ave.,,Columbus,OH,43205,,888-998-2546,E,,Public,24 hours daily,,,,,,3,,,Blink Network,https://blinkcharging.com,GPS,39.9874073,-83.002683,2026-08-19,193474,2026-08-19 00:49:12 UTC,,,,2021-08-04,,,,,J1772,US,,,,Public,,public,,,,,,,,,,Free,,,,,,,,,,false,,,,,,,,,false,
ELEC,Springfield Twp Admin Building Parking Lot,9158 Winton Road,,Cincinnati,OH,45231,,888-356-8911,E,,Public,24 hours daily,,,,,,4,,,FLO,https://www.flo.com,GPS,39.232068,-84.507211,2026-08-19,193512,2026-08-19 04:04:01 UTC,,,,2021-08-05,,,,,J1772,US,,,,Public,,public,,,,,,,,,,,,,,,,,,,,false,,,,,,,,,false,
ELEC,WCH WCH WINTER ST.,546 Winter St,Parking Lot,Wooster,OH,44691,,888-758-4389,E,,Public,24 hours daily,,,,,,2,,,ChargePoint Network,https://www.chargepoint.com,GPS,40.819679,-81.933536,2026-08-19,193718,2026-08-19 01:50:35 UTC,,,,2021-08-10,,,,,J1772,US,,,,Public,,public,,,,,,,,,,,,,,,,,,,,false,,,,,,,,,false,
ELEC,COTA F.T.F. UNIT 1,1333 Fields Ave,,Columbus,OH,43201,,888-758-4389,E,,Public,24 hours daily,,,,,,2,,,ChargePoint Network,https://www.chargepoint.com,GPS,39.990294,-82.991997,2026-08-19,193799,2026-08-19 01:47:42 UTC,,,,2021-08-12,,,,,J1772,US,,,,Public,,public,,,,,,,,,,,,,,,,,,,,false,,,,,,,,,false,
ELEC,COTA F.T.F. UNIT 2,1333 Fields Ave,,Columbus,OH,43201,,888-758-4389,E,,Public,24 hours daily,,,,,,2,,,ChargePoint Network,https://www.chargepoint.com,GPS,39.990417,-82.99195,2026-08-19,193800,2026-08-19 01:47:42 UTC,,,,2021-08-12,,,,,J1772,US,,,,Public,,public,,,,,,,,,,,,,,,,,,,,false,,,,,,,,,false,
ELEC,McDonald's - Garfield Heights OH,12690 Rockside Road,,Garfield Heights,OH,44125,,888-998-2546,E,,Public,24 hours daily,,,,,,1,,,Blink Network,https://blinkcharging.com,GPS,41.400765,-81.595494,2026-08-19,193825,2026-08-19 00:24:59 UTC,,,,2021-08-12,,,,,J1772,US,,,,Public,,public,,,,,,,,,,Free,,,,,,,,,,false,,,,,,,,,false,
ELEC,UPPERSANDCHARGE UPPER SANDUSKY,119 N 7th St,Rear Parking Lot,Upper Sandusky,OH,43351,,888-758-4389,E,,Public,24 hours daily,,,,,,,1,,ChargePoint Network,https://www.chargepoint.com,GPS,40.828107,-83.282085,2026-08-19,193912,2026-08-19 01:50:01 UTC,,,,2021-08-14,,,,,CHADEMO J1772COMBO,US,,,,Public,,public,,,,,,,,,,,,,,,,,,,,false,,,,,,,,,false,
ELEC,APPALACHIAN OUT APPALACHIAN OUT,60 Kendall Park Rd,LOCATED ON THE NORTHEAST CORNER OF THE BUILDING. USE THE ENTRANCE CLOSEST TO AKRON-CLEVELAND RD.,Peninsula,OH,44264,,888-758-4389,E,,Public,24 hours daily,,,,,,2,,,ChargePoint Network,https://www.chargepoint.com,GPS,41.21981,-81.49253,2026-08-19,193916,2026-08-19 01:50:38 UTC,,,,2021-08-14,,,,,J1772,US,,,,Public,,public,,,,,,,,,,,,,,,,,,,,false,,,,,,,,,false,
ELEC,ONU SPORTS CENTER,609 W Lincoln Ave,Parking lot,Ada,OH,45810,,888-758-4389,E,,Public,24 hours daily,,,,,,2,,,ChargePoint Network,https://www.chargepoint.com,GPS,40.768985,-83.832806,2026-08-19,194134,2026-08-19 01:30:39 UTC,,,,2021-08-20,,,,,J1772,US,,,,Public,,public,,,,,,,,,,,,,,,,,,,,false,,,,,,,,,false,
ELEC,THEATRE LOT THEATRE LOT 1,101 N Main St,,Jackson Center,OH,45334,,888-758-4389,E,,Public,24 hours daily,,,,,,2,,,ChargePoint Network,https://www.chargepoint.com,GPS,40.439955,-84.040473,2026-08-19,194159,2026-08-19 01:50:28 UTC,,,,2021-08-21,,,,,J1772,US,,,,Public,,public,,,,,,,,,,,,,,,,,,,,false,,,,,,,,,false,
ELEC,MERCEDES DRIVE MERCEDES DRIVE,6500 Perimeter Loop Rd,North side of building,Dublin,OH,43017,,888-758-4389,T,2026-08-19,TEMPORARILY UNAVAILABLE (Public),24 hours daily,,,,,,,1,,ChargePoint Network,https://www.chargepoint.com,GPS,40.100939,-83.155399,2026-08-19,194184,2026-08-19 01:49:38 UTC,,,,2021-08-24,,,,,CHADEMO J1772COMBO,US,,,,TEMPORAIREMENT SUSPENDU (Public),,public,,,,,,,,,,,,,,,,,,,,false,,,,,,,,,false,
ELEC,SILVERTON OHIO STATION 2,6943 Montgomery Rd,Parking Lot,Silverton,OH,45236,,888-758-4389,E,,Public,24 hours daily,,,,,,2,,,ChargePoint Network,https://www.chargepoint.com,GPS,39.191865,-84.406111,2026-08-19,194191,2026-08-19 01:51:00 UTC,,,,2021-08-24,,,,,J1772,US,,,,Public,,public,,,,,,,,,,,,,,,,,,,,false,,,,,,,,,false,
ELEC,SILVERTON OHIO STATION 1,6943 Montgomery Rd,Parking Lot,Silverton,OH,45236,,888-758-4389,E,,Public,24 hours daily,,,,,,2,,,ChargePoint Network,https://www.chargepoint.com,GPS,39.191842,-84.406181,2026-08-19,194192,2026-08-19 01:51:00 UTC,,,,2021-08-24,,,,,J1772,US,,,,Public,,public,,,,,,,,,,,,,,,,,,,,false,,,,,,,,,false,
ELEC,Joann Fabrics & Crafts,5381 Darrow Rd,,Hudson,OH,44236,,330-656-2600,E,,Public - Credit card at all times,24 hours daily,A D Debit M V,,,,,2,,,Non-Networked,,GPS,41.2111492845268,-81.4385075297091,2025-08-12,194535,2026-02-02 23:16:24 UTC,P,,,2021-08-16,,,,,J1772,US,,,,Public - Carte de crédit en tout temps,,public,CREDIT_CARD_ALWAYS,,SHOPPING_CENTER,,,,,,,Free,,,,,,,,,NONE,false,,,,,,,,LD,false,
ELEC,SPERRY LN SPERRY 1,15891 Sperry Rd,Marcu Field Parking Lot By Scout Lodge,Middlefield,OH,44062,,888-758-4389,E,,Public,24 hours daily,,,,,,2,,,ChargePoint Network,https://www.chargepoint.com,GPS,41.460424,-81.075945,2026-08-19,194628,2026-08-19 01:50:53 UTC,,,,2021-08-28,,,,,J1772,US,,,,Public,,public,,,,,,,,,,,,,,,,,,,,false,,,,,,,,,false,
ELEC,XAVIER COHEN,1658 Herald Ave,Charger is located on south side of building.,"Norwood, Ohio 45212",OH,45212,,888-758-4389,E,,Public,24 hours daily,,,,,,2,,,ChargePoint Network,https://www.chargepoint.com,GPS,39.150872,-84.469738,2026-08-19,194639,2026-08-19 01:51:30 UTC,,,,2021-08-28,,,,,J1772,US,,,,Public,,public,,,,,,,,,,,,,,,,,,,,false,,,,,,,,,false,
ELEC,East Garage,435 East Pete Rose Way,,Cincinnati,OH,45202,,888-356-8911,E,,Public,24 hours daily,,,,,,4,,,FLO,https://www.flo.com,GPS,39.0988448,-84.5035133,2026-08-19,194920,2026-08-19 04:03:14 UTC,,,,2021-09-02,,,,,J1772,US,,,,Public,,public,,,,,,,,,,,,,,,,,,,,false,,,,,,,,,false,
ELEC,Central Riverfront North Garage,99 Second Street East,,Cincinnati,OH,45202,,888-356-8911,E,,Public,24 hours daily,,,,,,3,,,FLO,https://www.flo.com,GPS,39.0980718,-84.511014,2026-08-19,194921,2026-08-19 04:03:24 UTC,,,,2021-09-02,,,,,J1772,US,,,,Public,,public,,,,,,,,,,,,,,,,,,,,false,,,,,,,,,false,
ELEC,Parkhaus,1123 Sycamore St,,Cincinnati,OH,45202,,888-356-8911,E,,Public,24 hours daily,,,,,,4,,,FLO,https://www.flo.com,GPS,39.108572,-84.5101272,2026-08-19,194922,2026-08-19 04:03:53 UTC,,,,2021-09-02,,,,,J1772,US,,,,Public,,public,,,,,,,,,,,,,,,,,,,,false,,,,,,,,,false,
ELEC,North College Hill Admin Bldg - Phase 1,1500 W. Galbraith Road,,Cincinnati,OH,45231,,888-356-8911,E,,Public,24 hours daily,,,,,,2,,,FLO,https://www.flo.com,GPS,39.217678,-84.542267,2026-08-19,194983,2026-08-19 04:03:58 UTC,,,,2021-09-02,,,,,J1772,US,,,,Public,,public,,,,,,,,,,,,,,,,,,,,false,,,,,,,,,false,
ELEC,West End Garage,1530 John Street,,Cincinnati,OH,45214,,888-356-8911,E,,Public,24 hours daily,,,,,,3,,,FLO,https://www.flo.com,GPS,39.1117371,-84.5237247,2026-08-19,195088,2026-08-19 04:03:32 UTC,,,,2021-09-04,,,,,J1772,US,,,,Public,,public,,,,,,,,,,,,,,,,,,,,false,,,,,,,,,false,
ELEC,ODOT District 8 Offices,505 OH-741,,Lebanon,OH,45036,,888-356-8911,E,,Public,24 hours daily,,,,,,2,,,FLO,https://www.flo.com,GPS,39.4308799,-84.2834605,2026-08-19,195090,2026-08-19 04:03:24 UTC,,,,2021-09-04,,,,,J1772,US,,,,Public,,public,,,,,,,,,,,,,,,,,,,,false,,,,,,,,,false,
ELEC,ONU DICKE,410 S Gilbert St,Parking lot,Ada,OH,45810,,888-758-4389,E,,Public,24 hours daily,,,,,,2,,,ChargePoint Network,https://www.chargepoint.com,GPS,40.76744,-83.824333,2026-08-19,195092,2026-08-19 01:30:39 UTC,,,,2021-09-04,,,,,J1772,US,,,,Public,,public,,,,,,,,,,,,,,,,,,,,false,,,,,,,,,false,
ELEC,ODOT District 7 Garage,300 Smith Dr.,,Clayton,OH,45315,,888-356-8911,E,,Public,24 hours daily,,,,,,2,,,FLO,https://www.flo.com,GPS,39.856426,-84.327026,2026-08-19,195749,2026-08-19 04:03:42 UTC,,,,2021-09-09,,,,,J1772,US,,,,Public,,public,,,,,,,,,,,,,,,,,,,,false,,,,,,,,,false,
ELEC,VOG EV STATION VOG EV STATION,960 Main St,In the parking lot behind Grafton village hall building.,Grafton,OH,44044,,888-758-4389,E,,Public,24 hours daily,,,,,,2,,,ChargePoint Network,https://www.chargepoint.com,GPS,41.273517,-82.055,2026-08-19,195916,2026-08-19 01:51:42 UTC,,,,2021-09-15,,,,,J1772,US,,,,Public,,public,,,,,,,,,,,,,,,,,,,,false,,,,,,,,,false,
ELEC,Vintage Club Garage,22 Vintage Club Drive,,Montgomery,OH,45242,,888-356-8911,E,,Public,24 hours daily,,,,,,4,,,FLO,https://www.flo.com,GPS,39.2656582,-84.3315569,2026-08-19,195978,2026-08-19 04:03:19 UTC,,,,2021-09-16,,,,,J1772,US,,,,Public,,public,,,,,,,,,,,,,,,,,,,,false,,,,,,,,,false,
ELEC,Spitzer Autoworld Lordstown,10535 Mahoning Ave,,North Jackson,OH,44451,,330-992-9589,E,,Public - Credit card at all times,24 hours daily; dealership use only,A D Debit M V,,,,,1,2,,Non-Networked,,GPS,41.0995464278259,-80.8490261322218,2025-08-12,196043,2026-02-02 23:16:24 UTC,P,,,2021-09-11,,,,,J1772 J1772COMBO,US,,,,Public - Carte de crédit en tout temps,,public,CREDIT_CARD_ALWAYS,,CAR_DEALER,,,,,,,DC: $0.30 per kWh; L2: Free,,,,,,,,,NONE,true,,,,,,,,LD,false,
ELEC,WICKLIFFE PNR WICKLIFFE1,29551 Lakeland Blvd,South of Building,Wickliffe,OH,44092,,888-758-4389,E,,Public,24 hours daily,,,,,,1,,,ChargePoint Network,https://www.chargepoint.com,GPS,41.61426,-81.47803,2026-08-19,196179,2026-08-19 01:51:48 UTC,,,,2021-09-22,,,,,J1772,US,,,,Public,,public,,,,,,,,,,,,,,,,,,,,false,,,,,,,,,false,
ELEC,WICKLIFFE PNR WICKLIFFE3,29551 Lakeland Blvd,South of Building,Wickliffe,OH,44092,,888-758-4389,E,,Public,24 hours daily,,,,,,1,,,ChargePoint Network,https://www.chargepoint.com,GPS,41.61413,-81.47792,2026-08-19,196181,2026-08-19 01:51:49 UTC,,,,2021-09-22,,,,,J1772,US,,,,Public,,public,,,,,,,,,,,,,,,,,,,,false,,,,,,,,,false,
ELEC,ODNR - Hueston Woods,5201 Lodge Rd,,College Corner,OH,45003,,888-356-8911,E,,Public,24 hours daily,,,,,,4,,,FLO,https://www.flo.com,GPS,39.572922,-84.740601,2026-08-19,196189,2026-08-19 04:03:13 UTC,,,,2021-09-22,,,,,J1772,US,,,,Public,,public,,,,,,,,,,,,,,,,,,,,false,,,,,,,,,false,
ELEC,ODNR - Caesar Creek,8570 Ohio 73,,Waynesville,OH,45068,,888-356-8911,E,,Public,24 hours daily,,,,,,4,,,FLO,https://www.flo.com,GPS,39.514476,-84.030283,2026-08-19,196190,2026-08-19 04:04:06 UTC,,,,2021-09-22,,,,,J1772,US,,,,Public,,public,,,,,,,,,,,,,,,,,,,,false,,,,,,,,,false,
ELEC,WICKLIFFE PNR WICKLIFFE4,29551 Lakeland Blvd,Behind the Building,Wickliffe,OH,44092,,888-758-4389,E,,Public,24 hours daily,,,,,,1,,,ChargePoint Network,https://www.chargepoint.com,GPS,41.61444,-81.478092,2026-08-19,196227,2026-08-19 01:51:49 UTC,,,,2021-09-23,,,,,J1772,US,,,,Public,,public,,,,,,,,,,,,,,,,,,,,false,,,,,,,,,false,
ELEC,SAGAMORE HILLS STATION 2,11550 Valley View Rd,,Northfield,OH,44067,,888-758-4389,E,,Public,24 hours daily,,,,,,2,,,ChargePoint Network,https://www.chargepoint.com,GPS,41.337353,-81.5636,2026-08-19,196299,2026-08-19 01:51:56 UTC,,,,2021-09-24,,,,,J1772,US,,,,Public,,public,,,,,,,,,,,,,,,,,,,,false,,,,,,,,,false,
ELEC,SAGAMORE HILLS STATION 1,11550 Valley View Rd,,Northfield,OH,44067,,888-758-4389,E,,Public,24 hours daily,,,,,,2,,,ChargePoint Network,https://www.chargepoint.com,GPS,41.337375,-81.563525,2026-08-19,196300,2026-08-19 01:51:57 UTC,,,,2021-09-24,,,,,J1772,US,,,,Public,,public,,,,,,,,,,,,,,,,,,,,false,,,,,,,,,false,
ELEC,Liberty Township Administrative Building,5021 Winners Circle Drive,,Liberty Township,OH,45011,,888-356-8911,E,,Public,24 hours daily,,,,,,2,,,FLO,https://www.flo.com,GPS,39.3969594,-84.4517389,2026-08-19,196383,2026-08-19 04:03:20 UTC,,,,2021-09-25,,,,,J1772,US,,,,Public,,public,,,,,,,,,,,,,,,,,,,,false,,,,,,,,,false,
ELEC,WEST CARROLLTON THE POINT 1,955 E Dixie Dr,,Dayton,OH,45449,,888-758-4389,E,,Public,24 hours daily,,,,,,2,,,ChargePoint Network,https://www.chargepoint.com,GPS,39.678068,-84.237854,2026-08-19,196461,2026-08-19 01:52:31 UTC,,,,2021-09-29,,,,,J1772,US,,,,Public,,public,,,,,,,,,,,,,,,,,,,,false,,,,,,,,,false,
ELEC,Warren County Armco Park - Pavilion,1119 OH-741,,Lebanon,OH,45036,,513-695-3980,T,2025-12-30,TEMPORARILY UNAVAILABLE (Public),24 hours daily,,,,,,2,,,Non-Networked,,GPS,39.4558939833609,-84.2829069506352,2025-08-12,196551,2026-02-02 23:16:24 UTC,P,,,2021-09-30,,,,,J1772,US,,,,TEMPORAIREMENT SUSPENDU (Public),,public,,,PARK,,,,,,,,,,,,,,,,,false,,,,,,,,LD,false,
ELEC,Warren County Armco Park - Golf Pro Shop,1119 OH-741,,Lebanon,OH,45036,,,T,2025-12-30,TEMPORARILY UNAVAILABLE (Public),24 hours daily,,,,,,2,,,Non-Networked,,GPS,39.4545927769168,-84.2822803654948,2025-08-12,196552,2026-02-02 23:16:24 UTC,P,,,2021-09-30,,,,,J1772,US,,,,TEMPORAIREMENT SUSPENDU (Public),,public,,,PARK,,,,,,,,,,,,,,,,,false,,,,,,,,LD,false,
ELEC,Kent State University - Lot R-19,Art Annex,,Kent,OH,44243,,330-672-4432,E,,Public - Credit card at all times,24 hours daily,A D Debit M V,,,,,1,,,Non-Networked,,GPS,41.1508046730454,-81.3468361351987,2025-08-12,196553,2026-02-02 23:16:24 UTC,P,,,2021-09-30,,,,,J1772,US,,,,Public - Carte de crédit en tout temps,,public,CREDIT_CARD_ALWAYS,,PARKING_LOT,,,,,,,$1.25 per hour; Max 4 hours,,,,,,,,,NONE,false,,,,,,,,LD,false,
ELEC,KIDS EV PARKING BOWERY DECK #2,199 W Bowery St,"Located on surface level, Level 2, near elevators to main hospital and left of ticket gate entrance.",Akron,OH,44308,,888-758-4389,E,,Public,24 hours daily,,,,,,2,,,ChargePoint Network,https://www.chargepoint.com,GPS,41.079414,-81.52403,2026-08-19,196584,2026-08-19 01:52:38 UTC,,,,2021-10-01,,,,,J1772,US,,,,Public,,public,,,,,,,,,,,,,,,,,,,,false,,,,,,,,,false,
ELEC,KIDS EV PARKING BOWERY DECK #1,199 W Bowery St,,Akron,OH,44308,,888-758-4389,E,,Public,24 hours daily,,,,,,2,,,ChargePoint Network,https://www.chargepoint.com,GPS,41.079407,-81.523895,2026-08-19,196585,2026-08-19 01:52:39 UTC,,,,2021-10-01,,,,,J1772,US,,,,Public,,public,,,,,,,,,,,,,,,,,,,,false,,,,,,,,,false,
ELEC,KIDS EV PARKING BOWERY DECK #3,199 W Bowery St,"Located on surface level, Level 2, near elevators to main hospital and left of ticket gate entrance.",Akron,OH,44308,,888-758-4389,E,,Public,24 hours daily,,,,,,2,,,ChargePoint Network,https://www.chargepoint.com,GPS,41.07953,-81.523952,2026-08-19,196586,2026-08-19 01:52:39 UTC,,,,2021-10-01,,,,,J1772,US,,,,Public,,public,,,,,,,,,,,,,,,,,,,,false,,,,,,,,,false,
ELEC,KIDS EV PARKING BOWERY DECK #4,199 W Bowery St,"Located on surface level, Level 2, near elevators to main hospital and left of ticket gate entrance.",Akron,OH,44308,,888-758-4389,E,,Public,24 hours daily,,,,,,2,,,ChargePoint Network,https://www.chargepoint.com,GPS,41.079548,-81.524095,2026-08-19,196587,2026-08-19 01:52:39 UTC,,,,2021-10-01,,,,,J1772,US,,,,Public,,public,,,,,,,,,,,,,,,,,,,,false,,,,,,,,,false,
ELEC,Staybridge Suites Stow Hotel,4351 Steels Pointe Dr,,Stow,OH,44224,,888-998-2546,E,,Public,24 hours daily,,,,,,2,,,Blink Network,https://blinkcharging.com,GPS,41.1800477,-81.4809422,2026-08-19,197384,2026-08-19 00:13:42 UTC,,,,2021-10-07,,,,,J1772,US,,,,Public,,public,,,,,,,,,,Free,,,,,,,,,,false,,,,,,,,,false,
ELEC,LAKEWOOD SKATE HOUSE,14710 Lake Ave,,Lakewood,OH,44107,,888-758-4389,E,,Public,24 hours daily,,,,,,2,,,ChargePoint Network,https://www.chargepoint.com,GPS,41.493694,-81.79864,2026-08-19,197402,2026-08-19 01:52:10 UTC,,,,2021-10-08,,,,,J1772,US,,,,Public,,public,,,,,,,,,,,,,,,,,,,,false,,,,,,,,,false,
ELEC,Personalized Wellness Center,1440 N Portage Path,,Akron,OH,44313,,330-867-2399,E,,Public - Credit card at all times,24 hours daily,A D Debit M V,,,,,1,,,Non-Networked,,GPS,41.1338944379758,-81.5485667062028,2023-08-10,197514,2025-11-24 16:37:03 UTC,P,,,2021-10-04,,,,,J1772,US,,,,Public - Carte de crédit en tout temps,,public,CREDIT_CARD_ALWAYS,,REC_SPORTS_FACILITY,,,,,,,,,,,,,,,,,false,,,,,,,,LD,false,
ELEC,Liberty Ford,900 N Aurora Rd,,Aurora,OH,44202,,440-248-1550,E,,Public - Credit card at all times,24 hours daily; for customers only,A D Debit M V,,,,,2,,,Non-Networked,,GPS,41.3426773997806,-81.3681378478547,2025-07-03,197542,2026-02-02 23:16:24 UTC,P,,,2021-10-04,,,,,J1772,US,,,,Public - Carte de crédit en tout temps,,public,CREDIT_CARD_ALWAYS,,CAR_DEALER,,,,,,,Free,,,,,,,,,,true,,,,,,,,LD,false,
ELEC,Ganley Chevrolet,310 W Garfield Rd,,Aurora,OH,44202,,330-964-2128,E,,Public - Credit card at all times,24 hours daily,A D Debit M V,,,,,1,2,,Non-Networked,,GPS,41.3185648102471,-81.3566992799331,2025-07-03,197543,2026-02-02 23:16:24 UTC,P,,,2021-10-04,,,,,J1772 J1772COMBO,US,,,,Public - Carte de crédit en tout temps,,public,CREDIT_CARD_ALWAYS,,CAR_DEALER,,,,,,,,,,,,,,,,,false,,,,,,,,LD,false,
ELEC,ForTec Medical,6245 Hudson Crossing Pkwy,,Hudson,OH,44236,,,E,,Private,24 hours daily; employee use only,,,,,,3,,,Non-Networked,,GPS,41.2349269905158,-81.4859425388423,2025-07-03,197544,2026-02-02 23:16:24 UTC,P,,,2021-10-04,,,,,J1772,US,,,,Privé,,private,,,OFFICE_BLDG,,,,,,,,,,,,,,,,,,,,,,,,,LD,true,
ELEC,Hampton Inn Stow,4331 Lakepointe Corporate Dr,,Stow,OH,44224,,888-998-2546,E,,Public,24 hours daily,,,,,,1,,,Blink Network,https://blinkcharging.com,GPS,41.183186,-81.474472,2026-08-19,197549,2026-08-19 00:06:12 UTC,,,,2021-10-08,,,,,J1772,US,,,,Public,,public,,,,,,,,,,Free,,,,,,,,,,false,,,,,,,,,false,
ELEC,MILAN VILLAGE VILLAGE CHARGER,1 W Front St,,Milan,OH,44846,,888-758-4389,E,,Public,24 hours daily,,,,,,2,,,ChargePoint Network,https://www.chargepoint.com,GPS,41.298457,-82.60672,2026-08-19,197674,2026-08-19 01:52:55 UTC,,,,2021-10-13,,,,,J1772,US,,,,Public,,public,,,,,,,,,,,,,,,,,,,,false,,,,,,,,,false,
ELEC,CSG EV SHOPS OF GREEN,3700 Massillon Rd,,Uniontown,OH,44685,,888-758-4389,E,,Public,24 hours daily,,,,,,2,,,ChargePoint Network,https://www.chargepoint.com,GPS,40.960327,-81.466589,2026-08-19,197705,2026-08-19 01:53:00 UTC,,,,2021-10-14,,,,,J1772,US,,,,Public,,public,,,,,,,,,,,,,,,,,,,,false,,,,,,,,,false,
ELEC,Regency Condominiums,2444 Madison Rd #101,,Cincinnati,OH,45208,,888-356-8911,E,,Public,24 hours daily,,,,,,10,,,FLO,https://www.flo.com,GPS,39.14081,-84.453705,2026-08-19,197805,2026-08-19 04:04:04 UTC,,,,2021-10-15,,,,,J1772,US,,,,Public,,public,,,,,,,,,,,,,,,,,,,,false,,,,,,,,,false,
ELEC,Crosspoint,3485 Red Hook Crossing,,Columbus,OH,43219,,888-356-8911,E,,Public,24 hours daily,,,,,,2,,,FLO,https://www.flo.com,GPS,40.0245332,-82.9192691,2026-08-19,197806,2026-08-19 04:03:25 UTC,,,,2021-10-15,,,,,J1772,US,,,,Public,,public,,,,,,,,,,,,,,,,,,,,false,,,,,,,,,false,
ELEC,Gantry Apartments,1580 Blue Rock Street,,Cincinnati,OH,45223,,888-356-8911,E,,Public,24 hours daily,,,,,,2,,,FLO,https://www.flo.com,GPS,39.160667,-84.537972,2026-08-19,197807,2026-08-19 04:03:45 UTC,,,,2021-10-15,,,,,J1772,US,,,,Public,,public,,,,,,,,,,,,,,,,,,,,false,,,,,,,,,false,
ELEC,Latitude - 5245 Natorp,5245 Natrop Blvd,,Mason,OH,45040,,888-356-8911,E,,Public,24 hours daily,,,,,,2,,,FLO,https://www.flo.com,GPS,39.299,-84.319722,2026-08-19,197808,2026-08-19 04:04:07 UTC,,,,2021-10-15,,,,,J1772,US,,,,Public,,public,,,,,,,,,,,,,,,,,,,,false,,,,,,,,,false,
ELEC,Alexander Pointe - Building 2,535 Willow Pond Blvd,,Maineville,OH,45039,,888-356-8911,E,,Public,24 hours daily,,,,,,2,,,FLO,https://www.flo.com,GPS,39.336472,-84.227917,2026-08-19,197810,2026-08-19 04:03:29 UTC,,,,2021-10-15,,,,,J1772,US,,,,Public,,public,,,,,,,,,,,,,,,,,,,,false,,,,,,,,,false,
ELEC,Austin Park,9600 Summit Point Drive,,Miamisburg,OH,45342,,888-356-8911,E,,Public,24 hours daily,,,,,,4,,,FLO,https://www.flo.com,GPS,39.6057939,-84.226573,2026-08-19,197811,2026-08-19 04:03:25 UTC,,,,2021-10-15,,,,,J1772,US,,,,Public,,public,,,,,,,,,,,,,,,,,,,,false,,,,,,,,,false,
ELEC,LAKEWOOD CITY HALL,12810 Detroit Ave,At Lakewood City Hall,Lakewood,OH,44107,,888-758-4389,E,,Public,24 hours daily,,,,,,2,,,ChargePoint Network,https://www.chargepoint.com,GPS,41.484886,-81.777912,2026-08-19,197846,2026-08-19 01:53:17 UTC,,,,2021-10-16,,,,,J1772,US,,,,Public,,public,,,,,,,,,,,,,,,,,,,,false,,,,,,,,,false,
ELEC,VANDEVEREKIA1 LVL2,322 W Market St,,Akron,OH,44303,,888-758-4389,E,,Public,24 hours daily,,,,,,2,,,ChargePoint Network,https://www.chargepoint.com,GPS,41.089764,-81.52819,2026-08-19,197924,2026-08-19 01:49:35 UTC,,,,2021-10-20,,,,,J1772,US,,,,Public,,public,,,,,,,,,,,,,,,,,,,,false,,,,,,,,,false,
ELEC,Hilliard Rome Office Park,5544 Hilliard Rome Office Park,,Hilliard,OH,43026,,,E,,Public - Credit card at all times,24 hours daily,A D Debit M V,,,,,2,,,Non-Networked,,GPS,39.9929767059317,-83.1535342651827,2023-07-11,198032,2025-06-24 15:35:45 UTC,P,,,2021-10-18,,,,,J1772,US,,,,Public - Carte de crédit en tout temps,,public,CREDIT_CARD_ALWAYS,,OFFICE_BLDG,,,,,,,,,,,,,,,,,false,,,,,,,,LD,false,
ELEC,Clean Fuels Ohio,3240 W Henderson Rd,,Columbus,OH,43220,,614-884-7336,E,,Public - Credit card at all times,24 hours daily,A D Debit M V,,,,,1,,,Non-Networked,,GPS,40.059278682993,-83.0796780139041,2023-10-12,198033,2025-07-11 20:20:13 UTC,P,,,2021-10-18,,,,,J1772,US,,,,Public - Carte de crédit en tout temps,,public,CREDIT_CARD_ALWAYS,,OFFICE_BLDG,,,,,,,,,,,,,,,,,true,,,,,,,,LD,false,
ELEC,PICKERINGTON EV 2,115 N Center St,,Pickerington,OH,43147,,888-758-4389,E,,Public,24 hours daily,,,,,,2,,,ChargePoint Network,https://www.chargepoint.com,GPS,39.886257,-82.754101,2026-08-19,198075,2026-08-19 01:48:58 UTC,,,,2021-10-22,,,,,J1772,US,,,,Public,,public,,,,,,,,,,,,,,,,,,,,false,,,,,,,,,false,
ELEC,CHARLES RIGGINS CHARLES RIGGINS,5309 Applebaugh St,Beside garage,Dublin,OH,43016,,888-758-4389,E,,Public,24 hours daily,,,,,,2,,,ChargePoint Network,https://www.chargepoint.com,GPS,40.06088,-83.15494,2026-08-19,199091,2026-08-19 01:52:34 UTC,,,,2021-10-26,,,,,J1772,US,,,,Public,,public,,,,,,,,,,,,,,,,,,,,false,,,,,,,,,false,
ELEC,CELINA MAIN ST,208 S Main St,,Celina,OH,45822,,888-758-4389,E,,Public,24 hours daily,,,,,,2,,,ChargePoint Network,https://www.chargepoint.com,GPS,40.547683,-84.570184,2026-08-19,199161,2026-08-19 01:52:36 UTC,,,,2021-10-27,,,,,J1772,US,,,,Public,,public,,,,,,,,,,,,,,,,,,,,false,,,,,,,,,false,
ELEC,CELINA WALNUT ST,112 S Walnut St,,Celina,OH,45822,,888-758-4389,E,,Public,24 hours daily,,,,,,2,,,ChargePoint Network,https://www.chargepoint.com,GPS,40.548437,-84.57248,2026-08-19,199162,2026-08-19 01:52:37 UTC,,,,2021-10-27,,,,,J1772,US,,,,Public,,public,,,,,,,,,,,,,,,,,,,,false,,,,,,,,,false,
ELEC,DUBLIN FLEET CITY HALL #2,5565 Perimeter Dr,,Dublin,OH,43017,,888-758-4389,E,,Public,24 hours daily,,,,,,2,,,ChargePoint Network,https://www.chargepoint.com,GPS,40.101963,-83.139878,2026-08-19,199171,2026-08-19 01:53:20 UTC,,,,2021-10-27,,,,,J1772,US,,,,Public,,public,,,,,,,,,,,,,,,,,,,,false,,,,,,,,,false,
ELEC,DUBLIN FLEET CITY HALL #1,5565 Perimeter Dr,,Dublin,OH,43017,,888-758-4389,E,,Public,24 hours daily,,,,,,2,,,ChargePoint Network,https://www.chargepoint.com,GPS,40.102125,-83.139943,2026-08-19,199172,2026-08-19 01:53:20 UTC,,,,2021-10-27,,,,,J1772,US,,,,Public,,public,,,,,,,,,,,,,,,,,,,,false,,,,,,,,,false,
ELEC,Warren County Sports Park,1408 OH-741,,Lebanon,OH,45036,,888-356-8911,E,,Public,24 hours daily,,,,,,4,,,FLO,https://www.flo.com,GPS,39.45875,-84.26278,2026-08-19,199449,2026-08-19 04:03:52 UTC,,,,2021-10-29,,,,,J1772,US,,,,Public,,public,,,,,,,,,,,,,,,,,,,,false,,,,,,,,,false,
ELEC,MCNA MCNA HOSPITAL 1,7333 Smith's Mill Rd,,New Albany,OH,43054,,888-758-4389,E,,Public,24 hours daily,,,,,,2,,,ChargePoint Network,https://www.chargepoint.com,GPS,40.086238,-82.789753,2026-08-19,200414,2026-08-19 01:51:43 UTC,,,,2021-11-02,,,,,J1772,US,,,,Public,,public,,,,,,,,,,,,,,,,,,,,false,,,,,,,,,false,
ELEC,HUNTINGTON STATION 1,500 Miamisburg Centerville Rd,,Dayton,OH,45459,,888-758-4389,E,,Public,24 hours daily,,,,,,1,,,ChargePoint Network,https://www.chargepoint.com,GPS,39.627184,-84.172624,2026-08-19,200498,2026-08-19 01:49:36 UTC,,,,2021-11-04,,,,,J1772,US,,,,Public,,public,,,,,,,,,,,,,,,,,,,,false,,,,,,,,,false,
ELEC,CAK AIRPORT SHORT TERM 1-2,5400 Lauby Rd,Parking lot,North Canton,OH,44720,,888-758-4389,E,,Public,24 hours daily,,,,,,2,,,ChargePoint Network,https://www.chargepoint.com,GPS,40.91445,-81.435231,2026-08-19,200501,2026-08-19 01:51:53 UTC,,,,2021-11-04,,,,,J1772,US,,,,Public,,public,,,,,,,,,,,,,,,,,,,,false,,,,,,,,,false,
ELEC,WESTERVILLE CITY HALL 1,21 W College Ave,,Westerville,OH,43081,,888-758-4389,E,,Public,24 hours daily,,,,,,2,,,ChargePoint Network,https://www.chargepoint.com,GPS,40.125523,-82.93241,2026-08-19,200585,2026-08-19 01:54:02 UTC,,,,2021-11-05,,,,,J1772,US,,,,Public,,public,,,,,,,,,,,,,,,,,,,,false,,,,,,,,,false,
ELEC,WESTERVILLE CITY HALL 2,21 W College Ave,,Westerville,OH,43081,,888-758-4389,E,,Public,24 hours daily,,,,,,2,,,ChargePoint Network,https://www.chargepoint.com,GPS,40.125616,-82.932417,2026-08-19,200586,2026-08-19 01:54:03 UTC,,,,2021-11-05,,,,,J1772,US,,,,Public,,public,,,,,,,,,,,,,,,,,,,,false,,,,,,,,,false,
ELEC,Montgomery City Hall,10101 Montgomery Rd,,Montgomery,OH,45242,,888-356-8911,E,,Public,24 hours daily,,,,,,2,,,FLO,https://www.flo.com,GPS,39.2396937,-84.3506228,2026-08-19,200598,2026-08-19 04:03:38 UTC,,,,2021-11-05,,,,,J1772,US,,,,Public,,public,,,,,,,,,,,,,,,,,,,,false,,,,,,,,,false,
ELEC,Frost Roofing Inc,2 Broadway St,,Wapakoneta,OH,45895,,419-739-7663,E,,Public - Credit card at all times,24 hours daily,A D Debit M V,,,,,2,,,Non-Networked,,GPS,40.569795887608,-84.1909039119769,2025-08-12,200619,2026-02-02 23:16:24 UTC,P,,,2021-10-29,,,,,TESLA,US,,,,Public - Carte de crédit en tout temps,,public,CREDIT_CARD_ALWAYS,,OTHER,,,,,,,Free,,,,,,,,,,false,,,,,,,,LD,false,
ELEC,Buckeye I.T. Services,252 W Market St,,Tiffin,OH,44883,,,E,,Private - Credit card at all times,24 hours daily; employee and customer use only,A D Debit M V,,,,,2,,,Non-Networked,,200-8,41.11376,-83.1892,2025-07-03,200620,2026-02-02 23:16:24 UTC,P,,,2021-10-29,,,,,J1772 TESLA,US,,,,Privé - Carte de crédit en tout temps,,private,CREDIT_CARD_ALWAYS,,OTHER,,,,,,,,,,,,,,,,,,,,,,,,,LD,true,
ELEC,HUNTINGTON SPRINGSIDE,30 Springside Dr,,Akron,OH,44333,,888-758-4389,E,,Public,24 hours daily,,,,,,1,,,ChargePoint Network,https://www.chargepoint.com,GPS,41.136375,-81.645383,2026-08-19,200641,2026-08-19 01:50:47 UTC,,,,2021-11-06,,,,,J1772,US,,,,Public,,public,,,,,,,,,,,,,,,,,,,,false,,,,,,,,,false,
ELEC,Baymont by Wyndham Columbus/Rickenbacker,2323 Rickenbacker Pkwy W,,Columbus,OH,43217,,888-998-2546,E,,Public,24 hours daily,,,,,,2,,,Blink Network,https://blinkcharging.com,GPS,39.82286,-82.93778,2026-08-19,200964,2026-08-19 00:06:12 UTC,,,,2021-11-10,,,,,J1772,US,,,,Public,,public,,,,,,,,,,Free,,,,,,,,,,false,,,,,,,,,false,
ELEC,Liberty Park,6757 Yankee Rd,,Liberty Township,OH,45044,,888-356-8911,E,,Public,24 hours daily,,,,,,2,,,FLO,https://www.flo.com,GPS,39.3813771,-84.386281,2026-08-19,201008,2026-08-19 04:03:29 UTC,,,,2021-11-11,,,,,J1772,US,,,,Public,,public,,,,,,,,,,,,,,,,,,,,false,,,,,,,,,false,
ELEC,WESTMONT - LANE WESTMONT - LANE,1690 W Lane Ave,,Columbus,OH,43221,,888-758-4389,E,,Public,24 hours daily,,,,,,2,,,ChargePoint Network,https://www.chargepoint.com,GPS,40.007558,-83.055331,2026-08-19,201080,2026-08-19 01:54:30 UTC,,,,2021-11-13,,,,,J1772,US,,,,Public,,public,,,,,,,,,,,,,,,,,,,,false,,,,,,,,,false,
ELEC,WESTMONT - LANE WESTMONT - 2,1690 W Lane Ave,,Columbus,OH,43221,,888-758-4389,E,,Public,24 hours daily,,,,,,2,,,ChargePoint Network,https://www.chargepoint.com,GPS,40.007576,-83.055435,2026-08-19,201081,2026-08-19 01:54:30 UTC,,,,2021-11-13,,,,,J1772,US,,,,Public,,public,,,,,,,,,,,,,,,,,,,,false,,,,,,,,,false,
ELEC,Columbus Airport Mariott,1375 North Cassady Avenue,,Columbus,OH,30004,,888-998-2546,E,,Public,24 hours daily,,,,,,2,,,Blink Network,https://blinkcharging.com,GPS,39.997,-82.932162,2026-08-19,201099,2026-08-19 00:04:52 UTC,,,,2021-11-13,,,,,J1772,US,,,,Public,,public,,,,,,,,,,Free,,,,,,,,,,false,,,,,,,,,false,
ELEC,PARKING GARAGE STATION 1,6 W Walnut St,,Oxford,OH,45056,,888-758-4389,E,,Public,24 hours daily,,,,,,2,,,ChargePoint Network,https://www.chargepoint.com,GPS,39.509925,-84.743145,2026-08-19,201171,2026-08-19 01:53:09 UTC,,,,2021-11-16,,,,,J1772,US,,,,Public,,public,,,,,,,,,,,,,,,,,,,,false,,,,,,,,,false,
ELEC,"Findlay, OH - Tesla Supercharger",1051 Interstate Court,,Findlay,OH,45840,,877-798-3752,E,,Public,24 hours daily. NACS partner enabled.,A D Debit M V,,,,,,8,,Tesla,https://www.tesla.com/supercharger,GPS,41.059617,-83.671131,2026-06-18,201305,2026-06-18 14:46:21 UTC,P,,,2021-11-09,,,,,TESLA,US,,,,Public,,public,,,RESTAURANT,,,,,,,,,,,,,,,,,false,,,,,,,,LD,true,
ELEC,NCEC-ATTICA STATION 1,13343 US 224,Rear of property near Athletic Complex Building,Attica,OH,44807,,888-758-4389,E,,Public,24 hours daily,,,,,,2,,,ChargePoint Network,https://www.chargepoint.com,GPS,41.07977,-82.917431,2026-08-19,201367,2026-08-19 01:52:34 UTC,,,,2021-11-19,,,,,J1772,US,,,,Public,,public,,,,,,,,,,,,,,,,,,,,false,,,,,,,,,false,
ELEC,HUNTINGTON STRONGSVILLE,13866 Pearl Rd,,Strongsville,OH,44136,,888-758-4389,E,,Public,24 hours daily,,,,,,1,,,ChargePoint Network,https://www.chargepoint.com,GPS,41.3135,-81.835915,2026-08-19,201446,2026-08-19 01:50:53 UTC,,,,2021-11-20,,,,,J1772,US,,,,Public,,public,,,,,,,,,,,,,,,,,,,,false,,,,,,,,,false,
ELEC,LCEC LOGAN COOP,1587 County Hwy 32 N,,Bellefontaine,OH,43311,,888-758-4389,E,,Public,24 hours daily,,,,,,2,,,ChargePoint Network,https://www.chargepoint.com,GPS,40.386078,-83.78992,2026-08-19,201821,2026-08-19 01:55:20 UTC,,,,2021-12-01,,,,,J1772,US,,,,Public,,public,,,,,,,,,,,,,,,,,,,,false,,,,,,,,,false,
ELEC,Kia of Bedford,18180 Rockside Road,,Bedford,OH,44146,,888-998-2546,E,,Public,24 hours daily,,,,,,2,,,Blink Network,https://blinkcharging.com,GPS,41.404826,-81.549907,2026-08-19,201881,2026-08-19 00:12:22 UTC,,,,2021-12-01,,,,,J1772,US,,,,Public,,public,,,,,,,,,,Free,,,,,,,,,,false,,,,,,,,,false,
ELEC,COPPUS MOTORS 1 OUTSIDE STATION,2190 W Market St,Customer Parking Area,Tiffin,OH,44883,,888-758-4389,E,,Public,24 hours daily,,,,,,2,,,ChargePoint Network,https://www.chargepoint.com,GPS,41.110036,-83.212403,2026-08-19,201907,2026-08-19 01:55:41 UTC,,,,2021-12-02,,,,,J1772,US,,,,Public,,public,,,,,,,,,,,,,,,,,,,,false,,,,,,,,,false,
ELEC,PLAIN TWP EV PLAINTWPADMIN2,2600 Easton St NE,Side of building,Canton,OH,44721,,888-758-4389,E,,Public,24 hours daily,,,,,,2,,,ChargePoint Network,https://www.chargepoint.com,GPS,40.873201,-81.332556,2026-08-19,201999,2026-08-19 01:55:50 UTC,,,,2021-12-03,,,,,J1772,US,,,,Public,,public,,,,,,,,,,,,,,,,,,,,false,,,,,,,,,false,
ELEC,PLAIN TWP EV PLAINTWPADMIN1,2600 Easton St NE,Side of building,Canton,OH,44721,,888-758-4389,E,,Public,24 hours daily,,,,,,2,,,ChargePoint Network,https://www.chargepoint.com,GPS,40.873146,-81.332535,2026-08-19,202000,2026-08-19 01:55:50 UTC,,,,2021-12-03,,,,,J1772,US,,,,Public,,public,,,,,,,,,,,,,,,,,,,,false,,,,,,,,,false,
ELEC,CITY OF LEBANON STATION #1,125 S Sycamore St,,Lebanon,OH,45036,,888-758-4389,E,,Public,24 hours daily,,,,,,2,,,ChargePoint Network,https://www.chargepoint.com,GPS,39.433275,-84.210856,2026-08-19,202133,2026-08-19 01:53:18 UTC,,,,2021-12-08,,,,,J1772,US,,,,Public,,public,,,,,,,,,,,,,,,,,,,,false,,,,,,,,,false,
ELEC,8044 WEST SIDE,8044 Montgomery Rd,,Cincinnati,OH,45236,,888-758-4389,E,,Public,24 hours daily,,,,,,2,,,ChargePoint Network,https://www.chargepoint.com,GPS,39.201033,-84.371559,2026-08-19,202135,2026-08-19 01:53:58 UTC,,,,2021-12-08,,,,,J1772,US,,,,Public,,public,,,,,,,,,,,,,,,,,,,,false,,,,,,,,,false,
ELEC,8044 EAST SIDE,7865 Hosbrook Rd,STREET ADDRESS IS 8044 MONTGOMERY ROAD CINCINNATI OHIO 45236,Cincinnati,OH,45243,,888-758-4389,E,,Public,24 hours daily,,,,,,2,,,ChargePoint Network,https://www.chargepoint.com,GPS,39.201233,-84.37054,2026-08-19,202136,2026-08-19 01:53:58 UTC,,,,2021-12-08,,,,,J1772,US,,,,Public,,public,,,,,,,,,,,,,,,,,,,,false,,,,,,,,,false,
ELEC,100 WEST SV STATION 1,39 W Franklin St,Behind tattoo shop,Centerville,OH,45459,,888-758-4389,E,,Public,24 hours daily,,,,,,2,,,ChargePoint Network,https://www.chargepoint.com,GPS,39.628654,-84.160267,2026-08-19,202533,2026-08-19 01:55:07 UTC,,,,2021-12-15,,,,,J1772,US,,,,Public,,public,,,,,,,,,,,,,,,,,,,,false,,,,,,,,,false,
ELEC,100 WEST SV STATION 2,39 W Franklin St,Behind tattoo shop,Centerville,OH,45459,,888-758-4389,E,,Public,24 hours daily,,,,,,2,,,ChargePoint Network,https://www.chargepoint.com,GPS,39.628651,-84.160333,2026-08-19,202534,2026-08-19 01:55:07 UTC,,,,2021-12-15,,,,,J1772,US,,,,Public,,public,,,,,,,,,,,,,,,,,,,,false,,,,,,,,,false,
ELEC,FRANKLINWILDCAT CHARGER 1,1 Ben Franklin Way,Parking Lot,Franklin,OH,45005,,888-758-4389,E,,Public,24 hours daily,,,,,,2,,,ChargePoint Network,https://www.chargepoint.com,GPS,39.559696,-84.3033,2026-08-19,202535,2026-08-19 01:55:55 UTC,,,,2021-12-15,,,,,J1772,US,,,,Public,,public,,,,,,,,,,,,,,,,,,,,false,,,,,,,,,false,
ELEC,FRANKLINWILDCAT CHARGER 2,1 Ben Franklin Way,Parking Lot,Franklin,OH,45005,,888-758-4389,E,,Public,24 hours daily,,,,,,2,,,ChargePoint Network,https://www.chargepoint.com,GPS,39.559739,-84.303273,2026-08-19,202536,2026-08-19 01:55:55 UTC,,,,2021-12-15,,,,,J1772,US,,,,Public,,public,,,,,,,,,,,,,,,,,,,,false,,,,,,,,,false,
ELEC,Hyundai of Bedford,18300 Rockside Road,,Bedford,OH,44146,,888-998-2546,E,,Public,24 hours daily,,,,,,4,,,Blink Network,https://blinkcharging.com,GPS,41.4061393,-81.5508475,2026-08-19,202652,2026-08-19 00:43:38 UTC,,,,2021-12-15,,,,,J1772,US,,,,Public,,public,,,,,,,,,,Free,,,,,,,,,,false,,,,,,,,,false,
ELEC,FAIRBORN CITY FAIRBORN EV,1161 E Dayton Yellow Springs Rd,,Fairborn,OH,45324,,888-758-4389,E,,Public,24 hours daily,,,,,,2,,,ChargePoint Network,https://www.chargepoint.com,GPS,39.784766,-83.996364,2026-08-19,202688,2026-08-19 01:55:56 UTC,,,,2021-12-16,,,,,J1772,US,,,,Public,,public,,,,,,,,,,,,,,,,,,,,false,,,,,,,,,false,
ELEC,FAIRBORN CITY FAIRBORN,1161 E Dayton Yellow Springs Rd,,Fairborn,OH,45324,,888-758-4389,E,,Public,24 hours daily,,,,,,2,,,ChargePoint Network,https://www.chargepoint.com,GPS,39.784766,-83.996396,2026-08-19,202689,2026-08-19 01:55:56 UTC,,,,2021-12-16,,,,,J1772,US,,,,Public,,public,,,,,,,,,,,,,,,,,,,,false,,,,,,,,,false,
ELEC,Glenway Crossing Transit Center,5142 Glencrossing Way,,Cincinnati,OH,45238,,888-356-8911,E,,Public,24 hours daily,,,,,,4,,,FLO,https://www.flo.com,GPS,39.1301887,-84.6150212,2026-08-19,202702,2026-08-19 04:03:29 UTC,,,,2021-12-16,,,,,J1772,US,,,,Public,,public,,,,,,,,,,,,,,,,,,,,false,,,,,,,,,false,
ELEC,AKRON FAST CHARGER,1345 E Market St,"Outside the service entrance, west wall of the building",Akron,OH,44305,,888-758-4389,E,,Public,24 hours daily,,,,,,2,,,ChargePoint Network,https://www.chargepoint.com,GPS,41.064248,-81.478629,2026-08-19,202723,2026-08-19 01:52:09 UTC,,,,2021-12-17,,,,,J1772,US,,,,Public,,public,,,,,,,,,,,,,,,,,,,,false,,,,,,,,,false,
ELEC,CITY OF BEDFORD MUNI LOT 2,695 Broadway Ave,,Bedford,OH,44146,,888-758-4389,E,,Public,24 hours daily,,,,,,2,,,ChargePoint Network,https://www.chargepoint.com,GPS,41.391737,-81.534962,2026-08-19,202728,2026-08-19 01:53:28 UTC,,,,2021-12-17,,,,,J1772,US,,,,Public,,public,,,,,,,,,,,,,,,,,,,,false,,,,,,,,,false,
ELEC,CITY OF BEDFORD MUNI LOT 1,695 Broadway Ave,,Bedford,OH,44146,,888-758-4389,E,,Public,24 hours daily,,,,,,2,,,ChargePoint Network,https://www.chargepoint.com,GPS,41.391746,-81.53496,2026-08-19,202729,2026-08-19 01:53:28 UTC,,,,2021-12-17,,,,,J1772,US,,,,Public,,public,,,,,,,,,,,,,,,,,,,,false,,,,,,,,,false,
ELEC,SCP NORTH LOT,720 Mill Park Dr,,Lancaster,OH,43130,,888-758-4389,E,,Public,24 hours daily,,,,,,2,,,ChargePoint Network,https://www.chargepoint.com,GPS,39.724136,-82.670061,2026-08-19,202787,2026-08-19 01:54:47 UTC,,,,2021-12-18,,,,,J1772,US,,,,Public,,public,,,,,,,,,,,,,,,,,,,,false,,,,,,,,,false,
ELEC,SCP SOUTH LOT,720 Mill Park Dr,,Lancaster,OH,43130,,888-758-4389,E,,Public,24 hours daily,,,,,,2,,,ChargePoint Network,https://www.chargepoint.com,GPS,39.724136,-82.670013,2026-08-19,202788,2026-08-19 01:54:47 UTC,,,,2021-12-18,,,,,J1772,US,,,,Public,,public,,,,,,,,,,,,,,,,,,,,false,,,,,,,,,false,
ELEC,THE LAST QUEEN STATION1,210 E Main St,,Enon,OH,45323,,888-758-4389,E,,Public,24 hours daily,,,,,,2,,,ChargePoint Network,https://www.chargepoint.com,GPS,39.879733,-83.934956,2026-08-19,202868,2026-08-19 01:56:45 UTC,,,,2021-12-21,,,,,J1772,US,,,,Public,,public,,,,,,,,,,,,,,,,,,,,false,,,,,,,,,false,
ELEC,WICKLIFFE PNR WICKLIFFE2,29551 Lakeland Blvd,,Wickliffe,OH,44092,,888-758-4389,E,,Public,24 hours daily,,,,,,1,,,ChargePoint Network,https://www.chargepoint.com,GPS,41.614332,-81.478206,2026-08-19,202899,2026-08-19 01:51:48 UTC,,,,2021-12-22,,,,,J1772,US,,,,Public,,public,,,,,,,,,,,,,,,,,,,,false,,,,,,,,,false,
ELEC,CHMUNICIPALLOT EPL NORTH UNIT,555 E 222nd St,,Euclid,OH,44123,,888-758-4389,E,,Public,24 hours daily,,,,,,2,,,ChargePoint Network,https://www.chargepoint.com,GPS,41.599176,-81.525876,2026-08-19,202911,2026-08-19 01:56:39 UTC,,,,2021-12-22,,,,,J1772,US,,,,Public,,public,,,,,,,,,,,,,,,,,,,,false,,,,,,,,,false,
ELEC,CHMUNICIPALLOT EPL SOUTH UNIT,585 E 222nd St,,Euclid,OH,44123,,888-758-4389,E,,Public,24 hours daily,,,,,,2,,,ChargePoint Network,https://www.chargepoint.com,GPS,41.5992,-81.52594,2026-08-19,202912,2026-08-19 01:56:39 UTC,,,,2021-12-22,,,,,J1772,US,,,,Public,,public,,,,,,,,,,,,,,,,,,,,false,,,,,,,,,false,
ELEC,REC CENTER REC CENTER,9940 Springfield Pike,,Cincinnati,OH,45215,,888-758-4389,E,,Public,24 hours daily,,,,,,2,,,ChargePoint Network,https://www.chargepoint.com,GPS,39.245144,-84.469324,2026-08-19,202967,2026-08-19 01:56:48 UTC,,,,2021-12-23,,,,,J1772,US,,,,Public,,public,,,,,,,,,,,,,,,,,,,,false,,,,,,,,,false,
ELEC,100 WEST SV MUNI STATION 1,100 W Spring Valley Pike,,Centerville,OH,45458,,888-758-4389,E,,Public,24 hours daily,,,,,,2,,,ChargePoint Network,https://www.chargepoint.com,GPS,39.612791,-84.162069,2026-08-19,203001,2026-08-19 01:55:08 UTC,,,,2021-12-24,,,,,J1772,US,,,,Public,,public,,,,,,,,,,,,,,,,,,,,false,,,,,,,,,false,
ELEC,"Genoa, OH - Blue Heron Service Plaza - Tesla Supercharger",6164 Creek 165,,Genoa,OH,43430,,877-798-3752,E,,Public,24 hours daily. NACS partner enabled.,A D Debit M V,,,,,,8,,Tesla,https://www.tesla.com/supercharger,GPS,41.490591,-83.36672,2026-06-18,203043,2026-06-18 14:46:21 UTC,P,,,2021-12-23,,,,,TESLA,US,,,,Public,,public,,,REST_STOP,,,,,,,,,,,,,,,,,false,,,,,,,,LD,true,
ELEC,MV PKG GARAGE GARAGE STATION1,40-49 Public Square,,Mount Vernon,OH,43050,,888-758-4389,E,,Public,24 hours daily,,,,,,2,,,ChargePoint Network,https://www.chargepoint.com,GPS,40.394314,-82.484597,2026-08-19,203087,2026-08-19 01:56:49 UTC,,,,2021-12-28,,,,,J1772,US,,,,Public,,public,,,,,,,,,,,,,,,,,,,,false,,,,,,,,,false,
ELEC,"Genoa, OH - Wyandot Service Plaza - Tesla Supercharger",6410 Creek 165,,Genoa,OH,43430,,877-798-3752,E,,Public,24 hours daily. NACS partner enabled.,A D Debit M V,,,,,,8,,Tesla,https://www.tesla.com/supercharger,GPS,41.490081,-83.370486,2026-06-18,203255,2026-06-18 14:46:21 UTC,P,,,2021-12-23,,,,,TESLA,US,,,,Public,,public,,,REST_STOP,,,,,,,,,,,,,,,,,false,,,,,,,,LD,true,
ELEC,"Brooklyn, OH - Tesla Supercharger",10315 Cascade Crossing,,Brooklyn,OH,44144,,877-798-3752,E,,Public,24 hours daily. NACS partner enabled.,A D Debit M V,,,,,,8,,Tesla,https://www.tesla.com/supercharger,GPS,41.422653,-81.758379,2026-06-18,203262,2026-06-18 14:46:21 UTC,P,,,2021-12-23,,,,,TESLA,US,,,,Public,,public,,,GAS_STATION,,,,,,,,,,,,,,,,,false,,,,,,,,LD,true,
ELEC,LAKEWOOD MADISON PARK,13028 Madison Ave,,Lakewood,OH,44107,,888-758-4389,E,,Public,24 hours daily,,,,,,2,,,ChargePoint Network,https://www.chargepoint.com,GPS,41.476678,-81.780047,2026-08-19,204260,2026-08-19 01:57:08 UTC,,,,2022-01-04,,,,,J1772,US,,,,Public,,public,,,,,,,,,,,,,,,,,,,,false,,,,,,,,,false,
ELEC,HUNTINGTON 8220 OH-16,8220 OH-16,,Blacklick,OH,43004,,888-758-4389,E,,Public,24 hours daily,,,,,,1,,,ChargePoint Network,https://www.chargepoint.com,GPS,39.987047,-82.782142,2026-08-19,204307,2026-08-19 01:56:04 UTC,,,,2022-01-05,,,,,J1772,US,,,,Public,,public,,,,,,,,,,,,,,,,,,,,false,,,,,,,,,false,
ELEC,TRIHEALTH GSH2,375 Dixmyth Ave,3rd floor parking garage,Cincinnati,OH,45220,,888-758-4389,E,,Public,24 hours daily,,,,,,2,,,ChargePoint Network,https://www.chargepoint.com,GPS,39.139973,-84.52195,2026-08-19,204450,2026-08-19 01:57:05 UTC,,,,2022-01-07,,,,,J1772,US,,,,Public,,public,,,,,,,,,,,,,,,,,,,,false,,,,,,,,,false,
ELEC,TRIHEALTH GSH,Dixmyth Ave,3rd floor parking garage,Cincinnati,OH,45220,,888-758-4389,E,,Public,24 hours daily,,,,,,2,,,ChargePoint Network,https://www.chargepoint.com,GPS,39.139885,-84.5235,2026-08-19,204451,2026-08-19 01:57:05 UTC,,,,2022-01-07,,,,,J1772,US,,,,Public,,public,,,,,,,,,,,,,,,,,,,,false,,,,,,,,,false,
ELEC,TRIHEALTH BNH,10500 Montgomery Rd,Ground level garage by ED,Montgomery,OH,45242,,888-758-4389,E,,Public,24 hours daily,,,,,,2,,,ChargePoint Network,https://www.chargepoint.com,GPS,39.251984,-84.341896,2026-08-19,204452,2026-08-19 01:57:05 UTC,,,,2022-01-07,,,,,J1772,US,,,,Public,,public,,,,,,,,,,,,,,,,,,,,false,,,,,,,,,false,
ELEC,TRIHEALTH MHMH,110 N Poplar St,Front entrance of hospital,Oxford,OH,45056,,888-758-4389,E,,Public,24 hours daily,,,,,,2,,,ChargePoint Network,https://www.chargepoint.com,GPS,39.51287,-84.741355,2026-08-19,204453,2026-08-19 01:57:11 UTC,,,,2022-01-07,,,,,J1772,US,,,,Public,,public,,,,,,,,,,,,,,,,,,,,false,,,,,,,,,false,
ELEC,TRIHEALTH BBH,3125 Hamilton Mason Rd,Near front entrance of hospital,Hamilton,OH,45011,,888-758-4389,E,,Public,24 hours daily,,,,,,2,,,ChargePoint Network,https://www.chargepoint.com,GPS,39.378802,-84.513163,2026-08-19,204454,2026-08-19 01:57:11 UTC,,,,2022-01-07,,,,,J1772,US,,,,Public,,public,,,,,,,,,,,,,,,,,,,,false,,,,,,,,,false,
ELEC,CITY OF XENIA CITY OF XENIA 2,66 W 2nd St,City of Xenia Public Parking Lot 2,Xenia,OH,45385,,888-758-4389,E,,Public,24 hours daily,,,,,,2,,,ChargePoint Network,https://www.chargepoint.com,GPS,39.68405,-83.930275,2026-08-19,204458,2026-08-19 01:57:12 UTC,,,,2022-01-07,,,,,J1772,US,,,,Public,,public,,,,,,,,,,,,,,,,,,,,false,,,,,,,,,false,
ELEC,CITY OF XENIA CITY OF XENIA 1,66 W 2nd St,City of Xenia Public Parking Lot 2,Xenia,OH,45385,,888-758-4389,E,,Public,24 hours daily,,,,,,2,,,ChargePoint Network,https://www.chargepoint.com,GPS,39.684025,-83.93025,2026-08-19,204459,2026-08-19 01:57:12 UTC,,,,2022-01-07,,,,,J1772,US,,,,Public,,public,,,,,,,,,,,,,,,,,,,,false,,,,,,,,,false,
ELEC,JIM WHITE HONDA FRONT STATION,1505 S Reynolds Rd,,Maumee,OH,43537,,888-758-4389,E,,Public,24 hours daily,,,,,,2,,,ChargePoint Network,https://www.chargepoint.com,GPS,41.585943,-83.666183,2026-08-19,204467,2026-08-19 01:57:16 UTC,,,,2022-01-07,,,,,J1772,US,,,,Public,,public,,,,,,,,,,,,,,,,,,,,false,,,,,,,,,false,
ELEC,Hyatt Place Columbus/Dublin,6161 Parkcenter Circle,,Dublin,OH,43017,,888-998-2546,E,,Public,24 hours daily,,,,,,2,,,Blink Network,https://blinkcharging.com,GPS,40.078257,-83.134309,2026-08-19,204648,2026-08-19 00:04:52 UTC,,,,2022-01-11,,,,,J1772,US,,,,Public,,public,,,,,,,,,,Free,,,,,,,,,,false,,,,,,,,,false,
ELEC,Oregon District Public Parking,225 E 6th St,,Dayton,OH,45402,,888-356-8911,E,,Public,24 hours daily,,,,,,4,,,FLO,https://www.flo.com,GPS,39.7569542,-84.1870363,2026-08-19,204723,2026-08-19 04:03:17 UTC,,,,2022-01-13,,,,,J1772,US,,,,Public,,public,,,,,,,,,,,,,,,,,,,,false,,,,,,,,,false,
ELEC,GERMAIN VW KIA DELIVERY,1455 Auto Mall Dr,,Columbus,OH,43228,,888-758-4389,E,,Public,24 hours daily,,,,,,1,,,ChargePoint Network,https://www.chargepoint.com,GPS,39.923172,-83.125038,2026-08-19,204742,2026-08-19 01:51:06 UTC,,,,2022-01-14,,,,,J1772,US,,,,Public,,public,,,,,,,,,,,,,,,,,,,,false,,,,,,,,,false,
ELEC,LINK 59 LINK 59 BUILDNG,6007 Euclid Ave,,Cleveland,OH,44103,,888-758-4389,E,,Public,24 hours daily,,,,,,2,,,ChargePoint Network,https://www.chargepoint.com,GPS,41.50477,-81.648415,2026-08-19,204753,2026-08-19 01:56:07 UTC,,,,2022-01-14,,,,,J1772,US,,,,Public,,public,,,,,,,,,,,,,,,,,,,,false,,,,,,,,,false,
ELEC,8 N PLAINS RURAL ACTION,8 N Plains Rd,,The Plains,OH,45780,,888-758-4389,E,,Public,Mon: 12:00am-11:59pm; Tue: 12:00am-11:59pm; Wed: 12:00am-11:59pm; Thu: 12:00am-11:59pm; Fri: 12:00am-11:59pm; Sat: 12:00am-11:59pm; Sun: 12:00am-11:59pm,,,,,,2,,,ChargePoint Network,https://www.chargepoint.com,GPS,39.369901,-82.132842,2026-08-19,204780,2026-08-19 01:57:40 UTC,,,,2022-01-14,,,,,J1772,US,,,,Public,,public,,,,,,,,,,,,,,,,,,,,false,,,,,,,,,false,
ELEC,Bob Gillingham Ford,8383 Brookpark Rd,,Parma,OH,44129,,,E,,Private,24 hours daily,A D Debit M V,,,,,1,,,Non-Networked,,GPS,41.4184309541815,-81.7435401428531,2026-07-15,204846,2026-07-15 18:38:56 UTC,P,,,2021-01-10,,,,,J1772,US,,,,Privé,,private,,,CAR_DEALER,,,,,,,,,,,,,,,,,,,,,,,,,LD,false,
ELEC,Fairfield Inn & Suites - New Albany,4976 E Dublin Granville Rd,,Columbus,OH,43081,,614-855-9766,E,,Public - Credit card at all times,24 hours daily; for guest use only,A D Debit M V,,,,,3,,,Non-Networked,,GPS,40.081588014547,-82.8546386439498,2026-07-15,204848,2026-07-15 18:38:56 UTC,P,,,2021-01-10,,,,,J1772,US,,,,Public - Carte de crédit en tout temps,,public,CREDIT_CARD_ALWAYS,,HOTEL,,,,,,,Free,,,,,,,,,,true,,,,,,,,LD,false,
ELEC,Classic Volkswagen,8465 Tyler Blvd,,Mentor,OH,44060,,440-205-6500,E,,Private,24 hours daily; for service use only,A D Debit M V,,,,,1,,,Non-Networked,,GPS,41.6835258786521,-81.3380589079623,2026-07-15,204849,2026-07-15 18:38:56 UTC,P,,,2021-01-11,,,,,J1772,US,,,,Privé,,private,,,CAR_DEALER,,,,,,,,,,,,,,,,,,,,,,,,,LD,false,
ELEC,Roush Ford,5575 Keim Cir,,Columbus,OH,43228,,888-380-0264,E,,Public - Credit card at all times,24 hours daily,A D Debit M V,,,,,1,,,Non-Networked,,GPS,39.9801422194764,-83.1539433814003,2026-07-15,204851,2026-07-15 18:38:56 UTC,P,,,2021-01-12,,,,,J1772,US,,,,Public - Carte de crédit en tout temps,,public,CREDIT_CARD_ALWAYS,,CAR_DEALER,,,,,,,,,,,,,,,,,true,,,,,,,,LD,false,
ELEC,Mark Wahlberg Chevrolet - Worthington,700 E Dublin Granville Rd,,Columbus,OH,43085,,877-331-1628,E,,Public - Credit card at all times,24 hours daily,A D Debit M V,,,,,,1,,Non-Networked,,GPS,40.0888314307183,-83.0005574258841,2026-07-15,204852,2026-07-15 18:38:56 UTC,P,,,2021-01-12,,,,,J1772COMBO,US,,,,Public - Carte de crédit en tout temps,,public,CREDIT_CARD_ALWAYS,,CAR_DEALER,,,,,,,,,,,,,,,,,false,,,,,,,,LD,false,
ELEC,Chesrown Chevrolet Buick GMC,1701 Columbus Pike,,Delaware,OH,43015,,,E,,Private,24 hours daily; for service use only,A D Debit M V,,,,,1,,,Non-Networked,,GPS,40.2677033096872,-83.0696801526792,2026-07-15,204855,2026-07-15 18:38:56 UTC,P,,,2021-01-12,,,,,J1772,US,,,,Privé,,private,,,CAR_DEALER,,,,,,,,,,,,,,,,,,,,,,,,,LD,false,
ELEC,Performance Chrysler Jeep Dodge Ram Delaware,2815 Stratford Rd,,Delaware,OH,43015,,,E,,Private,24 hours daily,A D Debit M V,,,,,1,,,Non-Networked,,GPS,40.257167686499,-83.0631694093738,2026-07-15,204856,2026-07-15 18:38:56 UTC,P,,,2021-01-12,,,,,J1772,US,,,,Privé,,private,,,CAR_DEALER,,,,,,,,,,,,,,,,,,,,,,,,,LD,false,
ELEC,Guernsey County Community Development Corp,905 Wheeling Ave,,Cambridge,OH,43725,,740-439-0020,T,2026-10-15,TEMPORARILY UNAVAILABLE (Public - Credit card at all times),24 hours daily,A D Debit M V,,,,,1,,,Non-Networked,,GPS,40.0249879355125,-81.5879493468141,2026-07-15,204857,2026-07-15 18:38:56 UTC,P,,,2021-01-12,,,,,J1772,US,,,,TEMPORAIREMENT SUSPENDU (Public - Carte de crédit en tout temps),,public,CREDIT_CARD_ALWAYS,,PARKING_LOT,,,,,,,Free,,,,,,,,,,false,,,,,,,,LD,false,
ELEC,Best Western - St. Clairsville Inn & Suites,51654 National Rd E,,St. Clairsville,OH,43950,,740-699-0010,E,,Public - Call ahead,24 hours daily; for guest use only,A D Debit M V,,,,,1,,,Non-Networked,,GPS,40.0714020467037,-80.8566526212388,2026-07-15,204858,2026-07-15 18:38:56 UTC,P,,,2021-01-12,,,,,J1772,US,,,,Public - Appeler à l'avance,,public,CALL,,HOTEL,,,,,,,Free,,,,,,,,,,true,,,,,,,,LD,false,
ELEC,Bakers Motel,8855 E Pike,,Norwich,OH,43767,,740-872-3232,E,,Public - Credit card at all times,8am-9pm daily; for guests use only,A D Debit M V,,,,,1,,,Non-Networked,,GPS,39.9767141792763,-81.8231327051329,2026-07-15,204859,2026-07-15 18:38:56 UTC,P,,,2021-01-12,,,,,J1772,US,,,,Public - Carte de crédit en tout temps,,public,CREDIT_CARD_ALWAYS,,HOTEL,,,,,,,Free,,,,,,,,,,true,,,,,,,,LD,false,
ELEC,Dutro Nissan and Ford,119 S 6th St,,Zanesville,OH,43701,,740-452-6334,E,,Public - Credit card at all times,24 hours daily,A D Debit M V,,,,,2,,,Non-Networked,,GPS,39.937551,-82.005675,2025-08-12,204860,2026-02-02 23:16:24 UTC,P,,,2021-01-12,,,,,J1772,US,,,,Public - Carte de crédit en tout temps,,public,CREDIT_CARD_ALWAYS,,CAR_DEALER,,,,,,,,,,,,,,,,,true,,,,,,,,LD,false,
ELEC,Worthington of Logan Hotel,72 W 2nd St,,Logan,OH,43138,,740-385-1111,E,,Public - Credit card at all times,24 hours daily; for guest use only,A D Debit M V,,,,,2,,,Non-Networked,,GPS,39.5393961306727,-82.4102144885017,2026-07-15,204861,2026-07-15 18:38:56 UTC,P,,,2021-01-12,,,,,J1772,US,,,,Public - Carte de crédit en tout temps,,public,CREDIT_CARD_ALWAYS,,HOTEL,,,,,,,Free,,,,,,,,,,true,,,,,,,,LD,false,
ELEC,Stuart's Opera House - Parking Lot,52 Public Square,,Nelsonville,OH,45764,,740-753-1924,E,,Public - Credit card at all times,24 hours daily,A D Debit M V,,,,,1,,,Non-Networked,,GPS,39.4610534255449,-82.2316589542591,2026-07-15,204862,2026-07-15 18:38:56 UTC,P,,,2021-01-12,,,,,J1772,US,,,,Public - Carte de crédit en tout temps,,public,CREDIT_CARD_ALWAYS,,PARKING_LOT,,,,,,,Free,,,,,,,,,,false,,,,,,,,LD,false,
ELEC,Little Fish Brewing Co,8675 Armitage Rd,,Athens,OH,45701,,740-447-5011,E,,Public,24 hours daily; for customer use only,A D Debit M V,,,,,1,,,Non-Networked,,GPS,39.3331102927962,-82.1296098040024,2026-07-15,204863,2026-07-15 18:38:56 UTC,P,,,2021-01-12,,,,,J1772,US,,,,Public,,public,,,BREWERY_DISTILLERY_WINERY,,,,,,,Free,,,,,,,,,,true,,,,,,,,LD,false,
ELEC,Washington County Public Library,615 5th St,,Marietta,OH,45750,,740-373-1057,E,,Public - Credit card at all times,24 hours daily,A D Debit M V,,,,,1,,,Non-Networked,,GPS,39.4244674058892,-81.4583011584984,2026-07-15,204869,2026-07-15 18:38:56 UTC,P,,,2021-01-12,,,,,J1772,US,,,,Public - Carte de crédit en tout temps,,public,CREDIT_CARD_ALWAYS,,LIBRARY,,,,,,,Free,,,,,,,,,,false,,,,,,,,LD,false,
ELEC,604 MAHONING STATION 3,604 Mahoning Ave,,Youngstown,OH,44502,,888-758-4389,E,,Public,Mon: 12:00am-11:59pm; Tue: 12:00am-11:59pm; Wed: 12:00am-11:59pm; Thu: 12:00am-11:59pm; Fri: 12:00am-11:59pm; Sat: 12:00am-11:59pm; Sun: 12:00am-11:59pm,,,,,,2,,,ChargePoint Network,https://www.chargepoint.com,GPS,41.102274,-80.660973,2026-08-19,204949,2026-08-19 01:57:42 UTC,,,,2022-01-15,,,,,J1772,US,,,,Public,,public,,,,,,,,,,,,,,,,,,,,false,,,,,,,,,false,
ELEC,604 MAHONING STATION 2,604 Mahoning Ave,,Youngstown,OH,44502,,888-758-4389,E,,Public,Mon: 12:00am-11:59pm; Tue: 12:00am-11:59pm; Wed: 12:00am-11:59pm; Thu: 12:00am-11:59pm; Fri: 12:00am-11:59pm; Sat: 12:00am-11:59pm; Sun: 12:00am-11:59pm,,,,,,2,,,ChargePoint Network,https://www.chargepoint.com,GPS,41.102194,-80.659255,2026-08-19,204951,2026-08-19 01:57:43 UTC,,,,2022-01-15,,,,,J1772,US,,,,Public,,public,,,,,,,,,,,,,,,,,,,,false,,,,,,,,,false,
ELEC,604 MAHONING STATION 1,604 Mahoning Ave,,Youngstown,OH,44502,,888-758-4389,E,,Public,Mon: 12:00am-11:59pm; Tue: 12:00am-11:59pm; Wed: 12:00am-11:59pm; Thu: 12:00am-11:59pm; Fri: 12:00am-11:59pm; Sat: 12:00am-11:59pm; Sun: 12:00am-11:59pm,,,,,,2,,,ChargePoint Network,https://www.chargepoint.com,GPS,41.102225,-80.659296,2026-08-19,204952,2026-08-19 01:57:43 UTC,,,,2022-01-15,,,,,J1772,US,,,,Public,,public,,,,,,,,,,,,,,,,,,,,false,,,,,,,,,false,
ELEC,CITYOFGREEN CAB 1,1755 Town Park Blvd,,Uniontown,OH,44685,,888-758-4389,E,,Public,24 hours daily,,,,,,2,,,ChargePoint Network,https://www.chargepoint.com,GPS,40.949637,-81.469983,2026-08-19,204994,2026-08-19 01:53:06 UTC,,,,2022-01-19,,,,,J1772,US,,,,Public,,public,,,,,,,,,,,,,,,,,,,,false,,,,,,,,,false,
ELEC,CITYOFGREEN CAB 2,1755 Town Park Blvd,,Uniontown,OH,44685,,888-758-4389,E,,Public,24 hours daily,,,,,,2,,,ChargePoint Network,https://www.chargepoint.com,GPS,40.949645,-81.469994,2026-08-19,204995,2026-08-19 01:53:09 UTC,,,,2022-01-19,,,,,J1772,US,,,,Public,,public,,,,,,,,,,,,,,,,,,,,false,,,,,,,,,false,
ELEC,LAKEWOOD WEST END GATEWY,18875 Detroit Extension,West side of street,Lakewood,OH,44107,,888-758-4389,E,,Public,24 hours daily,,,,,,2,,,ChargePoint Network,https://www.chargepoint.com,GPS,41.480732,-81.82844,2026-08-19,205005,2026-08-19 01:56:48 UTC,,,,2022-01-19,,,,,J1772,US,,,,Public,,public,,,,,,,,,,,,,,,,,,,,false,,,,,,,,,false,
ELEC,FAIRBORN CITY STATION1,21 N Pleasant Ave,,Fairborn,OH,45324,,888-758-4389,E,,Public,24 hours daily,,,,,,2,,,ChargePoint Network,https://www.chargepoint.com,GPS,39.822235,-84.020342,2026-08-19,205128,2026-08-19 01:57:57 UTC,,,,2022-01-21,,,,,J1772,US,,,,Public,,public,,,,,,,,,,,,,,,,,,,,false,,,,,,,,,false,
ELEC,Valley Ford - Huron,55 Cleveland Rd E,,Huron,OH,44839,,419-433-4404,E,,Public,24 hours daily; for service use only,A D Debit M V,,,,,1,,,Non-Networked,,GPS,41.3908798157284,-82.5558683745673,2026-07-15,205169,2026-07-15 18:38:56 UTC,P,,,2021-01-14,,,,,J1772,US,,,,Public,,public,,,CAR_DEALER,,,,,,,,,,,,,,,,,true,,,,,,,,LD,false,
ELEC,VOSS  BMW CUSTOMER,620 Miamisburg Centerville Rd,,Dayton,OH,45459,,888-758-4389,E,,Public,24 hours daily,,,,,,2,,,ChargePoint Network,https://www.chargepoint.com,GPS,39.627131,-84.174629,2026-08-19,205184,2026-08-19 01:02:16 UTC,,,,2022-01-22,,,,,J1772,US,,,,Public,,public,,,,,,,,,,,,,,,,,,,,false,,,,,,,,,false,
ELEC,WESTERVILLE UPTOWN LOT G 2,64 E Walnut St,Located in the parking lot behind the Library and next to Hanby Park,Westerville,OH,43081,,888-758-4389,E,,Public,24 hours daily,,,,,,2,,,ChargePoint Network,https://www.chargepoint.com,GPS,40.123003,-82.928029,2026-08-19,205207,2026-08-19 01:57:56 UTC,,,,2022-01-22,,,,,J1772,US,,,,Public,,public,,,,,,,,,,,,,,,,,,,,false,,,,,,,,,false,
ELEC,WESTERVILLE UPTOWN LOT G 1,64 E Walnut St,Located in the parking lot behind the Library and next to Hanby Park,Westerville,OH,43081,,888-758-4389,E,,Public,24 hours daily,,,,,,2,,,ChargePoint Network,https://www.chargepoint.com,GPS,40.123067,-82.928022,2026-08-19,205208,2026-08-19 01:57:56 UTC,,,,2022-01-22,,,,,J1772,US,,,,Public,,public,,,,,,,,,,,,,,,,,,,,false,,,,,,,,,false,
ELEC,CCPLWVH1 STATION 1,4415 Northfield Rd,,Warrensville Heights,OH,44128,,888-758-4389,E,,Public,24 hours daily,,,,,,2,,,ChargePoint Network,https://www.chargepoint.com,GPS,41.440444,-81.525671,2026-08-19,205258,2026-08-19 01:57:07 UTC,,,,2022-01-25,,,,,J1772,US,,,,Public,,public,,,,,,,,,,,,,,,,,,,,false,,,,,,,,,false,
ELEC,Palmera Apartments,6965 Palmera Dr,,Mason,OH,45040,,888-356-8911,E,,Public,24 hours daily,,,,,,6,,,FLO,https://www.flo.com,GPS,39.3880705,-84.3413494,2026-08-19,205284,2026-08-19 04:03:59 UTC,,,,2022-01-25,,,,,J1772,US,,,,Public,,public,,,,,,,,,,,,,,,,,,,,false,,,,,,,,,false,
ELEC,TRIHEALTH EVENDALE,3155 Glendale Milford Rd,Near imaging west side of hospital,Cincinnati,OH,45241,,888-758-4389,E,,Public,24 hours daily,,,,,,2,,,ChargePoint Network,https://www.chargepoint.com,GPS,39.251403,-84.421212,2026-08-19,205306,2026-08-19 01:57:08 UTC,,,,2022-01-26,,,,,J1772,US,,,,Public,,public,,,,,,,,,,,,,,,,,,,,false,,,,,,,,,false,
ELEC,YOCTANGEE COC 1,37 E Water St,,Chillicothe,OH,45601,,888-758-4389,E,,Public,24 hours daily,,,,,,,1,,ChargePoint Network,https://www.chargepoint.com,GPS,39.33671,-82.981814,2026-08-19,205311,2026-08-19 01:57:38 UTC,,,,2022-01-26,,,,,CHADEMO J1772COMBO,US,,,,Public,,public,,,,,,,,,,,,,,,,,,,,false,,,,,,,,,false,
ELEC,YOCTANGEE COC 2,37 E Water St Side,,Chillicothe,OH,45601,,888-758-4389,E,,Public,24 hours daily,,,,,,,1,,ChargePoint Network,https://www.chargepoint.com,GPS,39.336702,-82.981825,2026-08-19,205312,2026-08-19 01:57:39 UTC,,,,2022-01-26,,,,,CHADEMO J1772COMBO,US,,,,Public,,public,,,,,,,,,,,,,,,,,,,,false,,,,,,,,,false,
ELEC,BERGER HOSPITAL BERGER 1,702 N Pickaway St,LEFT OF FRONT HOSPITAL ENTRANCE,Circleville,OH,43113,,888-758-4389,E,,Public,24 hours daily,,,,,,2,,,ChargePoint Network,https://www.chargepoint.com,GPS,39.611121,-82.937058,2026-08-19,205322,2026-08-19 01:58:09 UTC,,,,2022-01-26,,,,,J1772,US,,,,Public,,public,,,,,,,,,,,,,,,,,,,,false,,,,,,,,,false,
ELEC,BERGER HOSPITAL BERGER 2,702 N Pickaway St,LEFT OF FRONT ENTRANCE,Circleville,OH,43113,,888-758-4389,E,,Public,24 hours daily,,,,,,2,,,ChargePoint Network,https://www.chargepoint.com,GPS,39.611121,-82.937058,2026-08-19,205323,2026-08-19 01:58:09 UTC,,,,2022-01-26,,,,,J1772,US,,,,Public,,public,,,,,,,,,,,,,,,,,,,,false,,,,,,,,,false,
ELEC,PICKERINGTON EV 3,10503 Blacklick-Eastern Rd NW,,Pickerington,OH,43147,,888-758-4389,E,,Public,24 hours daily,,,,,,,1,,ChargePoint Network,https://www.chargepoint.com,GPS,39.928345,-82.785614,2026-08-19,205457,2026-08-19 01:57:54 UTC,,,,2022-01-28,,,,,CHADEMO J1772COMBO,US,,,,Public,,public,,,,,,,,,,,,,,,,,,,,false,,,,,,,,,false,
ELEC,Springfield Beckley Municipal Airport,1251 W Blee Rd,,Springfield,OH,45502,,937-325-6108,E,,Public - Credit card at all times,24 hours daily,A D Debit M V,,,,,,1,,Non-Networked,,GPS,39.842942087823,-83.8443500402444,2026-07-15,205509,2026-07-15 18:38:56 UTC,P,,,2022-01-24,,,,,CHADEMO J1772COMBO,US,,,,Public - Carte de crédit en tout temps,,public,CREDIT_CARD_ALWAYS,,AIRPORT,,,,,,,,,,,,,,,,,false,,,,,,,,LD,false,
ELEC,LINCOLN POINTE STATION 1,40 Hutchinson Ave,Flat lot,Columbus,OH,43235,,888-758-4389,E,,Public,24 hours daily,,,,,,2,,,ChargePoint Network,https://www.chargepoint.com,GPS,40.114061,-83.013984,2026-08-19,205580,2026-08-19 01:20:26 UTC,,,,2022-01-29,,,,,J1772,US,,,,Public,,public,,,,,,,,,,,,,,,,,,,,false,,,,,,,,,false,
ELEC,SARTA CHARGERS BELDEN VILLAGE,Belden Village Transit Center,,Canton,OH,44718,,888-758-4389,E,,Public,24 hours daily,,,,,,2,,,ChargePoint Network,https://www.chargepoint.com,GPS,40.851055,-81.422637,2026-08-19,205592,2026-08-19 01:52:22 UTC,,,,2022-01-29,,,,,J1772,US,,,,Public,,public,,,,,,,,,,,,,,,,,,,,false,,,,,,,,,false,
ELEC,PORTSMOUTH EVCS STATION1,728 2nd St,,Portsmouth,OH,45662,,888-758-4389,E,,Public,24 hours daily,,,,,,2,,,ChargePoint Network,https://www.chargepoint.com,GPS,38.730523,-82.997387,2026-08-19,205660,2026-08-19 01:58:00 UTC,,,,2022-02-01,,,,,J1772,US,,,,Public,,public,,,,,,,,,,,,,,,,,,,,false,,,,,,,,,false,
ELEC,LAKEWOOD CITY CENTER PRK,14821 Detroit Ave,Near City Center Park,Lakewood,OH,44107,,888-758-4389,E,,Public,24 hours daily,,,,,,2,,,ChargePoint Network,https://www.chargepoint.com,GPS,41.484783,-81.80025,2026-08-19,205698,2026-08-19 01:55:31 UTC,,,,2022-02-02,,,,,J1772,US,,,,Public,,public,,,,,,,,,,,,,,,,,,,,false,,,,,,,,,false,
ELEC,Jim Shorkey Chrysler,4850 Mahoning Ave,,Austintown,OH,44515,,,E,,Private,24 hours daily; for service use only,A D Debit M V,,,,,1,,,Non-Networked,,GPS,41.100968484034,-80.7463545604057,2026-07-15,205825,2026-07-15 18:38:56 UTC,P,,,2022-02-04,,,,,J1772,US,,,,Privé,,private,,,CAR_DEALER,,,,,,,,,,,,,,,,,,,,,,,,,LD,false,
ELEC,PLAIN TWP EV EV STATION VETS,1714 Schneider St NE,,Canton,OH,44721,,888-758-4389,E,,Public,24 hours daily,,,,,,2,,,ChargePoint Network,https://www.chargepoint.com,GPS,40.865086,-81.350136,2026-08-19,206028,2026-08-19 01:58:12 UTC,,,,2022-02-09,,,,,J1772,US,,,,Public,,public,,,,,,,,,,,,,,,,,,,,false,,,,,,,,,false,
ELEC,Saint Rita's Parking Lot,741 W Market St,,Lima,OH,45801,,419-227-3361,E,,Public - Credit card at all times,24 hours daily; for employee use only,A D Debit M V,,,,,4,,,Non-Networked,,GPS,40.7398024128647,-84.1181258979088,2026-07-15,206256,2026-07-15 18:38:56 UTC,P,,,2022-02-10,,,,,J1772,US,,,,Public - Carte de crédit en tout temps,,public,CREDIT_CARD_ALWAYS,,PARKING_LOT,,,,,,,Free,,,,,,,,,,true,,,,,,,,LD,true,
ELEC,Reineke Ford Lincoln,1360 Greely Chapel Rd,South side of building and parking lot,Lima,OH,45804,,419-223-3673,E,,Public - Credit card at all times,24 hours daily,A D Debit M V,,,,,1,,,Non-Networked,,GPS,40.7217068521378,-84.0727255228645,2026-07-15,206257,2026-07-15 18:38:56 UTC,P,,,2022-02-10,,,,,J1772,US,,,,Public - Carte de crédit en tout temps,,public,CREDIT_CARD_ALWAYS,,CAR_DEALER,,,,,,,,,,,,,,,,,true,,,,,,,,LD,false,
ELEC,White's Honda Toyota,3500 Elida Rd,,Lima,OH,45807,,,E,,Private,24 hours daily; for dealership use only,A D Debit M V,,,,,1,,,Non-Networked,,GPS,40.7732058146224,-84.1683091477214,2026-07-15,206258,2026-07-15 18:38:56 UTC,P,,,2022-02-10,,,,,J1772,US,,,,Privé,,private,,,CAR_DEALER,,,,,,,,,,,,,,,,,,,,,,,,,LD,false,
ELEC,Jim Schmidt Chevrolet Buick - Delphos,1725 E 5th St,,Delphos,OH,45833,,419-491-7122,E,,Public - Credit card at all times,24 hours daily,A D Debit M V,,,,,1,,,Non-Networked,,GPS,40.8461902514536,-84.3187143886048,2026-07-15,206259,2026-07-15 18:38:56 UTC,P,,,2022-02-10,,,,,J1772,US,,,,Public - Carte de crédit en tout temps,,public,CREDIT_CARD_ALWAYS,,CAR_DEALER,,,,,,,,,,,,,,,,,true,,,,,,,,LD,false,
ELEC,Statewide Ford Lincoln,1108 W Main St,,Van Wert,OH,45891,,419-238-0125,E,,Public - Credit card at all times,24 hours daily,A D Debit M V,,,,,1,,,Non-Networked,,GPS,40.8730907735221,-84.5992585565986,2026-07-15,206260,2026-07-15 18:38:56 UTC,P,,,2022-02-10,,,,,J1772,US,,,,Public - Carte de crédit en tout temps,,public,CREDIT_CARD_ALWAYS,,CAR_DEALER,,,,,,,Free,,,,,,,,,,true,,,,,,,,LD,false,
ELEC,St. Marys Chrysler Dodge Jeep,500 McKinley Rd,,St. Marys,OH,45885,,,E,,Private,24 hours daily; for service use only,A D Debit M V,,,,,1,,,Non-Networked,,GPS,40.5542143846293,-84.3804217379788,2026-07-15,206261,2026-07-15 18:38:56 UTC,P,,,2022-02-10,,,,,J1772,US,,,,Privé,,private,,,CAR_DEALER,,,,,,,,,,,,,,,,,,,,,,,,,LD,false,
ELEC,"Twinsburg, OH - Tesla Supercharger",2495 East Aurora Road,,Twinsburg,OH,44087,,877-798-3752,E,,Public,24 hours daily. NACS partner enabled.,A D Debit M V,,,,,,7,,Tesla,https://www.tesla.com/supercharger,GPS,41.311888,-81.44956,2026-06-18,206273,2026-06-18 14:46:21 UTC,P,,,2022-02-08,,,,,TESLA,US,,,,Public,,public,,,GAS_STATION,,,,,,,,,,,,,,,,,false,,,,,,,,LD,true,
ELEC,ENGIE @ OSU STATION 1,304 Annie and John Glenn Ave,,Columbus,OH,43210,,888-758-4389,E,,Public,24 hours daily,,,,,,2,,,ChargePoint Network,https://www.chargepoint.com,GPS,40.001174,-83.01669,2026-08-19,206414,2026-08-19 01:15:51 UTC,,,,2022-02-16,,,,,J1772,US,,,,Public,,public,,,,,,,,,,,,,,,,,,,,false,,,,,,,,,false,
ELEC,PRESTON-KIA KIA 1,14624 Rapids Rd,Near front main entrance,Burton,OH,44021,,888-758-4389,E,,Public,24 hours daily,,,,,,2,,,ChargePoint Network,https://www.chargepoint.com,GPS,41.470498,-81.155496,2026-08-19,206475,2026-08-19 01:48:32 UTC,,,,2022-02-17,,,,,J1772,US,,,,Public,,public,,,,,,,,,,,,,,,,,,,,false,,,,,,,,,false,
ELEC,MIDWEST NIEKAMP,6133 Olding Rd,,Saint Henry,OH,45883,,888-758-4389,E,,Public,24 hours daily,,,,,,2,,,ChargePoint Network,https://www.chargepoint.com,GPS,40.421407,-84.571309,2026-08-19,206516,2026-08-19 01:59:24 UTC,,,,2022-02-17,,,,,J1772,US,,,,Public,,public,,,,,,,,,,,,,,,,,,,,false,,,,,,,,,false,
ELEC,Dayton Art Institute,456 Belmonte Park N.,,Dayton,OH,45405,,888-356-8911,E,,Public,24 hours daily,,,,,,4,,,FLO,https://www.flo.com,GPS,39.7664742,-84.202861,2026-08-19,206755,2026-08-19 04:03:54 UTC,,,,2022-02-19,,,,,J1772,US,,,,Public,,public,,,,,,,,,,,,,,,,,,,,false,,,,,,,,,false,
ELEC,COLONY PARK STATION WEST,124 N High St,,Hillsboro,OH,45133,,888-758-4389,T,2026-08-13,TEMPORARILY UNAVAILABLE (Public),24 hours daily,,,,,,,1,,ChargePoint Network,https://www.chargepoint.com,GPS,39.202827,-83.610557,2026-08-19,206967,2026-08-19 01:59:51 UTC,,,,2022-02-24,,,,,CHADEMO J1772COMBO,US,,,,TEMPORAIREMENT SUSPENDU (Public),,public,,,,,,,,,,,,,,,,,,,,false,,,,,,,,,false,
ELEC,COLONY PARK STATION EAST,124 N High St,,Hillsboro,OH,45133,,888-758-4389,E,,Public,24 hours daily,,,,,,,1,,ChargePoint Network,https://www.chargepoint.com,GPS,39.202287,-83.611587,2026-08-19,206968,2026-08-19 01:59:51 UTC,,,,2022-02-24,,,,,CHADEMO J1772COMBO,US,,,,Public,,public,,,,,,,,,,,,,,,,,,,,false,,,,,,,,,false,
ELEC,Savoy Streets of West Chester,9489 Chardon Circle,,West Chester,OH,45069,,888-356-8911,E,,Public,24 hours daily,,,,,,6,,,FLO,https://www.flo.com,GPS,39.316541,-84.4224623,2026-08-19,207132,2026-08-19 04:03:23 UTC,,,,2022-02-25,,,,,J1772,US,,,,Public,,public,,,,,,,,,,,,,,,,,,,,false,,,,,,,,,false,
ELEC,CITY CLUB CIN STATION 1,309 Vine St,Ground floor of parking garage.  Located at the back north west of garage to City Club Apartments.,Cincinnati,OH,45202,,888-758-4389,E,,Public,24 hours daily,,,,,,2,,,ChargePoint Network,https://www.chargepoint.com,GPS,39.098821,-84.512887,2026-08-19,207170,2026-08-19 01:59:25 UTC,,,,2022-02-26,,,,,J1772,US,,,,Public,,public,,,,,,,,,,,,,,,,,,,,false,,,,,,,,,false,
ELEC,CITY CLUB CIN CIN 2,309 Vine St,Ground level of parking garage.  Back north west corner of City Club apartments,Cincinnati,OH,45202,,888-758-4389,E,,Public,24 hours daily,,,,,,2,,,ChargePoint Network,https://www.chargepoint.com,GPS,39.098865,-84.512673,2026-08-19,207171,2026-08-19 01:59:25 UTC,,,,2022-02-26,,,,,J1772,US,,,,Public,,public,,,,,,,,,,,,,,,,,,,,false,,,,,,,,,false,
ELEC,Residence Inn by Marriott,1914 E 101st St,,Cleveland,OH,44106,,216-249-9090,E,,Public - Credit card at all times,24 hours daily; for guest use only,A D Debit M V,,,,,4,,,Non-Networked,,GPS,41.5063182336323,-81.6185653005406,2026-07-15,207283,2026-07-15 18:38:56 UTC,P,,,2022-02-18,,,,,J1772,US,,,,Public - Carte de crédit en tout temps,,public,CREDIT_CARD_ALWAYS,,PARKING_GARAGE,,,,,,,$25 parking fee,,,,,,,,,,true,,,,,,,,LD,false,
ELEC,Serpentini Chevrolet,15303 Royalton Rd,,Strongsville,OH,44136,,440-879-2217,E,,Public,24 hours daily; customer use only,A D Debit M V,,,,,,1,,Non-Networked,,GPS,41.3123880196755,-81.8021776722271,2026-07-15,207557,2026-07-15 18:38:56 UTC,P,,,2022-02-25,,,,,J1772COMBO,US,,,,Public,,public,,,CAR_DEALER,,,,,,,Free,,,,,,,,,,true,,,,,,,,LD,false,
ELEC,Liberty Ford Canton,1423 Tuscarawas St W,located at either side of service center entrance,Canton,OH,44702,,330-456-2781,E,,Public - Credit card at all times,24 hours daily,A D Debit M V,,,,,4,,,Non-Networked,,GPS,40.8010865180868,-81.3887512331686,2026-07-15,207558,2026-07-15 18:38:56 UTC,P,,,2022-02-25,,,,,J1772,US,,,,Public - Carte de crédit en tout temps,,public,CREDIT_CARD_ALWAYS,,CAR_DEALER,,,,,,,Free,,,,,,,,,,true,,,,,,,,LD,false,
ELEC,CAPITAL KIA CAPITAL KIA 1,3445 Morse Rd,,Columbus,OH,43231,,888-758-4389,E,,Public,Mon: 7:00am-8:00pm; Tue: 7:00am-8:00pm; Wed: 7:00am-8:00pm; Thu: 7:00am-8:00pm; Fri: 7:00am-8:00pm; Sat: 7:00am-6:00pm; Sun: 12:00pm-4:00pm,,,,,,2,,,ChargePoint Network,https://www.chargepoint.com,GPS,40.058206,-82.92755,2026-08-19,207604,2026-08-19 01:59:43 UTC,,,,2022-03-04,,,,,J1772,US,,,,Public,,public,,,,,,,,,,,,,,,,,,,,false,,,,,,,,,false,
ELEC,WESTERVILLE SPORTS COM 1,325 N Cleveland Ave,Located at the Westerville Sports Complex in the north side of the parking lot,Westerville,OH,43082,,888-758-4389,E,,Public,24 hours daily,,,,,,2,,,ChargePoint Network,https://www.chargepoint.com,GPS,40.135104,-82.948027,2026-08-19,207618,2026-08-19 02:00:21 UTC,,,,2022-03-04,,,,,J1772,US,,,,Public,,public,,,,,,,,,,,,,,,,,,,,false,,,,,,,,,false,
ELEC,WESTERVILLE SPORTS COM 2,325 N Cleveland Ave,Located at the Westerville Sports Complex in the north side of the parking lot,Westerville,OH,43082,,888-758-4389,E,,Public,24 hours daily,,,,,,2,,,ChargePoint Network,https://www.chargepoint.com,GPS,40.13515,-82.94802,2026-08-19,207619,2026-08-19 02:00:21 UTC,,,,2022-03-04,,,,,J1772,US,,,,Public,,public,,,,,,,,,,,,,,,,,,,,false,,,,,,,,,false,
ELEC,WESTERVILLE COM CENTER 1,350 N Cleveland Ave,Located at the Westerville Community Center near the Cleveland Ave entrance,Westerville,OH,43082,,888-758-4389,E,,Public,24 hours daily,,,,,,2,,,ChargePoint Network,https://www.chargepoint.com,GPS,40.134578,-82.946219,2026-08-19,207620,2026-08-19 02:00:22 UTC,,,,2022-03-04,,,,,J1772,US,,,,Public,,public,,,,,,,,,,,,,,,,,,,,false,,,,,,,,,false,
ELEC,WESTERVILLE COM CENTER 2,350 N Cleveland Ave,Located at the Westerville Community Center near the Cleveland Ave entrance,Westerville,OH,43082,,888-758-4389,E,,Public,24 hours daily,,,,,,2,,,ChargePoint Network,https://www.chargepoint.com,GPS,40.134647,-82.946256,2026-08-19,207621,2026-08-19 02:00:22 UTC,,,,2022-03-04,,,,,J1772,US,,,,Public,,public,,,,,,,,,,,,,,,,,,,,false,,,,,,,,,false,
ELEC,COTA G.C. P&R UNIT 2,2321 Old Stringtown Rd,,Grove City,OH,43123,,888-758-4389,E,,Public,24 hours daily,,,,,,2,,,ChargePoint Network,https://www.chargepoint.com,GPS,39.878627,-83.064706,2026-08-19,207671,2026-08-19 02:00:20 UTC,,,,2022-03-05,,,,,J1772,US,,,,Public,,public,,,,,,,,,,,,,,,,,,,,false,,,,,,,,,false,
ELEC,COTA G.C. P&R UNIT 3,2321 Old Stringtown Rd,,Grove City,OH,43123,,888-758-4389,T,2026-07-31,TEMPORARILY UNAVAILABLE (Public),24 hours daily,,,,,,2,,,ChargePoint Network,https://www.chargepoint.com,GPS,39.87865,-83.06428,2026-08-19,207672,2026-08-19 02:00:20 UTC,,,,2022-03-05,,,,,J1772,US,,,,TEMPORAIREMENT SUSPENDU (Public),,public,,,,,,,,,,,,,,,,,,,,false,,,,,,,,,false,
ELEC,COTA G.C. P&R UNIT 1,2321 Old Stringtown Rd,One spot is side loading handicap spot,Grove City,OH,43123,,888-758-4389,E,,Public,24 hours daily,,,,,,2,,,ChargePoint Network,https://www.chargepoint.com,GPS,39.878625,-83.06472,2026-08-19,207673,2026-08-19 02:00:21 UTC,,,,2022-03-05,,,,,J1772,US,,,,Public,,public,,,,,,,,,,,,,,,,,,,,false,,,,,,,,,false,
ELEC,KIDS EV PARKING EXCHANGE DECK 3,348 Locust St,2nd Floor (ground level) South wall near Locust St. entrance.,Akron,OH,44307,,888-758-4389,E,,Public,24 hours daily,,,,,,2,,,ChargePoint Network,https://www.chargepoint.com,GPS,41.078154,-81.527352,2026-08-19,207886,2026-08-19 01:55:52 UTC,,,,2022-03-10,,,,,J1772,US,,,,Public,,public,,,,,,,,,,,,,,,,,,,,false,,,,,,,,,false,
ELEC,KIDS EV PARKING EXCHANGE DECK 4,348 Locust St,2nd Floor (ground level) South wall near Locust St. entrance.,Akron,OH,44307,,888-758-4389,E,,Public,24 hours daily,,,,,,2,,,ChargePoint Network,https://www.chargepoint.com,GPS,41.078114,-81.527342,2026-08-19,207887,2026-08-19 01:55:53 UTC,,,,2022-03-10,,,,,J1772,US,,,,Public,,public,,,,,,,,,,,,,,,,,,,,false,,,,,,,,,false,
ELEC,BEECHMONT TWRS PUBLIC CHARGER,27621 Chagrin Blvd,Near entrance to Beechmont Towers Apartments,Woodmere,OH,44122,,888-758-4389,E,,Public,24 hours daily,,,,,,2,,,ChargePoint Network,https://www.chargepoint.com,GPS,41.462475,-81.48372,2026-08-19,207954,2026-08-19 02:01:03 UTC,,,,2022-03-11,,,,,J1772,US,,,,Public,,public,,,,,,,,,,,,,,,,,,,,false,,,,,,,,,false,
ELEC,SOUTH WIND SWM STATION 1,919 S High St,,Columbus,OH,43206,,888-758-4389,E,,Public,24 hours daily,,,,,,2,,,ChargePoint Network,https://www.chargepoint.com,GPS,39.943294,-82.997464,2026-08-19,211846,2026-08-19 02:01:05 UTC,,,,2022-03-17,,,,,J1772,US,,,,Public,,public,,,,,,,,,,,,,,,,,,,,false,,,,,,,,,false,
ELEC,SOUTH WIND SWM STATION 2,919 S High St,,Columbus,OH,43206,,888-758-4389,E,,Public,24 hours daily,,,,,,2,,,ChargePoint Network,https://www.chargepoint.com,GPS,39.943304,-82.997359,2026-08-19,211856,2026-08-19 02:01:18 UTC,,,,2022-03-17,,,,,J1772,US,,,,Public,,public,,,,,,,,,,,,,,,,,,,,false,,,,,,,,,false,
ELEC,TAPPAN MARINA TAPPAN MARINA,33315 Cadiz-Dennison Rd,-station located near building entrance,Scio,OH,43988,,888-758-4389,E,,Public,24 hours daily,,,,,,2,,,ChargePoint Network,https://www.chargepoint.com,GPS,40.339872,-81.197449,2026-08-19,212132,2026-08-19 01:59:56 UTC,,,,2022-03-22,,,,,J1772,US,,,,Public,,public,,,,,,,,,,,,,,,,,,,,false,,,,,,,,,false,
ELEC,Cincinnati Zoo Expansion,35 Louis Ave.,,Cincinnati,OH,45220,,888-356-8911,E,,Public,24 hours daily,,,,,,20,,,FLO,https://www.flo.com,GPS,39.1411428,-84.5076929,2026-08-19,212150,2026-08-19 04:03:42 UTC,,,,2022-03-22,,,,,J1772,US,,,,Public,,public,,,,,,,,,,,,,,,,,,,,false,,,,,,,,,false,
ELEC,AAA Tire and Auto Service Perrysburg,25740 N Dixie Highway,,Perrysburg,OH,43551,,888-998-2546,E,,Public,24 hours daily,,,,,,2,,,Blink Network,https://blinkcharging.com,GPS,41.525058,-83.636253,2026-08-19,212659,2026-08-19 00:40:56 UTC,,,,2022-01-24,,,,,J1772,US,,,,Public,,public,,,,,,,,,,Free,,,,,,,,,,false,,,,,,,,,false,
ELEC,AAA Tire and Auto Service Beavercreek,3321 Dayton-Xenia Road,,Beavercreek,OH,45432,,888-998-2546,E,,Public,24 hours daily,,,,,,2,,,Blink Network,https://blinkcharging.com,GPS,39.728205,-84.058679,2026-08-19,212660,2026-08-19 00:40:56 UTC,,,,2022-02-28,,,,,J1772,US,,,,Public,,public,,,,,,,,,,Free,,,,,,,,,,false,,,,,,,,,false,
ELEC,AAA Tire and Auto Service Sylvania,3201 Meijer Drive,,Toledo,OH,43617,,888-998-2546,E,,Public,24 hours daily,,,,,,2,,,Blink Network,https://blinkcharging.com,GPS,41.67573203,-83.71584408,2026-08-19,212664,2026-08-19 00:40:56 UTC,,,,2022-02-02,,,,,J1772,US,,,,Public,,public,,,,,,,,,,Free,,,,,,,,,,false,,,,,,,,,false,
ELEC,AAA Tire and Auto Service Troy,4 South Stanfield Road,,Troy,OH,45373,,888-998-2546,E,,Public,24 hours daily,,,,,,2,,,Blink Network,https://blinkcharging.com,GPS,40.054693,-84.241086,2026-08-19,212665,2026-08-19 00:40:56 UTC,,,,2022-02-24,,,,,J1772,US,,,,Public,,public,,,,,,,,,,Free,,,,,,,,,,false,,,,,,,,,false,
ELEC,SOUTH EUCLID QUARRY PARK,711 S Belvoir Blvd,,South Euclid,OH,44121,,888-758-4389,E,,Public,24 hours daily,,,,,,2,,,ChargePoint Network,https://www.chargepoint.com,GPS,41.53788,-81.53339,2026-08-19,213017,2026-08-19 02:01:49 UTC,,,,2022-03-29,,,,,J1772,US,,,,Public,,public,,,,,,,,,,,,,,,,,,,,false,,,,,,,,,false,
ELEC,MCNA MCNA HOSPITAL 2,7333 Smith Mills Road,Near East entrance,New Albany,OH,43054,,888-758-4389,E,,Public,24 hours daily,,,,,,2,,,ChargePoint Network,https://www.chargepoint.com,GPS,40.086109,-82.789506,2026-08-19,213460,2026-08-19 01:46:24 UTC,,,,2022-04-06,,,,,J1772,US,,,,Public,,public,,,,,,,,,,,,,,,,,,,,false,,,,,,,,,false,
ELEC,KETTERING REC CENTER 1,2900 Glengarry Dr,,Kettering,OH,45420,,888-758-4389,E,,Public,24 hours daily,,,,,,2,,,ChargePoint Network,https://www.chargepoint.com,GPS,39.694319,-84.114013,2026-08-19,213479,2026-08-19 02:01:34 UTC,,,,2022-04-06,,,,,J1772,US,,,,Public,,public,,,,,,,,,,,,,,,,,,,,false,,,,,,,,,false,
ELEC,KETTERING REC CENTER 2,2900 Glengarry Dr,,Kettering,OH,45420,,888-758-4389,E,,Public,24 hours daily,,,,,,2,,,ChargePoint Network,https://www.chargepoint.com,GPS,39.69439,-84.113976,2026-08-19,213481,2026-08-19 02:01:34 UTC,,,,2022-04-06,,,,,J1772,US,,,,Public,,public,,,,,,,,,,,,,,,,,,,,false,,,,,,,,,false,
ELEC,CHURCH+STATE CS GW 1,1436 church and stateway,Parking garage first floor on Church Avenue. The sign says Public Parking,Cleveland,OH,44113,,888-758-4389,E,,Public,24 hours daily,,,,,,2,,,ChargePoint Network,https://www.chargepoint.com,GPS,41.489883,-81.710265,2026-08-19,213588,2026-08-19 01:57:40 UTC,,,,2022-04-08,,,,,J1772,US,,,,Public,,public,,,,,,,,,,,,,,,,,,,,false,,,,,,,,,false,
ELEC,UU Church of Kent Hobbs Hall,217 North Mantua Street,,Kent,OH,44240,,888-998-2546,E,,Public,24 hours daily,,,,,,1,,,Blink Network,https://blinkcharging.com,GPS,41.1556299,-81.3612378,2026-08-19,213665,2026-08-19 00:53:12 UTC,,,,2020-12-03,,,,,J1772,US,,,,Public,,public,,,,,,,,,,$0.00-$2.00/Hr Variable Parking Fee,,,,,,,,,,false,,,,,,,,,false,
ELEC,OFFICE-LMRE 201 SPENCER,201 N Main St,,Spencer,OH,44275,,888-758-4389,E,,Public,24 hours daily,,,,,,2,,,ChargePoint Network,https://www.chargepoint.com,GPS,41.101026,-82.123382,2026-08-19,213776,2026-08-19 02:01:53 UTC,,,,2022-04-09,,,,,J1772,US,,,,Public,,public,,,,,,,,,,,,,,,,,,,,false,,,,,,,,,false,
ELEC,CITY OF CHARDON WATER ST CT4K 2,106 Water St,Located in the City if Chardon Municipal Parking Lot,Chardon,OH,44024,,888-758-4389,E,,Public,24 hours daily,,,,,,2,,,ChargePoint Network,https://www.chargepoint.com,GPS,41.581587,-81.204608,2026-08-19,213824,2026-08-19 01:52:54 UTC,,,,2022-04-12,,,,,J1772,US,,,,Public,,public,,,,,,,,,,,,,,,,,,,,false,,,,,,,,,false,
ELEC,KIDS EV PARKING EXCHANGE DECK 1,348 Locust St,On Level 2 (ground floor) South Wall near Locust St. entrance.,Akron,OH,44307,,888-758-4389,E,,Public,24 hours daily,,,,,,2,,,ChargePoint Network,https://www.chargepoint.com,GPS,41.078085,-81.527406,2026-08-19,213828,2026-08-19 01:55:53 UTC,,,,2022-04-12,,,,,J1772,US,,,,Public,,public,,,,,,,,,,,,,,,,,,,,false,,,,,,,,,false,
ELEC,KIDS EV PARKING EXCHANGE DECK 2,348 Locust St,2nd Floor (ground level) South wall near Locust St. entrance.,Akron,OH,44307,,888-758-4389,E,,Public,24 hours daily,,,,,,2,,,ChargePoint Network,https://www.chargepoint.com,GPS,41.078138,-81.527299,2026-08-19,213829,2026-08-19 01:55:53 UTC,,,,2022-04-12,,,,,J1772,US,,,,Public,,public,,,,,,,,,,,,,,,,,,,,false,,,,,,,,,false,
ELEC,CITY OF CHARDON CHARDON #1,106 Water St,,Chardon,OH,44024,,888-758-4389,E,,Public,24 hours daily,,,,,,2,,,ChargePoint Network,https://www.chargepoint.com,GPS,41.581635,-81.204665,2026-08-19,213879,2026-08-19 01:52:54 UTC,,,,2022-04-13,,,,,J1772,US,,,,Public,,public,,,,,,,,,,,,,,,,,,,,false,,,,,,,,,false,
ELEC,CORNERSTONE STATION2,4030 Smith Rd,Located on p3 level to the right of elevators,Cincinnati,OH,45209,,888-758-4389,E,,Public,24 hours daily,,,,,,2,,,ChargePoint Network,https://www.chargepoint.com,GPS,39.152009,-84.444756,2026-08-19,213967,2026-08-19 02:01:20 UTC,,,,2022-04-14,,,,,J1772,US,,,,Public,,public,,,,,,,,,,,,,,,,,,,,false,,,,,,,,,false,
ELEC,CORNERSTONE STATION1,4000 Smith Rd,Located on p1 to the right of the elevators near the designated smoking area,Cincinnati,OH,45209,,888-758-4389,E,,Public,24 hours daily,,,,,,2,,,ChargePoint Network,https://www.chargepoint.com,GPS,39.150999,-84.44573,2026-08-19,213968,2026-08-19 02:01:21 UTC,,,,2022-04-14,,,,,J1772,US,,,,Public,,public,,,,,,,,,,,,,,,,,,,,false,,,,,,,,,false,
ELEC,ROOKWOOD TOWER STATION3,3805 Edwards Rd,Located on pl level near the rookwood commons foot path,Cincinnati,OH,45208,,888-758-4389,E,,Public,24 hours daily,,,,,,2,,,ChargePoint Network,https://www.chargepoint.com,GPS,39.148315,-84.443932,2026-08-19,213969,2026-08-19 02:01:21 UTC,,,,2022-04-14,,,,,J1772,US,,,,Public,,public,,,,,,,,,,,,,,,,,,,,false,,,,,,,,,false,
ELEC,DUBLIN FLEET DARBY LOT #1,Darby lot 1,,Dublin,OH,43017,,888-758-4389,T,2026-08-19,TEMPORARILY UNAVAILABLE (Public),24 hours daily,,,,,,,1,,ChargePoint Network,https://www.chargepoint.com,GPS,40.100136,-83.115442,2026-08-19,213979,2026-08-19 02:02:24 UTC,,,,2022-04-14,,,,,CHADEMO J1772COMBO,US,,,,TEMPORAIREMENT SUSPENDU (Public),,public,,,,,,,,,,,,,,,,,,,,false,,,,,,,,,false,
ELEC,DUBLIN FLEET DARBY LOT #2,Darby lot 2,,Dublin,OH,43017,,888-758-4389,E,,Public,24 hours daily,,,,,,,1,,ChargePoint Network,https://www.chargepoint.com,GPS,40.100169,-83.11545,2026-08-19,213980,2026-08-19 02:02:24 UTC,,,,2022-04-14,,,,,CHADEMO J1772COMBO,US,,,,Public,,public,,,,,,,,,,,,,,,,,,,,false,,,,,,,,,false,
ELEC,CITY STATION 1,28 E Columbus St,,Nelsonville,OH,45764,,888-758-4389,E,,Public,24 hours daily,,,,,,,1,,ChargePoint Network,https://www.chargepoint.com,GPS,39.460007,-82.231485,2026-08-19,214209,2026-08-19 02:00:02 UTC,,,,2022-04-16,,,,,CHADEMO J1772COMBO,US,,,,Public,,public,,,,,,,,,,,,,,,,,,,,false,,,,,,,,,false,
ELEC,CITY STATION 2,28 E Columbus St,,Nelsonville,OH,45764,,888-758-4389,E,,Public,24 hours daily,,,,,,,1,,ChargePoint Network,https://www.chargepoint.com,GPS,39.459997,-82.23158,2026-08-19,214210,2026-08-19 02:00:02 UTC,,,,2022-04-16,,,,,CHADEMO J1772COMBO,US,,,,Public,,public,,,,,,,,,,,,,,,,,,,,false,,,,,,,,,false,
ELEC,DONWOODAUTO HYUNDAI 1,810 E State St,Station is in front of the dealership,Athens,OH,45701,,888-758-4389,E,,Public,24 hours daily,,,,,,,1,,ChargePoint Network,https://www.chargepoint.com,GPS,39.337561,-82.073242,2026-08-19,214308,2026-08-19 02:02:08 UTC,,,,2022-04-20,,,,,CHADEMO J1772COMBO,US,,,,Public,,public,,,,,,,,,,,,,,,,,,,,false,,,,,,,,,false,
ELEC,DONWOODAUTO HYUNDAI 2,810 E State St,Station is in front of the dealership,Athens,OH,45701,,888-758-4389,E,,Public,24 hours daily,,,,,,,1,,ChargePoint Network,https://www.chargepoint.com,GPS,39.337545,-82.073212,2026-08-19,214309,2026-08-19 02:02:09 UTC,,,,2022-04-20,,,,,J1772COMBO TESLA,US,,,,Public,,public,,,,,,,,,,,,,,,,,,,,false,,,,,,,,,false,
ELEC,WYLER HYUNDAI #1 SERVICE BLDG,238 W Mitchell Ave,Service Building,Cincinnati,OH,45232,,888-758-4389,E,,Public,24 hours daily,,,,,,,1,,ChargePoint Network,https://www.chargepoint.com,GPS,39.165671,-84.510361,2026-08-19,214346,2026-08-19 02:01:47 UTC,,,,2022-04-21,,,,,CHADEMO J1772COMBO,US,,,,Public,,public,,,,,,,,,,,,,,,,,,,,false,,,,,,,,,false,
ELEC,CLOUD BRANDT STATION,4707 Brandt Pike,,Huber Heights,OH,45424,,888-758-4389,E,,Public,24 hours daily,,,,,,2,,,ChargePoint Network,https://www.chargepoint.com,GPS,39.822368,-84.12576,2026-08-19,214349,2026-08-19 02:02:01 UTC,,,,2022-04-21,,,,,J1772,US,,,,Public,,public,,,,,,,,,,,,,,,,,,,,false,,,,,,,,,false,
ELEC,COCFLEETMAGMT 1654,1185 E Broad St,,Columbus,OH,43205,,888-758-4389,E,,Public,24 hours daily,,,,,,1,,,ChargePoint Network,https://www.chargepoint.com,GPS,39.965483,-82.969111,2026-08-19,214883,2026-08-19 02:01:12 UTC,,,,2022-04-22,,,,,J1772,US,,,,Public,,public,,,,,,,,,,,,,,,,,,,,false,,,,,,,,,false,
ELEC,COCFLEETMAGMT 1581,1185 E Broad St,,Columbus,OH,43205,,888-758-4389,E,,Public,24 hours daily,,,,,,1,,,ChargePoint Network,https://www.chargepoint.com,GPS,39.965491,-82.969132,2026-08-19,214884,2026-08-19 02:01:12 UTC,,,,2022-04-22,,,,,J1772,US,,,,Public,,public,,,,,,,,,,,,,,,,,,,,false,,,,,,,,,false,
ELEC,KEMBA CU STATION1,5600 Chappell crossing Blvd,Near the back entrance,West Chester,OH,45069,,888-758-4389,E,,Public,24 hours daily,,,,,,2,,,ChargePoint Network,https://www.chargepoint.com,GPS,39.335648,-84.43876,2026-08-19,214976,2026-08-19 01:51:57 UTC,,,,2022-04-26,,,,,J1772,US,,,,Public,,public,,,,,,,,,,,,,,,,,,,,false,,,,,,,,,false,
ELEC,KEMBA CU STATION2,5600 Chappell crossing Blvd,To the left of front doors,West chester,OH,45069,,888-758-4389,E,,Public,24 hours daily,,,,,,2,,,ChargePoint Network,https://www.chargepoint.com,GPS,39.33533,-84.43822,2026-08-19,214977,2026-08-19 01:51:58 UTC,,,,2022-04-26,,,,,J1772,US,,,,Public,,public,,,,,,,,,,,,,,,,,,,,false,,,,,,,,,false,
ELEC,NEW ALBANY HINSON AMP,170 Granville St,Front of New Albany Middle School,New Albany,OH,43054,,888-758-4389,E,,Public,24 hours daily,,,,,,2,,,ChargePoint Network,https://www.chargepoint.com,GPS,40.083762,-82.812538,2026-08-19,214996,2026-08-19 02:02:46 UTC,,,,2022-04-26,,,,,J1772,US,,,,Public,,public,,,,,,,,,,,,,,,,,,,,false,,,,,,,,,false,
ELEC,City of Cheviot Public Parking Lot,3719 Harrison Avenue,,Cheviot,OH,45211,,888-998-2546,E,,Public,24 hours daily,,,,,,2,,,Blink Network,https://blinkcharging.com,GPS,39.156231,-84.612213,2026-08-19,215009,2026-08-19 00:06:14 UTC,,,,2022-04-26,,,,,J1772,US,,,,Public,,public,,,,,,,,,,Free,,,,,,,,,,false,,,,,,,,,false,
ELEC,CCPLBAY STATION1,400 Bryson Ln,,Bay Village,OH,44140,,888-758-4389,E,,Public,24 hours daily,,,,,,2,,,ChargePoint Network,https://www.chargepoint.com,GPS,41.48597,-81.92297,2026-08-19,215082,2026-08-19 02:02:32 UTC,,,,2022-04-28,,,,,J1772,US,,,,Public,,public,,,,,,,,,,,,,,,,,,,,false,,,,,,,,,false,
ELEC,CCPLBAY STATION 2,400 Bryson Ln,,Bay Village,OH,44140,,888-758-4389,E,,Public,24 hours daily,,,,,,2,,,ChargePoint Network,https://www.chargepoint.com,GPS,41.486014,-81.922963,2026-08-19,215083,2026-08-19 02:02:32 UTC,,,,2022-04-28,,,,,J1772,US,,,,Public,,public,,,,,,,,,,,,,,,,,,,,false,,,,,,,,,false,
ELEC,Harbourt Hall Parking Lot,625 Loop Rd,,Kent,OH,44243,,330-672-4432,E,,Public - Credit card at all times,24 hours daily,D M V,,,,,1,,,Non-Networked,,GPS,41.1470055856274,-81.3353784686084,2026-07-15,216266,2026-07-15 18:38:56 UTC,P,,,2022-04-25,,,,,J1772,US,,,,Public - Carte de crédit en tout temps,,public,CREDIT_CARD_ALWAYS,,PARKING_LOT,,,,,,,$0.50 per hour,,,,,,,,,,false,,,,,,,,LD,false,
ELEC,Reineke Ford,1303 Perrysburg Rd,,Fostoria,OH,44830,,419-435-7741,E,,Public - Credit card at all times,Business hours; primarily for dealership use only,A D Debit M V,,,,,1,,,Non-Networked,,GPS,41.1751807341358,-83.4253472416771,2026-07-15,216267,2026-07-15 18:38:56 UTC,P,,,2022-04-25,,,,,J1772,US,,,,Public - Carte de crédit en tout temps,,public,CREDIT_CARD_ALWAYS,,CAR_DEALER,,,,,,,,,,,,,,,,,true,,,,,,,,LD,false,
ELEC,YMCA EV YMCA1,11409 State Rd,,North Royalton,OH,44133,,888-758-4389,E,,Public,24 hours daily,,,,,,2,,,ChargePoint Network,https://www.chargepoint.com,GPS,41.329519,-81.721645,2026-08-19,216479,2026-08-19 01:55:24 UTC,,,,2022-05-03,,,,,J1772,US,,,,Public,,public,,,,,,,,,,,,,,,,,,,,false,,,,,,,,,false,
ELEC,CLEVELAND FLEET DOUGLASS REC,15401 Miles Ave,Frederick Douglass Recreation Center,Cleveland,OH,44128,,888-758-4389,E,,Public,24 hours daily,,,,,,2,,,ChargePoint Network,https://www.chargepoint.com,GPS,41.443016,-81.572952,2026-08-19,216490,2026-08-19 02:01:33 UTC,,,,2022-05-03,,,,,J1772,US,,,,Public,,public,,,,,,,,,,,,,,,,,,,,false,,,,,,,,,false,
ELEC,CE CHARGEPOINT CE STATION 1,1601 Magnolia Rd SW,In Marina parking lot,Dellroy,OH,44620,,888-758-4389,E,,Public,24 hours daily,,,,,,2,,,ChargePoint Network,https://www.chargepoint.com,GPS,40.559513,-81.22046,2026-08-19,216495,2026-08-19 02:02:46 UTC,,,,2022-05-03,,,,,J1772,US,,,,Public,,public,,,,,,,,,,,,,,,,,,,,false,,,,,,,,,false,
ELEC,GEORGETOWNVINE GEORGETOWN 01,62920 Georgetown Rd,,Cambridge,OH,43725,,888-758-4389,E,,Public,24 hours daily,,,,,,2,,,ChargePoint Network,https://www.chargepoint.com,GPS,40.0135,-81.593677,2026-08-19,216497,2026-08-19 02:02:57 UTC,,,,2022-05-03,,,,,J1772,US,,,,Public,,public,,,,,,,,,,,,,,,,,,,,false,,,,,,,,,false,
ELEC,Westside Family Dental,18611 Detroit Ave,,Lakewood,OH,44107,,216-221-2210,E,,Public - Credit card at all times,24 hours daily,A D Debit M V,,,,,2,,,Non-Networked,,GPS,41.4811120369748,-81.827372577943,2026-07-15,217043,2026-07-15 18:38:56 UTC,P,,,2022-05-02,,,,,J1772,US,,,,Public - Carte de crédit en tout temps,,public,CREDIT_CARD_ALWAYS,,PARKING_LOT,,,,,,,,,,,,,,,,,false,,,,,,,,LD,false,
ELEC,Axelrod Buick GMC,6603 Brookpark Rd,,Parma,OH,44129,,,E,,Private,9am-8pm daily,,,,,,,1,,EV Connect,https://www.evconnect.com,GPS,41.4181893495063,-81.7297738871863,2022-06-14,217110,2023-02-14 15:54:11 UTC,P,,,2022-05-04,,,,,J1772COMBO,US,,,,Privé,,private,,,CAR_DEALER,,,,,,,,,,,,,,,,,,,,,,,,,LD,false,
ELEC,Cincinnati Museum Center,1301 Western Avenue,,Cincinnati,OH,45203,,888-356-8911,E,,Public,24 hours daily,,,,,,8,,,FLO,https://www.flo.com,GPS,39.1093833,-84.5350364,2026-08-19,217337,2026-08-19 04:03:22 UTC,,,,2022-05-11,,,,,J1772,US,,,,Public,,public,,,,,,,,,,,,,,,,,,,,false,,,,,,,,,false,
ELEC,MUO CHESTNUT-EAST,101 W Chestnut St,Located in the Chestnut Fields Parking Lot on the South side of the lot.,Oxford,OH,45056,,888-758-4389,E,,Public,24 hours daily,,,,,,2,,,ChargePoint Network,https://www.chargepoint.com,GPS,39.499052,-84.744749,2026-08-19,217384,2026-08-19 02:03:10 UTC,,,,2022-05-12,,,,,J1772,US,,,,Public,,public,,,,,,,,,,,,,,,,,,,,false,,,,,,,,,false,
ELEC,MUO DITMER-WEST,4945 Oxford Trenton Rd,Located in the Ditmer Parking lot off or SR73. Turn into lot and take the second drive on the Left.,Oxford,OH,45056,,888-758-4389,E,,Public,24 hours daily,,,,,,2,,,ChargePoint Network,https://www.chargepoint.com,GPS,39.50697,-84.720243,2026-08-19,217385,2026-08-19 02:03:10 UTC,,,,2022-05-12,,,,,J1772,US,,,,Public,,public,,,,,,,,,,,,,,,,,,,,false,,,,,,,,,false,
ELEC,MUO DITMER-EAST,4945 Oxford Trenton Rd,Located in the Ditmer Parking lot off or SR73. Turn into lot and take the second drive on the Left.,Oxford,OH,45056,,888-758-4389,E,,Public,24 hours daily,,,,,,2,,,ChargePoint Network,https://www.chargepoint.com,GPS,39.506962,-84.720156,2026-08-19,217386,2026-08-19 02:03:10 UTC,,,,2022-05-12,,,,,J1772,US,,,,Public,,public,,,,,,,,,,,,,,,,,,,,false,,,,,,,,,false,
ELEC,MUO MARCUM CONF CTR,951 E Withrow St.,Located in the Marcum Conference Center North Parking lot.,Oxford,OH,45056,,888-758-4389,E,,Public,24 hours daily,,,,,,2,,,ChargePoint Network,https://www.chargepoint.com,GPS,39.513681,-84.727809,2026-08-19,217387,2026-08-19 02:03:11 UTC,,,,2022-05-12,,,,,J1772,US,,,,Public,,public,,,,,,,,,,,,,,,,,,,,false,,,,,,,,,false,
ELEC,MUO MILLETT-WEST,Weeb Ewbank Way,Located in the Millett West Lot just past the RV Parking lot. Turn West off of Weeb Ewbank Way into main parking lot at first main drive.,Oxford,OH,45056,,888-758-4389,E,,Public,24 hours daily,,,,,,2,,,ChargePoint Network,https://www.chargepoint.com,GPS,39.516437,-84.736509,2026-08-19,217388,2026-08-19 02:03:11 UTC,,,,2022-05-12,,,,,J1772,US,,,,Public,,public,,,,,,,,,,,,,,,,,,,,false,,,,,,,,,false,
ELEC,MUO MILLETT-EAST,Weeb Ewbank Way,Located in the Millett West Lot just past the RV Parking lot. Turn West off of Weeb Ewbank Way into main parking lot at first main drive.,Oxford,OH,45056,,888-758-4389,E,,Public,24 hours daily,,,,,,2,,,ChargePoint Network,https://www.chargepoint.com,GPS,39.516438,-84.736431,2026-08-19,217389,2026-08-19 02:03:12 UTC,,,,2022-05-12,,,,,J1772,US,,,,Public,,public,,,,,,,,,,,,,,,,,,,,false,,,,,,,,,false,
ELEC,MUO CHESTNUT-WEST,101 W Chestnut St,Located in the Chestnut Fields Parking Lot on the South side of the lot.,Oxford,OH,45056,,888-758-4389,E,,Public,24 hours daily,,,,,,2,,,ChargePoint Network,https://www.chargepoint.com,GPS,39.499054,-84.744812,2026-08-19,217390,2026-08-19 02:03:17 UTC,,,,2022-05-12,,,,,J1772,US,,,,Public,,public,,,,,,,,,,,,,,,,,,,,false,,,,,,,,,false,
ELEC,University Hospitals,9318 OH-14,,Streetsboro,OH,44241,,888-998-2546,E,,Public,24 hours daily,,,,,,2,,,Blink Network,https://blinkcharging.com,GPS,41.240739,-81.348251,2026-08-19,217420,2026-08-19 00:06:10 UTC,,,,2022-05-12,,,,,J1772,US,,,,Public,,public,,,,,,,,,,Free,,,,,,,,,,false,,,,,,,,,false,
ELEC,Home2 Suites by Hilton Stow,4097 Bridgewater Pkwy,,Stow,OH,44224,,330-835-6400,E,,Public - Credit card at all times,24 hours daily; for guest use only,A D Debit M V,,,,,1,,,Non-Networked,,GPS,41.1787060580446,-81.4803581245971,2026-07-15,217980,2026-07-15 18:38:56 UTC,P,,,2022-05-09,,,,,J1772,US,,,,Public - Carte de crédit en tout temps,,public,CREDIT_CARD_ALWAYS,,HOTEL,,,,,,,Free,,,,,,,,,,true,,,,,,,,LD,false,
ELEC,CHARGEMEAGAIN!! STATION1,1435 Cleveland Ave NW,Next to Volkswagen service door,Canton,OH,44703,,888-758-4389,E,,Public,24 hours daily,,,,,,1,,,ChargePoint Network,https://www.chargepoint.com,GPS,40.813557,-81.379376,2026-08-19,218143,2026-08-19 01:59:20 UTC,,,,2022-05-14,,,,,J1772,US,,,,Public,,public,,,,,,,,,,,,,,,,,,,,false,,,,,,,,,false,
ELEC,Al Spitzer Ford,3737 State Rd,One charger located outside; one is inside,Cuyahoga Falls,OH,44223,,330-929-1904,E,,Public,Dealership business hours,,,,,,1,,,Non-Networked,,200-9,41.171588,-81.508325,2025-07-03,218188,2026-02-02 23:16:24 UTC,P,,,2013-04-01,,,,,J1772,US,,,,Public,,public,,,CAR_DEALER,,,,,,,Free,,,,,,,,,NONE,true,,,,,,,,LD,false,
ELEC,AAA Tire and Service Western Hills,6320 Glenway Ave,,Cincinnati,OH,45211,,888-998-2546,E,,Public,24 hours daily,,,,,,2,,,Blink Network,https://blinkcharging.com,GPS,39.155069,-84.626129,2026-08-19,218427,2026-08-19 00:43:49 UTC,,,,2021-10-29,,,,,J1772,US,,,,Public,,public,,,,,,,,,,Free,,,,,,,,,,false,,,,,,,,,false,
ELEC,"Meijer #224 (Cincinnati, OH)",3195 Geier Drive,,Cincinnati,OH,45209,,833-632-2778,E,,Public,24 hours daily,,,,,,,6,,Electrify America,https://www.electrifyamerica.com,GPS,39.16256,-84.42672,2026-08-19,218992,2026-08-19 03:34:12 UTC,,,,2022-05-21,,,,,J1772COMBO,US,,,,Public,,public,,,,,,,,,,,,,,,,,,,,false,,,,,,,,,false,
ELEC,ONU PHARMACY,511 W Lincoln Ave,In front of ONU Healthwise Pharmacy,Ada,OH,45810,,888-758-4389,E,,Public,24 hours daily,,,,,,2,,,ChargePoint Network,https://www.chargepoint.com,GPS,40.768495,-83.828428,2026-08-19,219475,2026-08-19 02:03:52 UTC,,,,2022-05-24,,,,,J1772,US,,,,Public,,public,,,,,,,,,,,,,,,,,,,,false,,,,,,,,,false,
ELEC,ONU INN,401 W College Ave,In the South lot of The Inn,Ada,OH,45810,,888-758-4389,E,,Public,24 hours daily,,,,,,2,,,ChargePoint Network,https://www.chargepoint.com,GPS,40.764683,-83.826793,2026-08-19,219476,2026-08-19 02:03:53 UTC,,,,2022-05-24,,,,,J1772,US,,,,Public,,public,,,,,,,,,,,,,,,,,,,,false,,,,,,,,,false,
ELEC,JPM CHASE STATION 5,3415 Vision Dr,,Columbus,OH,43219,,888-758-4389,E,,Public,Mon: 12:00am-11:59pm; Tue: 12:00am-11:59pm; Wed: 12:00am-11:59pm; Thu: 12:00am-11:59pm; Fri: 12:00am-11:59pm; Sat: 12:00am-11:59pm; Sun: 12:00am-11:59pm,,,,,,2,,,ChargePoint Network,https://www.chargepoint.com,GPS,40.140935,-82.996183,2026-08-19,219754,2026-08-19 01:25:26 UTC,,,,2022-05-25,,,,,J1772,US,,,,Public,,public,,,,,,,,,,,,,,,,,,,,false,,,,,,,,,false,
ELEC,HAMILTON OHIO 123 MAIN ST,125 Main St,City Parking Lot,Ross,OH,45013,,888-758-4389,E,,Public,24 hours daily,,,,,,2,,,ChargePoint Network,https://www.chargepoint.com,GPS,39.4026,-84.567838,2026-08-19,219772,2026-08-19 02:01:37 UTC,,,,2022-05-25,,,,,J1772,US,,,,Public,,public,,,,,,,,,,,,,,,,,,,,false,,,,,,,,,false,
ELEC,HAMILTON OHIO 218 S 3RD ST,218 S 3rd St,City Parking Lot,Hamilton,OH,45011,,888-758-4389,E,,Public,24 hours daily,,,,,,2,,,ChargePoint Network,https://www.chargepoint.com,GPS,39.397481,-84.561062,2026-08-19,219773,2026-08-19 02:01:37 UTC,,,,2022-05-25,,,,,J1772,US,,,,Public,,public,,,,,,,,,,,,,,,,,,,,false,,,,,,,,,false,
ELEC,HAMILTON OHIO 790 N. 3RD ST.,790 N 3rd St,City Parking Lot,Hamilton,OH,45011,,888-758-4389,E,,Public,24 hours daily,,,,,,2,,,ChargePoint Network,https://www.chargepoint.com,GPS,39.407774,-84.554573,2026-08-19,219774,2026-08-19 02:01:37 UTC,,,,2022-05-25,,,,,J1772,US,,,,Public,,public,,,,,,,,,,,,,,,,,,,,false,,,,,,,,,false,
ELEC,COUGHLIN KIA DC FAST 2,5342 Columbus Pike,Customer Parking area,Lewis Center,OH,43035,,888-758-4389,E,,Public,24 hours daily,,,,,,,1,,ChargePoint Network,https://www.chargepoint.com,GPS,40.219157,-83.034361,2026-08-19,219867,2026-08-19 02:01:55 UTC,,,,2022-05-26,,,,,CHADEMO J1772COMBO,US,,,,Public,,public,,,,,,,,,,,,,,,,,,,,false,,,,,,,,,false,
ELEC,"Girard, OH - Tesla Supercharger",420 South State Street,,Girard,OH,44420,,877-798-3752,E,,Public,24 hours daily. NACS partner enabled.,A D Debit M V,,,,,,8,,Tesla,https://www.tesla.com/supercharger,GPS,41.149384,-80.700672,2026-06-18,220196,2026-06-18 14:46:21 UTC,P,,,2022-05-20,,,,,TESLA,US,,,,Public,,public,,,GAS_STATION,,,,,,,,,,,,,,,,,false,,,,,,,,LD,true,
ELEC,ORCHARD DR ORCHARD LOT,22 Orchard Dr,Municipal Parking Lot,Dayton,OH,45419,,888-758-4389,E,,Public,24 hours daily,,,,,,2,,,ChargePoint Network,https://www.chargepoint.com,GPS,39.708475,-84.169863,2026-08-19,220430,2026-08-19 02:03:28 UTC,,,,2022-06-02,,,,,J1772,US,,,,Public,,public,,,,,,,,,,,,,,,,,,,,false,,,,,,,,,false,
ELEC,Rivian Cleveland,9601 Granger Rd,,Cleveland,OH,44125,,888-748-4261,E,,Public - Credit card at all times,24 hours daily; for service use only,A D Debit M V,,,,,3,,,Non-Networked,,GPS,41.417742667314,-81.6176167990897,2024-09-12,220676,2026-07-10 16:30:32 UTC,P,,,2022-05-27,,,,,J1772,US,,,,Public - Carte de crédit en tout temps,,public,CREDIT_CARD_ALWAYS,,PARKING_LOT,,,,,,,,,,,,,,,,,true,,,,,,,,LD,false,
ELEC,Atwood Lake Boats -Marina West - Tesla Destination,9298  Atwood Lake Rd. NE,,Mineral City,OH,44656,,877-798-3752,E,,Public,,A D Debit M V,,,,,1,,,Tesla Destination,https://www.tesla.com/destination-charging,GPS,40.53603,-81.27442,2024-07-01,220714,2025-02-12 00:16:32 UTC,P,,,2022-03-25,,,,,TESLA,US,,,,Public,,public,,,PARKING_LOT,,,,,,,,,,,,,,,,,false,,,,,,,,LD,false,
ELEC,OMLPS FINANCE OFFICE,69 S Main St,In the parking lot behind the finance office,Oberlin,OH,44074,,888-758-4389,E,,Public,24 hours daily,,,,,,2,,,ChargePoint Network,https://www.chargepoint.com,GPS,41.289787,-82.217174,2026-08-19,220783,2026-08-19 02:04:10 UTC,,,,2022-06-04,,,,,J1772,US,,,,Public,,public,,,,,,,,,,,,,,,,,,,,false,,,,,,,,,false,
ELEC,Volkswagen - Streetsboro,855 Classic Dr,,Streetsboro,OH,44241,,330-342-7000,E,,Private,24 hours daily; for service use only,A D Debit M V,,,,,1,1,,Non-Networked,,GPS,41.2474754618894,-81.3646808783526,2026-07-15,221076,2026-07-15 18:38:56 UTC,P,,,2022-06-03,,,,,J1772 J1772COMBO,US,,,,Privé,,private,,,CAR_DEALER,,,,,,,,,,,,,,,,,,,,,,,,,LD,false,
ELEC,The Van Aken District Parking Garage,3401 Tuttle Rd,,Shaker Heights,OH,44122,,833-692-6787,E,,Public - Credit card at all times,24 hours daily,A D Debit M V,,,,,2,,,AMPUP,https://ampup.io,GPS,41.4670608326585,-81.5368633950863,2022-06-14,221118,2026-08-05 18:21:35 UTC,P,,,2022-06-06,,,,,J1772,US,,,,Public - Carte de crédit en tout temps,,public,CREDIT_CARD_ALWAYS,,PARKING_GARAGE,,,,,,,,,,,,,,,,,false,,,,,,,,LD,false,
ELEC,EVANS CARES EVANS CARES,314 E Main St (Route 61 East),Free bottle of water when business is open & restroom; Geo-Cache,Norwalk,OH,44857,,888-758-4389,E,,Public,24 hours daily,,,,,,2,,,ChargePoint Network,https://www.chargepoint.com,GPS,41.25366,-82.590645,2026-08-19,221148,2026-08-19 02:04:23 UTC,,,,2022-06-10,,,,,J1772,US,,,,Public,,public,,,,,,,,,,,,,,,,,,,,false,,,,,,,,,false,
ELEC,COUGHLIN KIA DC FAST 1,5342 Columbus Pike,,Lewis Center,OH,43035,,888-758-4389,E,,Public,24 hours daily,,,,,,,1,,ChargePoint Network,https://www.chargepoint.com,GPS,40.219149,-83.03383,2026-08-19,221600,2026-08-19 02:01:55 UTC,,,,2022-06-22,,,,,CHADEMO J1772COMBO,US,,,,Public,,public,,,,,,,,,,,,,,,,,,,,false,,,,,,,,,false,
ELEC,Audi Bedford,19400 Rockside Rd,,Bedford,OH,44146,,440-306-3376,E,,Public - Credit card at all times,24 hours daily,A D Debit M V,,,,,2,,,Non-Networked,,GPS,41.4087242378918,-81.5427563096889,2024-08-15,221773,2026-07-08 19:13:52 UTC,P,,,2022-06-10,,,,,J1772,US,,,,Public - Carte de crédit en tout temps,,public,CREDIT_CARD_ALWAYS,,CAR_DEALER,,,,,,,,,,,,,,,,,true,,,,,,,,LD,false,
ELEC,The Public Library of Youngstown & Mahoning County,305 Wick Ave,,Youngstown,OH,44503,,330-744-8636,E,,Public - Credit card at all times,"9am-5pm, daily",A D Debit M V,,,,,2,,,Non-Networked,,GPS,41.1024767813806,-80.6456016380262,2026-07-15,221778,2026-07-15 18:38:56 UTC,P,,,2022-06-16,,,,,J1772,US,,,,Public - Carte de crédit en tout temps,,public,CREDIT_CARD_ALWAYS,,LIBRARY,,,,,,,Free,,,,,,,,,,false,,,,,,,,LD,false,
ELEC,West Town St Charging,424 W Town St,,Columbus,OH,43215,,844-565-1295,E,,Public,24 hours daily,ACCOUNT_BALANCE CREDIT,,,,,4,2,,EV Connect,https://www.evconnect.com,200-9,39.957623,-83.011446,2024-12-10,221944,2025-02-12 00:16:32 UTC,LG,,,2022-04-13,,,,,CHADEMO J1772 J1772COMBO,US,,,,Public,,public,,,PARKING_LOT,,,,,,,DC: $0.32 per kWh while charging + $12 per hour idle fee; L2: $0.28 per kWh + $2 per hour idle fee,,,,,,,,,,false,,,,,,,,LD,false,
ELEC,UTOLEDO MC PLANT OPS 1,2925 E Rocket Dr,Near northeast corner of Plant Operations building,Toledo,OH,43606,,888-758-4389,E,,Public,24 hours daily,,,,,,2,,,ChargePoint Network,https://www.chargepoint.com,GPS,41.653998,-83.612504,2026-08-19,221998,2026-08-19 02:04:49 UTC,,,,2022-06-25,,,,,J1772,US,,,,Public,,public,,,,,,,,,,,,,,,,,,,,false,,,,,,,,,false,
ELEC,E Long St Parking Lot,295 E Long St,,Columbus,OH,43215,,201-347-7794,E,,Public - Credit card at all times,24 hours daily,ACCOUNT_BALANCE APPLE_PAY CREDIT Debit,,,,,4,2,,EV Connect,https://www.evconnect.com,200-9,39.965565,-82.993209,2024-12-10,222018,2025-02-12 00:16:32 UTC,LG,,,2022-05-06,,,,,CHADEMO J1772 J1772COMBO,US,,,,Public - Carte de crédit en tout temps,,public,CREDIT_CARD_ALWAYS,,PARKING_LOT,,,,,,,DC: $0.32 per kWh while charging + $12 per hour idle fee; L2: $0.28 per kWh + $2 per hour idle fee,,,,,,,,,,false,,,,,,,,LD,false,
ELEC,W Poplar Ave Parking,48 W Poplar Ave,,Columbus,OH,43215,,201-347-7794,E,,Public,24 hours daily,ACCOUNT_BALANCE CREDIT,,,,,4,1,,Non-Networked,,GPS,39.974488,-83.004333,2025-07-03,222019,2026-02-02 23:16:24 UTC,LG,,,2022-05-06,,,,,CHADEMO J1772 J1772COMBO,US,,,,Public,,public,,,PARKING_LOT,,,,,,,,,,,,,,,,,false,,,,,,,,LD,false,
ELEC,ELMORE ELMORE CHARGER,307 Maple St,Municipal Lot Next To Ory Park,Elmore,OH,43416,,888-758-4389,E,,Public,24 hours daily,,,,,,2,,,ChargePoint Network,https://www.chargepoint.com,GPS,41.4746,-83.29604,2026-08-19,222123,2026-08-19 02:04:34 UTC,,,,2022-06-29,,,,,J1772,US,,,,Public,,public,,,,,,,,,,,,,,,,,,,,false,,,,,,,,,false,
ELEC,The Jacqueline Apartments -Franklin,1296 Franklin Ave,,Columbus,OH,43205,,888-998-2546,T,2026-08-19,TEMPORARILY UNAVAILABLE (Public),24 hours daily,,,,,,1,,,Blink Network,https://blinkcharging.com,GPS,39.963054,-82.965282,2026-08-19,222445,2026-08-19 00:15:23 UTC,,,,2022-07-01,,,,,J1772,US,,,,TEMPORAIREMENT SUSPENDU (Public),,public,,,,,,,,,,Free,,,,,,,,,,false,,,,,,,,,false,
ELEC,CMH AIRPORT EV GARAGEEV#1,4600 International Gateway,Garage Level 1,Columbus,OH,43219,,888-758-4389,E,,Public,24 hours daily,,,,,,2,,,ChargePoint Network,https://www.chargepoint.com,GPS,39.997928,-82.887453,2026-08-19,222461,2026-08-19 02:02:55 UTC,,,,2022-07-02,,,,,J1772,US,,,,Public,,public,,,,,,,,,,,,,,,,,,,,false,,,,,,,,,false,
ELEC,CMH AIRPORT EV GARAGEEV#2,4600 International Gateway,Garage Level 1,Columbus,OH,43219,,888-758-4389,T,2026-04-01,TEMPORARILY UNAVAILABLE (Public),24 hours daily,,,,,,2,,,ChargePoint Network,https://www.chargepoint.com,GPS,39.997934,-82.887479,2026-08-19,222462,2026-08-19 02:02:56 UTC,,,,2022-07-02,,,,,J1772,US,,,,TEMPORAIREMENT SUSPENDU (Public),,public,,,,,,,,,,,,,,,,,,,,false,,,,,,,,,false,
ELEC,CMH AIRPORT EV GARAGEEV#3,4600 International Gateway,,Columbus,OH,43219,,888-758-4389,E,,Public,24 hours daily,,,,,,2,,,ChargePoint Network,https://www.chargepoint.com,GPS,39.997975,-82.887576,2026-08-19,222463,2026-08-19 02:02:57 UTC,,,,2022-07-02,,,,,J1772,US,,,,Public,,public,,,,,,,,,,,,,,,,,,,,false,,,,,,,,,false,
ELEC,CMH AIRPORT EV GARAGEEV#4,4600 International Gateway,Garage Level 1,Columbus,OH,43219,,888-758-4389,E,,Public,24 hours daily,,,,,,2,,,ChargePoint Network,https://www.chargepoint.com,GPS,39.997992,-82.887597,2026-08-19,222464,2026-08-19 02:02:58 UTC,,,,2022-07-02,,,,,J1772,US,,,,Public,,public,,,,,,,,,,,,,,,,,,,,false,,,,,,,,,false,
ELEC,CMH AIRPORT EV GARAGEEV#5,4600 International Gateway,Garage Level 1,Columbus,OH,43219,,888-758-4389,E,,Public,24 hours daily,,,,,,2,,,ChargePoint Network,https://www.chargepoint.com,GPS,39.998066,-82.887404,2026-08-19,222465,2026-08-19 02:02:58 UTC,,,,2022-07-02,,,,,J1772,US,,,,Public,,public,,,,,,,,,,,,,,,,,,,,false,,,,,,,,,false,
ELEC,CMH AIRPORT EV GARAGEEV#6,4600 International Gateway,Garage Level 1,Columbus,OH,43219,,888-758-4389,E,,Public,24 hours daily,,,,,,2,,,ChargePoint Network,https://www.chargepoint.com,GPS,39.998108,-82.887514,2026-08-19,222466,2026-08-19 02:02:58 UTC,,,,2022-07-02,,,,,J1772,US,,,,Public,,public,,,,,,,,,,,,,,,,,,,,false,,,,,,,,,false,
ELEC,CMH AIRPORT EV GARAGEEV#7,4600 International Gateway,Garage Level 1,Columbus,OH,43219,,888-758-4389,E,,Public,24 hours daily,,,,,,2,,,ChargePoint Network,https://www.chargepoint.com,GPS,39.998133,-82.88746,2026-08-19,222467,2026-08-19 02:02:58 UTC,,,,2022-07-02,,,,,J1772,US,,,,Public,,public,,,,,,,,,,,,,,,,,,,,false,,,,,,,,,false,
ELEC,CMH AIRPORT EV GARAGEEV#8,4600 International Gateway,Garage Level 1,Columbus,OH,43219,,888-758-4389,E,,Public,24 hours daily,,,,,,2,,,ChargePoint Network,https://www.chargepoint.com,GPS,39.998238,-82.887394,2026-08-19,222468,2026-08-19 02:02:58 UTC,,,,2022-07-02,,,,,J1772,US,,,,Public,,public,,,,,,,,,,,,,,,,,,,,false,,,,,,,,,false,
ELEC,CMH AIRPORT EV GARAGEEV#9,4600 International Gateway,Garage Level 1,Columbus,OH,43219,,888-758-4389,E,,Public,24 hours daily,,,,,,2,,,ChargePoint Network,https://www.chargepoint.com,GPS,39.998312,-82.887394,2026-08-19,222469,2026-08-19 02:03:03 UTC,,,,2022-07-02,,,,,J1772,US,,,,Public,,public,,,,,,,,,,,,,,,,,,,,false,,,,,,,,,false,
ELEC,CMH AIRPORT EV GARAGEEV#10,4600 International Gateway,Garage Level 1,Columbus,OH,43219,,888-758-4389,E,,Public,24 hours daily,,,,,,2,,,ChargePoint Network,https://www.chargepoint.com,GPS,39.998304,-82.887436,2026-08-19,222470,2026-08-19 02:03:03 UTC,,,,2022-07-02,,,,,J1772,US,,,,Public,,public,,,,,,,,,,,,,,,,,,,,false,,,,,,,,,false,
ELEC,STARLINGSTREET N01,370 W State St,South end of North garage ground level,Columbus,OH,43215,,888-758-4389,E,,Public,24 hours daily,,,,,,2,,,ChargePoint Network,https://www.chargepoint.com,GPS,39.959109,-83.010499,2026-08-19,222557,2026-08-19 02:04:44 UTC,,,,2022-07-07,,,,,J1772,US,,,,Public,,public,,,,,,,,,,,,,,,,,,,,false,,,,,,,,,false,
ELEC,STARLINGSTREET N02,370 W State St,North garage south end level 2,Columbus,OH,43215,,888-758-4389,E,,Public,24 hours daily,,,,,,2,,,ChargePoint Network,https://www.chargepoint.com,GPS,39.959129,-83.010138,2026-08-19,222558,2026-08-19 02:04:45 UTC,,,,2022-07-07,,,,,J1772,US,,,,Public,,public,,,,,,,,,,,,,,,,,,,,false,,,,,,,,,false,
ELEC,STARLING SOUTH S01,375 W State St,South garage east end level 1,Columbus,OH,43215,,888-758-4389,E,,Public,24 hours daily,,,,,,2,,,ChargePoint Network,https://www.chargepoint.com,GPS,39.9586,-83.010201,2026-08-19,223550,2026-08-19 02:04:45 UTC,,,,2022-07-16,,,,,J1772,US,,,,Public,,public,,,,,,,,,,,,,,,,,,,,false,,,,,,,,,false,
ELEC,STARLING SOUTH S02,375 W State St,South garage east end level 2,Columbus,OH,43215,,888-758-4389,E,,Public,24 hours daily,,,,,,2,,,ChargePoint Network,https://www.chargepoint.com,GPS,39.958873,-83.010211,2026-08-19,223551,2026-08-19 02:04:45 UTC,,,,2022-07-16,,,,,J1772,US,,,,Public,,public,,,,,,,,,,,,,,,,,,,,false,,,,,,,,,false,
ELEC,STARLINGSTREET N03,370 W State St,North garage south end level 3,Columbus,OH,43215,,888-758-4389,E,,Public,24 hours daily,,,,,,2,,,ChargePoint Network,https://www.chargepoint.com,GPS,39.95908,-83.010152,2026-08-19,223552,2026-08-19 02:04:45 UTC,,,,2022-07-16,,,,,J1772,US,,,,Public,,public,,,,,,,,,,,,,,,,,,,,false,,,,,,,,,false,
ELEC,STARLINGSTREET N04,370 W State St,North garage South east end level 3,Columbus,OH,43215,,888-758-4389,E,,Public,24 hours daily,,,,,,2,,,ChargePoint Network,https://www.chargepoint.com,GPS,39.959072,-83.010177,2026-08-19,223553,2026-08-19 02:04:45 UTC,,,,2022-07-16,,,,,J1772,US,,,,Public,,public,,,,,,,,,,,,,,,,,,,,false,,,,,,,,,false,
ELEC,STARLINGSTREET N05,370 W State St,North garage south west end level 4,Columbus,OH,43215,,888-758-4389,E,,Public,24 hours daily,,,,,,2,,,ChargePoint Network,https://www.chargepoint.com,GPS,39.959097,-83.010292,2026-08-19,223554,2026-08-19 02:04:46 UTC,,,,2022-07-16,,,,,J1772,US,,,,Public,,public,,,,,,,,,,,,,,,,,,,,false,,,,,,,,,false,
ELEC,STARLINGSTREET N06,370 W State St,North garage south end level 5,Columbus,OH,43215,,888-758-4389,E,,Public,24 hours daily,,,,,,2,,,ChargePoint Network,https://www.chargepoint.com,GPS,39.95907,-83.010329,2026-08-19,223555,2026-08-19 02:04:46 UTC,,,,2022-07-16,,,,,J1772,US,,,,Public,,public,,,,,,,,,,,,,,,,,,,,false,,,,,,,,,false,
ELEC,STARLINGSTREET N07,370 W State St,North garage east end level 5,Columbus,OH,43215,,888-758-4389,E,,Public,24 hours daily,,,,,,2,,,ChargePoint Network,https://www.chargepoint.com,GPS,39.959086,-83.010553,2026-08-19,223556,2026-08-19 02:04:46 UTC,,,,2022-07-16,,,,,J1772,US,,,,Public,,public,,,,,,,,,,,,,,,,,,,,false,,,,,,,,,false,
ELEC,Washington Court House,136 S Main St,,Washington Court House,OH,43160,,740-636-2340,E,,Public,24 hours daily,,,,,,4,,,Non-Networked,,200-9,39.535438,-83.438905,2026-07-15,223684,2026-07-15 18:38:56 UTC,P,,,2022-05-26,,,,,J1772,US,,,,Public,,public,,,PARKING_LOT,,,,,,,Free,,,,,,,,,,false,,,,,,,,LD,false,
ELEC,COMMISSIONERS COMMISSIONER EV,124 N 5th St,,Coshocton,OH,43812,,888-758-4389,E,,Public,24 hours daily,,,,,,2,,,ChargePoint Network,https://www.chargepoint.com,GPS,40.2742,-81.863621,2026-08-19,223828,2026-08-19 02:05:27 UTC,,,,2022-07-21,,,,,J1772,US,,,,Public,,public,,,,,,,,,,,,,,,,,,,,false,,,,,,,,,false,
ELEC,YALCARS Auto Park,152 Continental Dr,,Salem,OH,44460,,330-330-8141,E,,Public - Credit card at all times,24 hours daily,A D Debit M V,,,,,1,,,Non-Networked,,GPS,40.9019623876525,-80.825184837049,2026-07-15,224133,2026-07-15 18:38:56 UTC,P,,,2022-07-18,,,,,J1772,US,,,,Public - Carte de crédit en tout temps,,public,CREDIT_CARD_ALWAYS,,CAR_DEALER,,,,,,,,,,,,,,,,,true,,,,,,,,LD,false,
ELEC,Civic Garden Center,2715 Reading Road,,Cincinnati,OH,45206,,888-356-8911,E,,Public,24 hours daily,,,,,,2,,,FLO,https://www.flo.com,GPS,39.1300821,-84.4984722,2026-08-19,224417,2026-08-19 04:03:29 UTC,,,,2022-07-26,,,,,J1772,US,,,,Public,,public,,,,,,,,,,,,,,,,,,,,false,,,,,,,,,false,
ELEC,THE LINCOLN STATION 1,2410 Scranton Rd,Back surface lot,Cleveland,OH,44113,,888-758-4389,E,,Public,24 hours daily,,,,,,2,,,ChargePoint Network,https://www.chargepoint.com,GPS,41.479267,-81.694885,2026-08-19,224458,2026-08-19 02:04:53 UTC,,,,2022-07-27,,,,,J1772,US,,,,Public,,public,,,,,,,,,,,,,,,,,,,,false,,,,,,,,,false,
ELEC,THE LINCOLN STATION 2,2410 Scranton Rd,Main surface lot,Cleveland,OH,44113,,888-758-4389,E,,Public,24 hours daily,,,,,,2,,,ChargePoint Network,https://www.chargepoint.com,GPS,41.479458,-81.694725,2026-08-19,224459,2026-08-19 02:04:53 UTC,,,,2022-07-27,,,,,J1772,US,,,,Public,,public,,,,,,,,,,,,,,,,,,,,false,,,,,,,,,false,
ELEC,PEAR TREE_ELO 433 BROADWAY 1,433 Broadway St,East Parking Lot,East Liverpool,OH,43920,,888-758-4389,E,,Public,24 hours daily,,,,,,2,,,ChargePoint Network,https://www.chargepoint.com,GPS,40.618117,-80.577629,2026-08-19,224659,2026-08-19 02:06:07 UTC,,,,2022-07-30,,,,,J1772,US,,,,Public,,public,,,,,,,,,,,,,,,,,,,,false,,,,,,,,,false,
ELEC,GERMAIN VW GERMAIN KIA L3,1455 Auto Mall Dr,,Columbus,OH,43228,,888-758-4389,E,,Public,24 hours daily,,,,,,,1,,ChargePoint Network,https://www.chargepoint.com,GPS,39.922997,-83.124815,2026-08-19,224683,2026-08-19 01:57:40 UTC,,,,2022-08-01,,,,,J1772COMBO,US,,,,Public,,public,,,,,,,,,,,,,,,,,,,,false,,,,,,,,,false,
ELEC,OMLPS PAVILLION,260 S Main St,Behind McDonalds,Oberlin,OH,44074,,888-758-4389,E,,Public,24 hours daily,,,,,,2,,,ChargePoint Network,https://www.chargepoint.com,GPS,41.284032,-82.217409,2026-08-19,224812,2026-08-19 02:06:15 UTC,,,,2022-08-04,,,,,J1772,US,,,,Public,,public,,,,,,,,,,,,,,,,,,,,false,,,,,,,,,false,
ELEC,OMLPS CITY HALL,85 S Main St,,Oberlin,OH,44074,,888-758-4389,E,,Public,24 hours daily,,,,,,2,,,ChargePoint Network,https://www.chargepoint.com,GPS,41.289479,-82.216429,2026-08-19,224814,2026-08-19 02:06:16 UTC,,,,2022-08-04,,,,,J1772,US,,,,Public,,public,,,,,,,,,,,,,,,,,,,,false,,,,,,,,,false,
ELEC,Opportunity Parking Deck,666 Broadway St,,Akron,OH,44311,,,T,2026-08-08,TEMPORARILY UNAVAILABLE (Public - Credit card at all times),24 hours daily,A D Debit M V,,,,,1,,,Non-Networked,,GPS,41.0706413552013,-81.5240807855153,2026-07-15,224985,2026-07-15 18:38:56 UTC,P,,,2022-08-02,,,,,J1772,US,,,,TEMPORAIREMENT SUSPENDU (Public - Carte de crédit en tout temps),,public,CREDIT_CARD_ALWAYS,,PARKING_GARAGE,,,,,,,,,,,,,,,,,false,,,,,,,,LD,false,
ELEC,Greenwood Chevrolet,4695 Mahoning Ave,,Youngstown,OH,44515,,330-792-5252,T,2026-10-04,TEMPORARILY UNAVAILABLE (Public - Credit card at all times),24 hours daily,A CREDIT D Debit M V,,,,,1,,,Non-Networked,,GPS,41.1002445752766,-80.7400705709496,2026-07-15,224987,2026-07-15 18:38:56 UTC,P,,,2022-08-02,,,,,J1772,US,,,,TEMPORAIREMENT SUSPENDU (Public - Carte de crédit en tout temps),,public,CREDIT_CARD_ALWAYS,,CAR_DEALER,,,,,,,,,,,,,,,,,false,,,,,,,,LD,false,
ELEC,Donnell Ford,7955 Market St,,Youngstown,OH,44512,,330-726-8181,E,,Public - Credit card at all times,24 hours daily,A D Debit M V,,,,,1,,,Non-Networked,,GPS,41.0076646907267,-80.6619414095624,2026-07-15,224988,2026-07-15 18:38:56 UTC,P,,,2022-08-02,,,,,J1772,US,,,,Public - Carte de crédit en tout temps,,public,CREDIT_CARD_ALWAYS,,CAR_DEALER,,,,,,,,,,,,,,,,,true,,,,,,,,LD,false,
ELEC,Best Western Plus Dutch Haus Inn and Suites,150 E OH-14,,Columbiana,OH,44408,,330-482-5050,E,,Public - Credit card at all times,24 hours daily; for guest use only,A D Debit M V,,,,,1,,,Non-Networked,,GPS,40.9007306042944,-80.6945147573633,2026-07-15,224989,2026-07-15 18:38:56 UTC,P,,,2022-08-02,,,,,J1772,US,,,,Public - Carte de crédit en tout temps,,public,CREDIT_CARD_ALWAYS,,HOTEL,,,,,,,Free,,,,,,,,,,true,,,,,,,,LD,false,
ELEC,Civitan Park,Civitan Park,,Belpre,OH,45714,,740-423-7592,E,,Public - Credit card at all times,24 hours daily,A D Debit M V,,,,,2,,,Non-Networked,,GPS,39.2749045926564,-81.5919980520029,2024-12-10,224991,2026-07-08 20:08:56 UTC,P,,,2022-08-02,,,,,J1772,US,,,,Public - Carte de crédit en tout temps,,public,CREDIT_CARD_ALWAYS,,PARK,,,,,,,Free,,,,,,,,,,false,,,,,,,,LD,false,
ELEC,1717 Garage,1717 East 9th Street,,Cleveland,OH,44114,,800-636-0986,E,,Public,,,,,,,3,,,CHARGELAB,https://chargelab.co,GPS,41.502333,-81.687356,2026-08-19,225005,2026-08-19 05:25:04 UTC,,,,2022-08-01,,,,,J1772,US,,,,Public,,public,,,,,,,,,,,,,,,,,,,,false,,,,,,,,,false,
ELEC,OHIO STATE UNV NEWOLDCANNON2,480 Medical Center Dr,"Effective March 2, 2026, the electric vehicle (EV) charging station usage rate will be $.50 kwh. Visit ttm.osu.edu - Other Transit and Services for more information.",Columbus,OH,43210,,888-758-4389,E,,Public,24 hours daily,,,,,,2,,,ChargePoint Network,https://www.chargepoint.com,GPS,39.99221,-83.01977,2026-08-19,225164,2026-08-19 02:05:30 UTC,,,,2022-08-09,,,,,J1772,US,,,,Public,,public,,,,,,,,,,,,,,,,,,,,false,,,,,,,,,false,
ELEC,OHIO STATE UNV NEWOLDCANNON3,499 Medical Center Dr,"Effective March 2, 2026, the electric vehicle (EV) charging station usage rate will be $.50 kwh. Visit ttm.osu.edu - Other Transit and Services for more information.",Columbus,OH,43201,,888-758-4389,E,,Public,24 hours daily,,,,,,2,,,ChargePoint Network,https://www.chargepoint.com,GPS,39.992032,-83.020344,2026-08-19,225165,2026-08-19 02:05:30 UTC,,,,2022-08-09,,,,,J1772,US,,,,Public,,public,,,,,,,,,,,,,,,,,,,,false,,,,,,,,,false,
ELEC,OHIO STATE UNV NEWOLDCANNON1,Medical Center Dr & Old Cannon Dr,"Effective March 2, 2026, the electric vehicle (EV) charging station usage rate will be $.50 kwh. Visit ttm.osu.edu - Other Transit and Services for more information.",Columbus,OH,43210,,888-758-4389,E,,Public,24 hours daily,,,,,,2,,,ChargePoint Network,https://www.chargepoint.com,GPS,39.992176,-83.019745,2026-08-19,225166,2026-08-19 02:05:30 UTC,,,,2022-08-09,,,,,J1772,US,,,,Public,,public,,,,,,,,,,,,,,,,,,,,false,,,,,,,,,false,
ELEC,BUTLERRURALELEC TALAWANDA,5301 University Park Blvd,Parking Lot Entrance,Oxford,OH,45056,,888-758-4389,E,,Public,24 hours daily,,,,,,2,,,ChargePoint Network,https://www.chargepoint.com,GPS,39.48972,-84.73094,2026-08-19,225221,2026-08-19 02:06:17 UTC,,,,2022-08-10,,,,,J1772,US,,,,Public,,public,,,,,,,,,,,,,,,,,,,,false,,,,,,,,,false,
ELEC,Tru-Monroe,300 Orton Drive,,Monroe,OH,45040,,888-998-2546,T,2026-08-16,TEMPORARILY UNAVAILABLE (Public),24 hours daily,,,,,,2,,,Blink Network,https://blinkcharging.com,GPS,39.4409664,-84.4081144,2026-08-19,225274,2026-08-19 00:45:33 UTC,,,,2019-10-30,,,,,J1772,US,,,,TEMPORAIREMENT SUSPENDU (Public),,public,,,,,,,,,,FREE,,,,,,,,,,false,,,,,,,,,false,
ELEC,Montgomery QTR Garage Block – Southern Building,9260 Montgomery Rd.,,Montgomery,OH,45242,,888-356-8911,E,,Public,24 hours daily,,,,,,8,,,FLO,https://www.flo.com,GPS,39.2237918,-84.3556502,2026-08-19,225581,2026-08-19 04:03:17 UTC,,,,2022-08-16,,,,,J1772,US,,,,Public,,public,,,,,,,,,,,,,,,,,,,,false,,,,,,,,,false,
ELEC,GPM INVESTMENTS 5712 DC1,16350 Allenby Dr,Village Pantry Parking Lot (charger on LEFT),Marysville,OH,43040,,888-758-4389,E,,Public,Mon: 12:00am-11:59pm; Tue: 12:00am-11:59pm; Wed: 12:00am-11:59pm; Thu: 12:00am-11:59pm; Fri: 12:00am-11:59pm; Sat: 12:00am-11:59pm; Sun: 12:00am-11:59pm,,,,,,,1,,ChargePoint Network,https://www.chargepoint.com,GPS,40.240781,-83.341497,2026-08-19,225964,2026-08-19 02:06:19 UTC,,,,2022-08-20,,,,,J1772COMBO TESLA,US,,,,Public,,public,,,,,,,,,,,,,,,,,,,,false,,,,,,,,,false,
ELEC,GPM INVESTMENTS 5712 DC2,16350 Allenby Dr,Village Pantry Parking Lot (charger on RIGHT),Marysville,OH,43040,,888-758-4389,E,,Public,Mon: 12:00am-11:59pm; Tue: 12:00am-11:59pm; Wed: 12:00am-11:59pm; Thu: 12:00am-11:59pm; Fri: 12:00am-11:59pm; Sat: 12:00am-11:59pm; Sun: 12:00am-11:59pm,,,,,,,1,,ChargePoint Network,https://www.chargepoint.com,GPS,40.240711,-83.341451,2026-08-19,225965,2026-08-19 02:06:19 UTC,,,,2022-08-20,,,,,CHADEMO J1772COMBO,US,,,,Public,,public,,,,,,,,,,,,,,,,,,,,false,,,,,,,,,false,
ELEC,MARK PORTER 1 MARK PORTER 1,42411 Charles Chancey Dr,Behind Building,Pomeroy,OH,45769,,888-758-4389,E,,Public,24 hours daily,,,,,,,1,,ChargePoint Network,https://www.chargepoint.com,GPS,39.05698,-82.002465,2026-08-19,226088,2026-08-19 02:06:37 UTC,,,,2022-08-23,,,,,CHADEMO J1772COMBO,US,,,,Public,,public,,,,,,,,,,,,,,,,,,,,false,,,,,,,,,false,
ELEC,MID-OHIO ENERGY ELGIN NORTH 1,1150 Keener Rd S,North Parking Lot,Marion,OH,43302,,888-758-4389,E,,Public,24 hours daily,,,,,,2,,,ChargePoint Network,https://www.chargepoint.com,GPS,40.569811,-83.24574,2026-08-19,226090,2026-08-19 02:06:43 UTC,,,,2022-08-23,,,,,J1772,US,,,,Public,,public,,,,,,,,,,,,,,,,,,,,false,,,,,,,,,false,
ELEC,COMMISSIONERS COMMISSIONEREV2,171 N Whitewoman St,,Coshocton,OH,43812,,888-758-4389,E,,Public,24 hours daily,,,,,,2,,,ChargePoint Network,https://www.chargepoint.com,GPS,40.27629,-81.877608,2026-08-19,226262,2026-08-19 02:07:01 UTC,,,,2022-08-25,,,,,J1772,US,,,,Public,,public,,,,,,,,,,,,,,,,,,,,false,,,,,,,,,false,
ELEC,COMMISSIONERS COMMISSIONERSEV,171 N Whitewoman St,,Coshocton,OH,43812,,888-758-4389,E,,Public,24 hours daily,,,,,,2,,,ChargePoint Network,https://www.chargepoint.com,GPS,40.276329,-81.877673,2026-08-19,226263,2026-08-19 02:07:01 UTC,,,,2022-08-25,,,,,J1772,US,,,,Public,,public,,,,,,,,,,,,,,,,,,,,false,,,,,,,,,false,
ELEC,GARFIELD PARK GARFIELD PARK 2,7967 Mentor Ave,,Mentor,OH,44060,,888-758-4389,E,,Public,24 hours daily,,,,,,2,,,ChargePoint Network,https://www.chargepoint.com,GPS,41.66365,-81.354329,2026-08-19,226734,2026-08-19 02:00:34 UTC,,,,2022-08-31,,,,,J1772,US,,,,Public,,public,,,,,,,,,,,,,,,,,,,,false,,,,,,,,,false,
ELEC,GARFIELD PARK GARFIELD PARK 1,7967 Mentor Ave,,Mentor,OH,44060,,888-758-4389,E,,Public,24 hours daily,,,,,,2,,,ChargePoint Network,https://www.chargepoint.com,GPS,41.664903,-81.35468,2026-08-19,226735,2026-08-19 02:00:34 UTC,,,,2022-08-31,,,,,J1772,US,,,,Public,,public,,,,,,,,,,,,,,,,,,,,false,,,,,,,,,false,
ELEC,WILMINGTON EV EV1,184 N South St,Parking Lot,Wilmington,OH,45177,,888-758-4389,E,,Public,24 hours daily,,,,,,2,,,ChargePoint Network,https://www.chargepoint.com,GPS,39.4481,-83.828135,2026-08-19,226888,2026-08-19 02:07:21 UTC,,,,2022-09-02,,,,,J1772,US,,,,Public,,public,,,,,,,,,,,,,,,,,,,,false,,,,,,,,,false,
ELEC,WILMINGTON EV EV2,184 N South St,Parking Lot,Wilmington,OH,45177,,888-758-4389,E,,Public,24 hours daily,,,,,,2,,,ChargePoint Network,https://www.chargepoint.com,GPS,39.448081,-83.82814,2026-08-19,226889,2026-08-19 02:07:21 UTC,,,,2022-09-02,,,,,J1772,US,,,,Public,,public,,,,,,,,,,,,,,,,,,,,false,,,,,,,,,false,
ELEC,MIDWEST MOELLER BB,8016 Marion Dr,North parking lot,Maria Stein,OH,45860,,888-758-4389,E,,Public,24 hours daily,,,,,,2,,,ChargePoint Network,https://www.chargepoint.com,GPS,40.4213,-84.49298,2026-08-19,226898,2026-08-19 02:07:25 UTC,,,,2022-09-02,,,,,J1772,US,,,,Public,,public,,,,,,,,,,,,,,,,,,,,false,,,,,,,,,false,
ELEC,Tri Motor Sales,1430 Route 19 South,,Oak Harbor,OH,43449,,888-998-2546,E,,Public,24 hours daily,,,,,,1,,,Blink Network,https://blinkcharging.com,GPS,41.495007,-83.145895,2026-08-19,227483,2026-08-19 00:22:09 UTC,,,,2022-09-13,,,,,J1772,US,,,,Public,,public,,,,,,,,,,Free,,,,,,,,,,false,,,,,,,,,false,
ELEC,UTOLEDO MC ROCKET HALL,1610 Secor Rd,,Toledo,OH,43607,,888-758-4389,E,,Public,24 hours daily,,,,,,2,,,ChargePoint Network,https://www.chargepoint.com,GPS,41.65547,-83.62042,2026-08-19,227878,2026-08-19 02:07:55 UTC,,,,2022-09-20,,,,,J1772,US,,,,Public,,public,,,,,,,,,,,,,,,,,,,,false,,,,,,,,,false,
ELEC,UTOLEDO MC LOT 2 WEST,2140 North Towerview Boulevard,Parking garage doesn’t exist anymore. South of EV charging lot spaces.,Toledo,OH,43606,,888-758-4389,E,,Public,24 hours daily,,,,,,2,,,ChargePoint Network,https://www.chargepoint.com,GPS,41.661827,-83.6092,2026-08-19,227881,2026-08-19 02:07:56 UTC,,,,2022-09-20,,,,,J1772,US,,,,Public,,public,,,,,,,,,,,,,,,,,,,,false,,,,,,,,,false,
ELEC,UTOLEDO MC LOT 2 EAST,2140 North Towerview Boulevard,Parking garage doesn’t exist anymore. South EV charging spaces.,Toledo,OH,43606,,888-758-4389,E,,Public,24 hours daily,,,,,,2,,,ChargePoint Network,https://www.chargepoint.com,GPS,41.661827,-83.60911,2026-08-19,227882,2026-08-19 02:07:56 UTC,,,,2022-09-20,,,,,J1772,US,,,,Public,,public,,,,,,,,,,,,,,,,,,,,false,,,,,,,,,false,
ELEC,Eastgate Shopping Center,1371 Som Center Rd,,Mayfield Heights,OH,44124,,877-455-3833,E,,Public,24 hours daily,,,,,,,4,,eVgo Network,https://www.evgo.com,GPS,41.523785,-81.438271,2026-08-18,228058,2026-08-18 23:58:11 UTC,,,,2022-04-04,,,,,CHADEMO J1772COMBO,US,,,,Public,,public,,,,,,,,,,,,,,,,,,,,false,,,,,,,,,false,
ELEC,Market at Hilliard,1852 Hilliard Rome Rd,,Hilliard,OH,43026,,877-455-3833,E,,Public,24 hours daily,,,,,,,4,,eVgo Network,https://www.evgo.com,GPS,39.9892878,-83.1502297,2026-08-18,228255,2026-08-18 23:58:41 UTC,,,,2022-08-10,,,,,CHADEMO J1772COMBO,US,,,,Public,,public,,,,,,,,,,,,,,,,,,,,false,,,,,,,,,false,
ELEC,Church Square,7949 Euclid Ave,,Cleveland,OH,44103,,877-455-3833,E,,Public,24 hours daily,,,,,,,6,,eVgo Network,https://www.evgo.com,GPS,41.504722,-81.633409,2026-08-18,228322,2026-08-18 23:58:52 UTC,,,,2022-09-21,,,,,CHADEMO J1772COMBO,US,,,,Public,,public,,,,,,,,,,,,,,,,,,,,false,,,,,,,,,false,
ELEC,Transformer Station Contemporary Art Space,1460 W 29th St,,Cleveland,OH,44113,,877-455-3833,E,,Public,24 hours daily,,,,,,,1,,eVgo Network,https://www.evgo.com,GPS,41.488919,-81.710955,2026-08-18,228629,2026-08-19 00:00:02 UTC,,,,2018-03-07,,,,,CHADEMO J1772COMBO,US,,,,Public,,public,,,,,,,,,,,,,,,,,,,,false,,,,,,,,,false,
ELEC,Meijer Fairfield #159,6325 S Gilmore Rd,,Fairfield,OH,45014,,877-455-3833,E,,Public,24 hours daily,,,,,,,4,,eVgo Network,https://www.evgo.com,GPS,39.304718,-84.525727,2026-08-18,228698,2026-08-19 00:01:10 UTC,,,,2021-12-02,,,,,CHADEMO J1772COMBO,US,,,,Public,,public,,,,,,,,,,,,,,,,,,,,false,,,,,,,,,false,
ELEC,"Meijer Delaware, OH #249",1380 Sunbury Rd,,Delaware,OH,43015,,877-455-3833,T,2026-08-18,TEMPORARILY UNAVAILABLE (Public),24 hours daily,,,,,,,2,,eVgo Network,https://www.evgo.com,GPS,40.29053,-83.030103,2026-08-18,228706,2026-08-19 00:01:15 UTC,,,,2022-05-10,,,,,CHADEMO J1772COMBO,US,,,,TEMPORAIREMENT SUSPENDU (Public),,public,,,,,,,,,,,,,,,,,,,,false,,,,,,,,,false,
ELEC,Fairfield Community Arts Center,411 Wessel Dr,,Fairfield,OH,45014,,513-867-4200,E,,Public,24 hours daily,,,,,,2,,,AMPUP,https://ampup.io,200-9,39.334096,-84.563876,2026-07-15,228898,2026-07-15 18:38:56 UTC,SG,,,2022-08-01,,,,,J1772,US,,,,Public,,public,,,STATE_GOV,,,,,,,Free,,,,,,,,,,false,,,,,,,,MD,false,
ELEC,BZ EVANS FARM F3-EVANS FARM,5920 Evans Farm Drive,,Lewis Center,OH,43035,,888-758-4389,E,,Public,24 hours daily,,,,,,2,,,ChargePoint Network,https://www.chargepoint.com,GPS,40.200103,-83.003086,2026-08-19,229202,2026-08-19 02:02:47 UTC,,,,2022-09-24,,,,,J1772,US,,,,Public,,public,,,,,,,,,,,,,,,,,,,,false,,,,,,,,,false,
ELEC,Ken Ganley Buick GMC,2401 Cleveland Rd,,Sandusky,OH,44870,,888-998-2546,E,,Public,24 hours daily,,,,,,,2,,Blink Network,https://blinkcharging.com,GPS,41.435019,-82.663404,2026-08-19,229469,2026-08-19 00:22:07 UTC,,,,2022-07-05,,,,,CHADEMO J1772COMBO,US,,,,Public,,public,,,,,,,,,,Free,,,,,,,,,,false,,,,,,,,,false,
ELEC,Mikros on Larchmere,12607 Larchmere Blvd,,Cleveland,OH,44120,,833-692-6787,E,,Public - Credit card at all times,Contact station for hours of availability.,A ANDROID_PAY APPLE_PAY CREDIT D M,,,,,1,,,AMPUP,https://ampup.io,200-9,41.488196,-81.595247,2022-10-11,229895,2026-08-05 18:21:35 UTC,P,,,2022-09-15,,,,,J1772,US,,,,Public - Carte de crédit en tout temps,,public,CREDIT_CARD_ALWAYS,,MULTI_UNIT_DWELLING,,,,,,,,,,,,,,,,,false,,,,,,,,LD,false,
ELEC,Larchmere Public Parking,13051 Larchmere Blvd,,Cleveland,OH,44120,,833-692-6787,E,,Public - Credit card at all times,Contact station for hours of availability.,A ANDROID_PAY APPLE_PAY CREDIT D M,,,,,2,,,AMPUP,https://ampup.io,200-9,41.487798,-81.591086,2022-10-11,229905,2026-08-05 18:21:35 UTC,LG,,,2022-09-15,,,,,J1772,US,,,,Public - Carte de crédit en tout temps,,public,CREDIT_CARD_ALWAYS,,MUNI_GOV,,,,,,,,,,,,,,,,,false,,,,,,,,LD,false,
ELEC,City of Loveland,205 Broadway St,,Loveland,OH,45140,,833-692-6787,E,,Public - Credit card at all times,Contact station for hours of availability.,A ANDROID_PAY APPLE_PAY CREDIT D M,,,,,2,,,AMPUP,https://ampup.io,200-9,39.266344,-84.259657,2022-10-11,229906,2026-08-05 18:21:35 UTC,LG,,,2022-09-15,,,,,J1772,US,,,,Public - Carte de crédit en tout temps,,public,CREDIT_CARD_ALWAYS,,MUNI_GOV,,,,,,,,,,,,,,,,,false,,,,,,,,LD,false,
ELEC,Brendamour Evendale Business Center,2630 Glendale Milford Rd,,Cincinnati,OH,45241,,833-692-6787,E,,Public - Credit card at all times,Contact station for hours of availability.,A ANDROID_PAY APPLE_PAY CREDIT D M,,,,,2,,,AMPUP,https://ampup.io,200-8,39.25564,-84.429736,2022-10-11,229907,2026-08-05 18:21:35 UTC,P,,,2022-09-15,,,,,J1772,US,,,,Public - Carte de crédit en tout temps,,public,CREDIT_CARD_ALWAYS,,OFFICE_BLDG,,,,,,,,,,,,,,,,,false,,,,,,,,LD,false,
ELEC,City Hall Annex,3358 Lee Rd,,Shaker Heights,OH,44120,,833-692-6787,E,,Public - Credit card at all times,Contact station for hours of availability.,A ANDROID_PAY APPLE_PAY CREDIT D M,,,,,2,,,AMPUP,https://ampup.io,200-8,41.468245,-81.565281,2022-10-11,229908,2026-08-05 18:21:35 UTC,P,,,2022-09-15,,,,,J1772,US,,,,Public - Carte de crédit en tout temps,,public,CREDIT_CARD_ALWAYS,,MUNI_GOV,,,,,,,,,,,,,,,,,false,,,,,,,,LD,false,
ELEC,City of Sylvania,6730 Monroe St,,Sylvania,OH,43560,,833-692-6787,E,,Public - Credit card at all times,Contact station for hours of availability.,A ANDROID_PAY APPLE_PAY CREDIT D M,,,,,2,,,AMPUP,https://ampup.io,200-9,41.715992,-83.706255,2022-10-11,229909,2026-08-05 18:21:35 UTC,LG,,,2022-09-15,,,,,J1772,US,,,,Public - Carte de crédit en tout temps,,public,CREDIT_CARD_ALWAYS,,MUNI_GOV,,,,,,,,,,,,,,,,,false,,,,,,,,LD,false,
ELEC,Grant City of Fairfield,8870 N Gilmore Rd,,Fairfield,OH,45014,,833-692-6787,E,,Public - Credit card at all times,Contact station for hours of availability.,A ANDROID_PAY APPLE_PAY CREDIT D M,,,,,2,,,AMPUP,https://ampup.io,200-9,39.335479,-84.520467,2022-10-11,229910,2026-08-05 18:21:35 UTC,P,,,2022-09-15,,,,,J1772,US,,,,Public - Carte de crédit en tout temps,,public,CREDIT_CARD_ALWAYS,,MUNI_GOV,,,,,,,,,,,,,,,,,false,,,,,,,,LD,false,
ELEC,Austin Landing,10050 Innovation Dr,,Miamisburg,OH,45342,,833-692-6787,E,,Public - Credit card at all times,Contact station for hours of availability,A ANDROID_PAY APPLE_PAY CREDIT D M,,,,,4,,,AMPUP,https://ampup.io,GPS,39.59942426800426,-84.23302087829592,2023-04-06,229926,2026-08-05 18:21:35 UTC,P,,,2022-09-15,,,,,J1772,US,,,,Public - Carte de crédit en tout temps,,public,CREDIT_CARD_ALWAYS,,PARKING_LOT,,,,,,,$2.50 per hour,,,,,,,,,,false,,,,,,,,LD,false,
ELEC,Van Aken District Garage,20305 Van Aken Blvd,,Shaker Heights,OH,44122,,833-692-6787,E,,Public - Credit card at all times,Contact station for hours of availability.,A ANDROID_PAY APPLE_PAY CREDIT D M,,,,,2,,,AMPUP,https://ampup.io,200-8,41.465775,-81.537884,2022-10-11,230460,2026-08-05 18:21:35 UTC,P,,,2022-09-15,,,,,J1772,US,,,,Public - Carte de crédit en tout temps,,public,CREDIT_CARD_ALWAYS,,PARKING_GARAGE,,,,,,,,,,,,,,,,,false,,,,,,,,LD,false,
ELEC,The Centers for Families and ChilDren,4500 Euclid Ave,,Cleveland,OH,44103,,833-692-,E,,Private,Contact station for hours of availability.,,,,,,1,,,AMPUP,https://ampup.io,200-9,41.503667,-81.655635,2023-08-10,230695,2026-08-05 18:21:35 UTC,P,,,2022-09-15,,,,,J1772,US,,,,Privé,,private,,,OTHER,,,,,,,,,,,,,,,,,,,,,,,,,LD,false,
ELEC,Oberlin City Hall,85 S Main St,At rear of lot behind Police dept.,Oberlin,OH,44074,,,E,,Private,24 hours daily,,,,,,1,,,AMPUP,https://ampup.io,200-9,41.289262,-82.217212,2025-07-03,230711,2026-08-05 18:21:35 UTC,LG,,,2022-09-15,,,,,J1772,US,,,,Privé,,private,,,MUNI_GOV,,,,,,,,,,,,,,,,,,,,,,,,,LD,false,
ELEC,George A Abram Pavillion,40 Edison St,,Oberlin,OH,44074,,833-692-6787,E,,Public - Credit card at all times,24 hours daily,A ANDROID_PAY APPLE_PAY CREDIT D M,,,,,1,,,AMPUP,https://ampup.io,200-9,41.285047,-82.216184,2023-08-10,230715,2026-08-05 18:21:35 UTC,LG,,,2022-09-15,,,,,J1772,US,,,,Public - Carte de crédit en tout temps,,public,CREDIT_CARD_ALWAYS,,MUNI_GOV,,,,,,,,,,,,,,,,,false,,,,,,,,LD,false,
ELEC,DLZ Corp.,6121 Huntley Rd.,,Worthington,OH,43229,,888-998-2546,E,,Public,24 hours daily,,,,,,3,,,Blink Network,https://blinkcharging.com,GPS,40.0898916,-82.9989541,2026-08-19,230731,2026-08-19 00:32:54 UTC,,,,2022-06-30,,,,,J1772,US,,,,Public,,public,,,,,,,,,,"$0.00-$1.00/Hr Variable Parking Fee, $0.15-$0.30/kWh Variable Energy Fee",,,,,,,,,,false,,,,,,,,,false,
ELEC,LARICHE CADILLAC,215 E MAIN CROSS,,FINDLAY,OH,45840,,866-816-7584,E,,Public,24 hours daily,,,,,,1,2,,EV Connect,https://www.evconnect.com,GPS,41.038638,-83.647893,2026-08-19,230911,2026-08-19 03:44:50 UTC,,,,2022-09-30,,,,,J1772 J1772COMBO,US,,,,Public,,public,,,,,,,,,,,,,,,,,,,,false,,,,,,,,,false,
ELEC,Steinle GMC Cadillac,2149 W STATE ST,,Fremont,OH,43420,,866-816-7584,E,,Public,24 hours daily,,,,,,,2,,EV Connect,https://www.evconnect.com,GPS,41.357542,-83.141138,2026-08-19,230936,2026-08-19 03:45:01 UTC,,,,2022-09-30,,,,,J1772COMBO,US,,,,Public,,public,,,,,,,,,,,,,,,,,,,,false,,,,,,,,,false,
ELEC,Terry Henricks Chrysler Dodge Jeep RAM,1935 S Defiance St,,Archbold,OH,43502,,419-500-4722,E,,Public - Credit card at all times,24 hours daily,A D Debit M V,,,,,1,,,Non-Networked,,GPS,41.4943984506346,-84.3073438482548,2026-07-15,231644,2026-07-15 18:38:56 UTC,P,,,2022-09-27,,,,,J1772,US,,,,Public - Carte de crédit en tout temps,,public,CREDIT_CARD_ALWAYS,,CAR_DEALER,,,,,,,$35 per session,,,,,,,,,,true,,,,,,,,LD,false,
ELEC,Mark Moats Ford Inc,20793 County Rd 424,,Defiance,OH,43512,,419-784-5444,E,,Public,24 hours daily,A D Debit M V,,,,,1,,,Non-Networked,,GPS,41.2759666397124,-84.4229905475457,2026-07-15,231645,2026-07-15 18:38:56 UTC,P,,,2022-09-27,,,,,J1772,US,,,,Public,,public,,,CAR_DEALER,,,,,,,Free,,,,,,,,,,false,,,,,,,,LD,false,
ELEC,Brown Honda,6155 Central Ave,between service center and other dealership,Toledo,OH,43615,,419-841-2222,E,,Public - Call ahead,24 hours daily,A D Debit M V,,,,,2,2,,Non-Networked,,GPS,41.6748461065511,-83.6900977973587,2026-07-15,231646,2026-07-15 18:38:56 UTC,P,,,2022-09-27,,,,,J1772 J1772COMBO,US,,,,Public - Appeler à l'avance,,public,CALL,,CAR_DEALER,,,,,,,,,,,,,,,,,false,,,,,,,,LD,false,
ELEC,Grogan's Towne Chrysler Jeep Dodge Ram,6100 Telegraph Rd,,Toledo,OH,43612,,419-476-0761,E,,Public - Call ahead,24 hours daily,A D Debit M V,,,,,4,2,,Non-Networked,,GPS,41.7275134042675,-83.5464100006822,2026-07-15,231647,2026-07-15 18:38:56 UTC,P,,,2022-09-27,,,,,J1772 J1772COMBO,US,,,,Public - Appeler à l'avance,,public,CALL,,CAR_DEALER,,,,,,,,,,,,,,,,,true,,,,,,,,LD,false,
ELEC,Toledo Lucas County Public Library,325 N Michigan St,,Toledo,OH,43604,,419-259-5200,E,,Public - Credit card at all times,24 hours daily,A D Debit M V,,,,,2,,,Non-Networked,,GPS,41.6549138531959,-83.5397352348058,2026-07-15,231648,2026-07-15 18:38:56 UTC,P,,,2022-09-27,,,,,J1772,US,,,,Public - Carte de crédit en tout temps,,public,CREDIT_CARD_ALWAYS,,LIBRARY,,,,,,,Free,,,,,,,,,,false,,,,,,,,LD,false,
ELEC,IBEW & NECA Electrical Industry Building,727 Lime City Rd,,Rossford,OH,43460,,,E,,Private,For member and employee use only,,,,,,1,,,Non-Networked,,GPS,41.5914148582494,-83.566688549088,2026-07-15,231651,2026-07-15 18:38:56 UTC,P,,,2022-09-27,,,,,J1772,US,,,,Privé,,private,,,PARKING_LOT,,,,,,,Free,,,,,,,,,,,,,,,,,,LD,true,
ELEC,Toledo Electrical Joint Apprenticeship Training Committee,803 Lime City Rd,,Rossford,OH,43460,,,E,,Private,,,,,,,2,,,Non-Networked,,GPS,41.5902986310199,-83.5649433346409,2024-12-10,231652,2026-07-09 13:47:51 UTC,P,,,2022-09-27,,,,,J1772,US,,,,Privé,,private,,,PARKING_LOT,,,,,,,,,,,,,,,,,,,,,,,,,LD,false,
ELEC,Baumann Chrysler Jeep Dodge RAM,2577 W State St,,Fremont,OH,43420,,419-332-8291,T,2026-08-15,TEMPORARILY UNAVAILABLE (Public),24 hours daily,A D Debit M V,,,,,1,,,Non-Networked,,GPS,41.361847974676,-83.1498961565065,2026-07-15,231653,2026-07-15 18:38:56 UTC,P,,,2022-09-27,,,,,J1772,US,,,,TEMPORAIREMENT SUSPENDU (Public),,public,,,CAR_DEALER,,,,,,,Free,,,,,,,,,,false,,,,,,,,LD,false,
ELEC,Midmark Animal Health,"Plant A, 60 Vista Dr",,Versailles,OH,45380,,,E,,Private - Credit card at all times,24 hours daily; for employees only,A D Debit M V,,,,,2,,,Non-Networked,,GPS,40.2296441408698,-84.4923200060171,2024-12-10,231655,2026-07-09 13:58:32 UTC,P,,,2022-09-27,,,,,J1772,US,,,,Privé - Carte de crédit en tout temps,,private,CREDIT_CARD_ALWAYS,,PARKING_LOT,,,,,,,,,,,,,,,,,,,,,,,,,LD,true,
ELEC,Midmark Corp,60 Vista Dr,,Versailles,OH,45380,,,E,,Private - Credit card at all times,24 hours daily; for employees only,A D Debit M V,,,,,2,,,Non-Networked,,GPS,40.2292773912798,-84.4893910243491,2024-12-10,231656,2026-07-09 13:59:34 UTC,P,,,2022-09-27,,,,,J1772,US,,,,Privé - Carte de crédit en tout temps,,private,CREDIT_CARD_ALWAYS,,PARKING_LOT,,,,,,,,,,,,,,,,,,,,,,,,,LD,true,
ELEC,Hotel Versailles,22 N Center St,,Versailles,OH,45380,,937-526-3020,E,,Public,24 hours daily; for guest use only,A D Debit M V,,,,,1,,,Non-Networked,,GPS,40.2231564181225,-84.484773391836,2026-07-15,231657,2026-07-15 18:38:56 UTC,P,,,2022-09-27,,,,,J1772,US,,,,Public,,public,,,HOTEL,,,,,,,Free,,,,,,,,,,true,,,,,,,,LD,false,
ELEC,Paul Sherry Chrysler Jeep Dodge Ram,8645 N County Rd 25A,,Piqua,OH,45356,,937-778-0830,T,2026-08-15,TEMPORARILY UNAVAILABLE (Public - Call ahead),9am-7pm daily; for service center use only,A D Debit M V,,,,,2,,,Non-Networked,,GPS,40.162593523434,-84.2319826301148,2026-07-15,231658,2026-07-15 18:38:56 UTC,P,,,2022-09-27,,,,,J1772,US,,,,TEMPORAIREMENT SUSPENDU (Public - Appeler à l'avance),,public,CALL,,CAR_DEALER,,,,,,,,,,,,,,,,,true,,,,,,,,LD,false,
ELEC,Kettering Troy Hospital,600 W Main St,,Troy,OH,45373,,937-980-7010,E,,Public - Credit card at all times,24 hours daily,A D Debit M V,,,,,2,,,Non-Networked,,GPS,40.0429478074737,-84.2100858475209,2026-07-15,231662,2026-07-15 18:38:56 UTC,P,,,2022-09-27,,,,,J1772,US,,,,Public - Carte de crédit en tout temps,,public,CREDIT_CARD_ALWAYS,,HOSPITAL,,,,,,,Free,,,,,,,,,,false,,,,,,,,LD,false,
ELEC,Chevrolet Of Troy,1375 S Market St,,Troy,OH,45373,,937-552-5523,E,,Public - Call ahead,"7:30am-5pm, M-F",A D Debit M V,,,,,3,,,Non-Networked,,GPS,40.0215612885028,-84.2002667702696,2026-07-15,231663,2026-07-15 18:38:56 UTC,P,,,2022-09-27,,,,,J1772,US,,,,Public - Appeler à l'avance,,public,CALL,,CAR_DEALER,,,,,,,,,,,,,,,,,false,,,,,,,,LD,false,
ELEC,Evans Volkswagen,7124 Poe Ave Suite 2,,Dayton,OH,45414,,(937) 890-6200,E,,Public - Call ahead,9am-7pm daily; for service center use only,A D Debit M V,,,,,1,,,Non-Networked,,GPS,39.8504853554284,-84.1883084186247,2024-12-10,231665,2026-07-09 14:18:12 UTC,P,,,2022-09-27,,,,,J1772,US,,,,Public - Appeler à l'avance,,public,CALL,,CAR_DEALER,,,,,,,,,,,,,,,,,true,,,,,,,,LD,false,
ELEC,Legrand,6500 Poe Ave,,Dayton,OH,45414,,937-276-3356,E,,Public - Call ahead,24 hours daily,A D Debit M V,,,,,2,,,Non-Networked,,GPS,39.8424029839428,-84.188311305089,2026-07-15,231666,2026-07-15 18:38:56 UTC,P,,,2022-09-27,,,,,J1772,US,,,,Public - Appeler à l'avance,,public,CALL,,PARKING_LOT,,,,,,,,,,,,,,,,,false,,,,,,,,LD,false,
ELEC,Soin Medical Center - Kettering Health,3535 Pentagon Blvd,,Beavercreek,OH,45431,,937-702-4000,E,,Public,24 hours daily,A D Debit M V,,,,,1,,,Non-Networked,,GPS,39.770055566039,-84.0611998827194,2026-07-15,231667,2026-07-15 18:38:56 UTC,P,,,2022-09-27,,,,,J1772,US,,,,Public,,public,,,HOSPITAL,,,,,,,,,,,,,,,,,true,,,,,,,,LD,true,
ELEC,Sylvania Municipal Parking Lot,6626 Monroe St,,Sylvania,OH,43560,,833-692-6787,E,,Public - Credit card at all times,24 Hours Daily,A D Debit M V,,,,,2,,,AMPUP,https://ampup.io,GPS,41.7161778723719,-83.7044124129986,2022-10-11,231699,2026-08-05 18:21:35 UTC,P,,,2022-09-27,,,,,J1772,US,,,,Public - Carte de crédit en tout temps,,public,CREDIT_CARD_ALWAYS,,PARKING_LOT,,,,,,,,,,,,,,,,,false,,,,,,,,LD,false,
ELEC,Hotel Versailles - Tesla Destination,22  North Center Street,,Versailles,OH,45380,,877-798-3752,E,,Public,,A D Debit M V,,,,,1,,,Tesla Destination,https://www.tesla.com/destination-charging,GPS,40.22314,-84.48517,2024-07-01,231707,2025-02-12 00:16:32 UTC,P,,,2022-06-28,,,,,TESLA,US,,,,Public,,public,,,HOTEL,,,,,,,,,,,,,,,,,false,,,,,,,,LD,false,
ELEC,GERMAIN 2 HYUN LEV 2,1400 Auto Mall Dr,cx delivery,Columbus,OH,43228,,888-758-4389,E,,Public,24 hours daily,,,,,,1,,,ChargePoint Network,https://www.chargepoint.com,GPS,39.923887,-83.123632,2026-08-19,233238,2026-08-19 02:02:10 UTC,,,,2022-10-11,,,,,J1772,US,,,,Public,,public,,,,,,,,,,,,,,,,,,,,false,,,,,,,,,false,
ELEC,UTOLEDO MC ENGINEERING 2,1510 N Westwood Ave,,Toledo,OH,43606,,888-758-4389,E,,Public,24 hours daily,,,,,,2,,,ChargePoint Network,https://www.chargepoint.com,GPS,41.65443,-83.606674,2026-08-19,233263,2026-08-19 02:08:55 UTC,,,,2022-10-11,,,,,J1772,US,,,,Public,,public,,,,,,,,,,,,,,,,,,,,false,,,,,,,,,false,
ELEC,UTOLEDO MC ENGINEERING 1,1510 N Westwood Ave,,Toledo,OH,43606,,888-758-4389,E,,Public,24 hours daily,,,,,,2,,,ChargePoint Network,https://www.chargepoint.com,GPS,41.654373,-83.60667,2026-08-19,233264,2026-08-19 02:08:55 UTC,,,,2022-10-11,,,,,J1772,US,,,,Public,,public,,,,,,,,,,,,,,,,,,,,false,,,,,,,,,false,
ELEC,Ohio's Hospice of Dayton,324 Wilmington Ave,,Dayton,OH,45420,,937-256-4490,E,,Public - Credit card at all times,24 hours daily,,,,,,2,,,Non-Networked,,GPS,39.7343141637551,-84.1595507335383,2026-07-15,233377,2026-07-15 18:38:56 UTC,P,,,2022-10-12,,,,,J1772,US,,,,Public - Carte de crédit en tout temps,,public,CREDIT_CARD_ALWAYS,,PARKING_LOT,,,,,,,Free,,,,,,,,,,false,,,,,,,,LD,false,
ELEC,Five Rivers Health Centers,721 Miami Chapel Rd,,Dayton,OH,45417,,937-281-6800,E,,Public - Credit card at all times,24 hours daily,A D Debit M V,,,,,2,,,Non-Networked,,GPS,39.7393139013466,-84.2072923803495,2026-07-15,233378,2026-07-15 18:38:56 UTC,P,,,2022-10-12,,,,,J1772,US,,,,Public - Carte de crédit en tout temps,,public,CREDIT_CARD_ALWAYS,,PARKING_LOT,,,,,,,,,,,,,,,,,false,,,,,,,,LD,false,
ELEC,White Allen Volkswagen,6840 N Springboro Pike,,Dayton,OH,45449,,937-425-2800,E,,Public - Credit card at all times,24 hours daily; for service and customers only,A D Debit M V,,,,,,1,,Non-Networked,,GPS,39.6513284248742,-84.2234802819637,2026-07-15,233380,2026-07-15 18:38:56 UTC,P,,,2022-10-12,,,,,J1772COMBO,US,,,,Public - Carte de crédit en tout temps,,public,CREDIT_CARD_ALWAYS,,CAR_DEALER,,,,,,,Free,,,,,,,,,,true,,,,,,,,LD,false,
ELEC,Dayton Childrens South,3303 W Tech Rd,,Miamisburg,OH,45342,,937-641-5725,E,,Public - Call ahead,24 hours daily; for visitors and employee use only,A D Debit M V,,,,,2,,,Non-Networked,,GPS,39.588447124725,-84.2385091351785,2026-07-15,233381,2026-07-15 18:38:56 UTC,P,,,2022-10-12,,,,,J1772,US,,,,Public - Appeler à l'avance,,public,CALL,,PARKING_LOT,,,,,,,,,,,,,,,,,true,,,,,,,,LD,true,
ELEC,EV PARKING 0001 EV PARKING 0001,89 First St,Parking Terrace Level 1,Hudson,OH,44236,,888-758-4389,E,,Public,24 hours daily,,,,,,2,,,ChargePoint Network,https://www.chargepoint.com,GPS,41.24129,-81.441396,2026-08-19,233446,2026-08-19 02:07:24 UTC,,,,2022-10-14,,,,,J1772,US,,,,Public,,public,,,,,,,,,,,,,,,,,,,,false,,,,,,,,,false,
ELEC,SORTA Oakley Transit Center,3301 Ibsen Ave,,Cincinnati,OH,45209,,888-356-8911,E,,Public,24 hours daily,,,,,,4,,,FLO,https://www.flo.com,GPS,39.1609302,-84.4237133,2026-08-19,234322,2026-08-19 04:03:26 UTC,,,,2022-10-14,,,,,J1772,US,,,,Public,,public,,,,,,,,,,,,,,,,,,,,false,,,,,,,,,false,
ELEC,NEW ALBANY NEW ALBANY MOB3,5150 E Dublin Granville Rd,LEFT OF FRONT ENTRANCE,Westerville,OH,43081,,888-758-4389,E,,Public,24 hours daily,,,,,,2,,,ChargePoint Network,https://www.chargepoint.com,GPS,40.079835,-82.85297,2026-08-19,234625,2026-08-19 02:07:14 UTC,,,,2022-10-19,,,,,J1772,US,,,,Public,,public,,,,,,,,,,,,,,,,,,,,false,,,,,,,,,false,
ELEC,NEW ALBANY NEW ALBANY MOB2,5150 E Dublin Granville Rd,LEFT OF FRONT ENTRANCE,Westerville,OH,43081,,888-758-4389,E,,Public,24 hours daily,,,,,,2,,,ChargePoint Network,https://www.chargepoint.com,GPS,40.079835,-82.85297,2026-08-19,234626,2026-08-19 02:07:14 UTC,,,,2022-10-19,,,,,J1772,US,,,,Public,,public,,,,,,,,,,,,,,,,,,,,false,,,,,,,,,false,
ELEC,NEW ALBANY NEW ALBANY MOB1,5150 E Dublin Granville Rd,LEFT OF FRONT ENTRANCE,Westerville,OH,43081,,888-758-4389,E,,Public,24 hours daily,,,,,,2,,,ChargePoint Network,https://www.chargepoint.com,GPS,40.079835,-82.85297,2026-08-19,234627,2026-08-19 02:07:14 UTC,,,,2022-10-19,,,,,J1772,US,,,,Public,,public,,,,,,,,,,,,,,,,,,,,false,,,,,,,,,false,
ELEC,PRESTON HYUNDAI INVENTORY,7554 Market St,Inventory,Boardman,OH,44512,,888-758-4389,E,,Public,24 hours daily,,,,,,,1,,ChargePoint Network,https://www.chargepoint.com,GPS,41.016727,-80.663109,2026-08-19,234711,2026-08-19 02:02:45 UTC,,,,2022-10-21,,,,,CHADEMO J1772COMBO,US,,,,Public,,public,,,,,,,,,,,,,,,,,,,,false,,,,,,,,,false,
ELEC,PRESTON HYUNDAI PARKING,7554 Market St,Parking Lot,Boardman,OH,44512,,888-758-4389,E,,Public,24 hours daily,,,,,,,1,,ChargePoint Network,https://www.chargepoint.com,GPS,41.016611,-80.663247,2026-08-19,234729,2026-08-19 02:09:07 UTC,,,,2022-10-21,,,,,CHADEMO J1772COMBO,US,,,,Public,,public,,,,,,,,,,,,,,,,,,,,false,,,,,,,,,false,
ELEC,EV CITY CHARGER STATION 2,38 Whittlesey Ave,rear city hall parking lot,Norwalk,OH,44857,,888-758-4389,E,,Public,24 hours daily,,,,,,2,,,ChargePoint Network,https://www.chargepoint.com,GPS,41.24351,-82.616138,2026-08-19,234732,2026-08-19 02:09:10 UTC,,,,2022-10-21,,,,,J1772,US,,,,Public,,public,,,,,,,,,,,,,,,,,,,,false,,,,,,,,,false,
ELEC,EV CITY CHARGER STATION1,30 W Seminary St,Municipal Parking Lot,Norwalk,OH,44857,,888-758-4389,E,,Public,24 hours daily,,,,,,2,,,ChargePoint Network,https://www.chargepoint.com,GPS,41.240496,-82.616919,2026-08-19,234733,2026-08-19 02:09:10 UTC,,,,2022-10-21,,,,,J1772,US,,,,Public,,public,,,,,,,,,,,,,,,,,,,,false,,,,,,,,,false,
ELEC,Jake Sweeney Chevrolet,33 W Kemper Rd,,Cincinnati,OH,45246,,,E,,Private,24 hours daily; for service use only,A D Debit M V,,,,,,3,,Non-Networked,,GPS,39.287104771444,-84.4688099599265,2026-07-15,234913,2026-07-15 18:38:56 UTC,P,,,2022-10-18,,,,,J1772COMBO,US,,,,Privé,,private,,,CAR_DEALER,,,,,,,,,,,,,,,,,,,,,,,,,LD,false,
ELEC,Jeff Wyler Honda - Colerain,8950 Colerain Ave,,Cincinnati,OH,45251,,513-741-3700,E,,Private - Call ahead,24 hours daily; for service and customers only,A D Debit M V,,,,,1,,,Non-Networked,,GPS,39.2343059603957,-84.5903739051014,2026-07-15,234915,2026-08-14 15:33:43 UTC,P,,,2022-10-18,,,,,J1772,US,,,,Privé - Appeler à l'avance,,private,CALL,,CAR_DEALER,,,,,,,,,,,,,,,,,,,,,,,,,LD,false,
ELEC,Mike Castrucci Chrysler Jeep Dodge Ram,3700 Red Bank Rd,,Cincinnati,OH,45227,,,E,,Private,24 hours daily; for service use only,A D Debit M V,,,,,1,,,Non-Networked,,GPS,39.1419636714846,-84.4037783944679,2026-07-15,234916,2026-07-15 18:38:56 UTC,P,,,2022-10-18,,,,,J1772,US,,,,Privé,,private,,,CAR_DEALER,,,,,,,,,,,,,,,,,,,,,,,,,LD,false,
ELEC,The Lytle Park Hotel,311 Pike St,,Cincinnati,OH,45202,,513-621-4500,E,,Public - Credit card at all times,24 hours daily; for guest use only; pay lot,A D Debit M V,,,,,2,,,Non-Networked,,GPS,39.1010073541554,-84.5029791965764,2026-07-15,234919,2026-07-15 18:38:56 UTC,P,,,2022-10-18,,,,,J1772,US,,,,Public - Carte de crédit en tout temps,,public,CREDIT_CARD_ALWAYS,,HOTEL,,,,,,,Free with valet; $48 per night,,,,,,,,,,true,,,,,,,,LD,false,
ELEC,MSD Administration Building,1081 Woodrow St,,Cincinnati,OH,45204,,513-244-1300,E,,Public - Credit card at all times,24 hours daily,A D Debit M V,,,,,2,,,Non-Networked,,GPS,39.1100267624653,-84.5485840892261,2025-07-03,234920,2026-02-02 23:16:24 UTC,P,,,2022-10-18,,,,,J1772,US,,,,Public - Carte de crédit en tout temps,,public,CREDIT_CARD_ALWAYS,,PARKING_LOT,,,,,,,,,,,,,,,,,false,,,,,,,,LD,false,
ELEC,Cedarville University - Wood Hall,251 N Main St,,Cedarville,OH,45314,,937-766-7700,E,,Public - Credit card at all times,24 hours daily; for student and staff use only during the academic year,A D Debit M V,,,,,4,,,Non-Networked,,GPS,39.7532422571802,-83.8144150818727,2026-07-15,234922,2026-07-15 18:38:56 UTC,P,,,2022-10-18,,,,,J1772,US,,,,Public - Carte de crédit en tout temps,,public,CREDIT_CARD_ALWAYS,,COLLEGE_CAMPUS,,,,,,,,,,,,,,,,,true,,,,,,,,LD,true,
ELEC,Phat Daddy's Pizza,15 E 1st St,,London,OH,43140,,,E,,Private,24 hours daily; for business use only,A D Debit M V,,,,,1,,,Non-Networked,,GPS,39.8854971576815,-83.4462832503166,2026-07-15,234923,2026-07-15 18:38:56 UTC,P,,,2022-10-18,,,,,J1772,US,,,,Privé,,private,,,RESTAURANT,,,,,,,Free,,,,,,,,,,,,,,,,,,LD,true,
ELEC,White's Ford,1246 N Main St,,Urbana,OH,43078,,937-653-5279,E,,Public - Call ahead,24 hours daily; service use only,A D Debit M V,,,,,1,,,Non-Networked,,GPS,40.1255993276315,-83.7495862185451,2024-12-10,234924,2026-07-10 16:31:52 UTC,P,,,2022-10-18,,,,,J1772,US,,,,Public - Appeler à l'avance,,public,CALL,,CAR_DEALER,,,,,,,,,,,,,,,,,true,,,,,,,,LD,false,
ELEC,Baumann Ford Genoa,22110 OH-51,,Genoa,OH,43430,,419-855-8366,E,,Private,24 hours daily; for service use only,A D Debit M V,,,,,2,,,Non-Networked,,GPS,41.5318369254433,-83.3603073076742,2026-07-15,234927,2026-07-15 18:38:56 UTC,P,,,2022-10-18,,,,,J1772,US,,,,Privé,,private,,,CAR_DEALER,,,,,,,,,,,,,,,,,,,,,,,,,LD,false,
ELEC,Laria Chevrolet,112 E Ohio Ave,,Rittman,OH,44270,,,E,,Private,24 hours daily; for service use only,A D Debit M V,,,,,2,,,Non-Networked,,GPS,40.9726073565799,-81.7775984826621,2026-07-15,234928,2026-07-15 18:38:56 UTC,P,,,2022-10-18,,,,,J1772,US,,,,Privé,,private,,,CAR_DEALER,,,,,,,,,,,,,,,,,,,,,,,,,LD,false,
ELEC,Sherman Ave & Station Ave Parking Lot,2087 Sherman Ave,,Norwood,OH,45212,,833-692-6787,E,,Public - Credit card at all times,24 hours daily,A D Debit M V,,,,,2,,,AMPUP,https://ampup.io,GPS,39.1606803112287,-84.4572805685477,2022-11-10,234967,2026-08-05 18:21:35 UTC,P,,,2022-10-18,,,,,J1772,US,,,,Public - Carte de crédit en tout temps,,public,CREDIT_CARD_ALWAYS,,PARKING_LOT,,,,,,,,,,,,,,,,,false,,,,,,,,LD,false,
ELEC,CONSOLIDATED CONSOLIDATEDDEL,4993 State Rte 521,Front parking lot at Consolidated Cooperative,Delaware,OH,43015,,888-758-4389,E,,Public,24 hours daily,,,,,,2,,,ChargePoint Network,https://www.chargepoint.com,GPS,40.327538,-82.9722,2026-08-19,235001,2026-08-19 02:09:13 UTC,,,,2022-10-22,,,,,J1772,US,,,,Public,,public,,,,,,,,,,,,,,,,,,,,false,,,,,,,,,false,
ELEC,NW ORLEANS PROP STATION 2WEST,3157 Hollister Ln,Harmon Building,Perrysburg,OH,43551,,888-758-4389,E,,Public,24 hours daily,,,,,,2,,,ChargePoint Network,https://www.chargepoint.com,GPS,41.526907,-83.64309,2026-08-19,235290,2026-08-19 02:09:30 UTC,,,,2022-10-27,,,,,J1772,US,,,,Public,,public,,,,,,,,,,,,,,,,,,,,false,,,,,,,,,false,
ELEC,CLOUD ROSE STATION2,6800 Executive Blvd,,Dayton,OH,45424,,888-758-4389,E,,Public,24 hours daily,,,,,,2,,,ChargePoint Network,https://www.chargepoint.com,GPS,39.868893,-84.112722,2026-08-19,235310,2026-08-19 02:06:23 UTC,,,,2022-10-28,,,,,J1772,US,,,,Public,,public,,,,,,,,,,,,,,,,,,,,false,,,,,,,,,false,
ELEC,CLOUD ROSE STATION1,6800 Executive Blvd,,Dayton,OH,45424,,888-758-4389,E,,Public,24 hours daily,,,,,,2,,,ChargePoint Network,https://www.chargepoint.com,GPS,39.868893,-84.11266,2026-08-19,235475,2026-08-19 02:06:22 UTC,,,,2022-10-31,,,,,J1772,US,,,,Public,,public,,,,,,,,,,,,,,,,,,,,false,,,,,,,,,false,
ELEC,Oberlin Elementary School,210 N Park St,,Oberlin,OH,44074,,,E,,Public - Credit card at all times,24 hours daily,CREDIT D M V,,,,,4,,,Non-Networked,,200-8,41.29571,-82.21249,2026-07-15,235484,2026-07-15 18:38:56 UTC,P,,,2022-10-26,,,,,J1772,US,,,,Public - Carte de crédit en tout temps,,public,CREDIT_CARD_ALWAYS,,SCHOOL,,,,,,,$1.55 per kWh,,,,,,,,,SOLAR,false,,,,,,,,LD,false,
ELEC,DONATOS HOME OF STORE 14,3489 N High St,,Columbus,OH,43214,,888-758-4389,T,2026-03-31,TEMPORARILY UNAVAILABLE (Public),24 hours daily,,,,,,1,,,ChargePoint Network,https://www.chargepoint.com,GPS,40.033374,-83.016761,2026-08-19,235486,2026-08-19 01:19:33 UTC,,,,2022-11-01,,,,,J1772,US,,,,TEMPORAIREMENT SUSPENDU (Public),,public,,,,,,,,,,,,,,,,,,,,false,,,,,,,,,false,
ELEC,THE BEND VC BEND EV1,1541 Timbertop St,,Lancaster,OH,43130,,888-758-4389,E,,Public,24 hours daily,,,,,,2,,,ChargePoint Network,https://www.chargepoint.com,GPS,39.73924,-82.625602,2026-08-19,235553,2026-08-19 02:09:40 UTC,,,,2022-11-02,,,,,J1772,US,,,,Public,,public,,,,,,,,,,,,,,,,,,,,false,,,,,,,,,false,
ELEC,HOCKING HILLS STATION 2,20020 OH-664,Main Parking Lot,Logan,OH,43138,,888-758-4389,E,,Public,24 hours daily,,,,,,2,,,ChargePoint Network,https://www.chargepoint.com,GPS,39.425032,-82.550704,2026-08-19,235804,2026-08-19 02:08:30 UTC,,,,2022-11-08,,,,,J1772,US,,,,Public,,public,,,,,,,,,,,,,,,,,,,,false,,,,,,,,,false,
ELEC,HOCKING HILLS STATION 1,20020 OH-664,Main Parking Lot,Logan,OH,43138,,888-758-4389,E,,Public,24 hours daily,,,,,,2,,,ChargePoint Network,https://www.chargepoint.com,GPS,39.425045,-82.550596,2026-08-19,235805,2026-08-19 02:08:30 UTC,,,,2022-11-08,,,,,J1772,US,,,,Public,,public,,,,,,,,,,,,,,,,,,,,false,,,,,,,,,false,
ELEC,First National Bank,1000 E Main St.,,Lebanon,OH,45036,,888-356-8911,E,,Public,24 hours daily,,,,,,2,,,FLO,https://www.flo.com,GPS,39.4306908,-84.1867456,2026-08-19,235828,2026-08-19 04:03:55 UTC,,,,2022-11-08,,,,,J1772,US,,,,Public,,public,,,,,,,,,,,,,,,,,,,,false,,,,,,,,,false,
ELEC,City Hall Rear Lot,131 Court Street,,Elyria,OH,44035,,888-998-2546,E,,Public,24 hours daily,,,,,,2,,,Blink Network,https://blinkcharging.com,GPS,41.3670013,-82.1081948,2026-08-19,235832,2026-08-19 00:34:05 UTC,,,,2022-09-17,,,,,J1772,US,,,,Public,,public,,,,,,,,,,FREE,,,,,,,,,,false,,,,,,,,,false,
ELEC,THE BEND VC BEND EV2,1541 Timbertop St,,Lancaster,OH,43130,,888-758-4389,E,,Public,24 hours daily,,,,,,2,,,ChargePoint Network,https://www.chargepoint.com,GPS,39.739232,-82.625602,2026-08-19,235964,2026-08-19 02:09:40 UTC,,,,2022-11-11,,,,,J1772,US,,,,Public,,public,,,,,,,,,,,,,,,,,,,,false,,,,,,,,,false,
ELEC,METROHEALTH1 P1-#8,3525 Scranton Rd,APEX Garage Level 3,Cleveland,OH,44109,,888-758-4389,E,,Public,24 hours daily,,,,,,2,,,ChargePoint Network,https://www.chargepoint.com,GPS,41.458055,-81.699453,2026-08-19,236100,2026-08-19 02:08:17 UTC,,,,2022-11-15,,,,,J1772,US,,,,Public,,public,,,,,,,,,,,,,,,,,,,,false,,,,,,,,,false,
ELEC,COPPUS MOTORS 1 COPPUS MOTORS,2190 W Market St,West Side of Service Dept,Tiffin,OH,44883,,888-758-4389,E,,Public,24 hours daily,,,,,,,1,,ChargePoint Network,https://www.chargepoint.com,GPS,41.109884,-83.211489,2026-08-19,236412,2026-08-19 02:10:39 UTC,,,,2022-11-22,,,,,J1772COMBO,US,,,,Public,,public,,,,,,,,,,,,,,,,,,,,false,,,,,,,,,false,
ELEC,3CDC RACE & LIBERTY,1545 Race St,,Cincinnati,OH,45202,,888-758-4389,E,,Public,24 hours daily,,,,,,2,,,ChargePoint Network,https://www.chargepoint.com,GPS,39.112682,-84.517807,2026-08-19,236488,2026-08-19 02:10:12 UTC,,,,2022-11-23,,,,,J1772,US,,,,Public,,public,,,,,,,,,,,,,,,,,,,,false,,,,,,,,,false,
ELEC,HI MAYFIELD STATION 01,780 Beta Dr,,Mayfield,OH,44143,,888-758-4389,E,,Public,24 hours daily,,,,,,2,,,ChargePoint Network,https://www.chargepoint.com,GPS,41.54014,-81.446523,2026-08-19,236940,2026-08-19 02:10:52 UTC,,,,2022-12-02,,,,,J1772,US,,,,Public,,public,,,,,,,,,,,,,,,,,,,,false,,,,,,,,,false,
ELEC,SUMMIT TOYOTA STATION 1,1535 Vernon Odom Blvd,,Akron,OH,44320,,888-758-4389,E,,Public,24 hours daily,,,,,,1,,,ChargePoint Network,https://www.chargepoint.com,GPS,41.063476,-81.577133,2026-08-19,236997,2026-08-19 02:10:47 UTC,,,,2022-12-03,,,,,J1772,US,,,,Public,,public,,,,,,,,,,,,,,,,,,,,false,,,,,,,,,false,
ELEC,Deacon's Chrysler Dodge Jeep RAM,835 Som Center Rd,,Mayfield,OH,44143,,440-442-0424,E,,Public - Call ahead,24 hours daily,A D Debit M V,,,,,2,,,Non-Networked,,GPS,41.5378946099099,-81.438320846849,2026-07-15,237055,2026-07-15 18:38:56 UTC,P,,,2022-11-28,,,,,J1772,US,,,,Public - Appeler à l'avance,,public,CALL,,CAR_DEALER,,,,,,,,,,,,,,,,,false,,,,,,,,LD,false,
ELEC,Latitude - 5265 Natorp,5265 Natrop Blvd,,Mason,OH,45040,,888-356-8911,E,,Public,24 hours daily,,,,,,2,,,FLO,https://www.flo.com,GPS,39.299806,-84.320139,2026-08-19,237212,2026-08-19 04:03:18 UTC,,,,2022-12-06,,,,,J1772,US,,,,Public,,public,,,,,,,,,,,,,,,,,,,,false,,,,,,,,,false,
ELEC,49 Hundred Apartments,4900 Hunt Road,,Blue Ash,OH,45242,,888-356-8911,E,,Public,24 hours daily,,,,,,10,,,FLO,https://www.flo.com,GPS,39.2286342,-84.3747964,2026-08-19,237216,2026-08-19 04:04:11 UTC,,,,2022-12-06,,,,,J1772,US,,,,Public,,public,,,,,,,,,,,,,,,,,,,,false,,,,,,,,,false,
ELEC,Washington Township RecPlex,895 Miamisburg Centerville Rd,,Washington Township,OH,45459,,937-433-0130,E,,Public,6am-9pm daily,ANDROID_PAY APPLE_PAY CREDIT Debit,,,,,2,,,ChargePoint Network,https://www.chargepoint.com,200-8,39.62847,-84.18514,2025-07-03,237225,2026-02-02 23:16:24 UTC,P,,,2022-09-28,,,,,J1772,US,,,,Public,,public,,,REC_SPORTS_FACILITY,,,,,,,$1 per hour,,,,,,,,,NONE,false,,,,,,,,LD,false,
ELEC,2406,806 N Main St,,Findlay,OH,45840,,866-816-7584,E,,Public,24 hours daily,,,,,,4,,,EV Connect,https://www.evconnect.com,GPS,41.050663,-83.650428,2026-08-19,237824,2026-08-19 03:46:05 UTC,,,,2022-12-13,,,,,J1772,US,,,,Public,,public,,,,,,,,,,,,,,,,,,,,false,,,,,,,,,false,
ELEC,Airpark Main,145 Hunter Dr,,Wilmington,OH,45177,,888-998-2546,E,,Public,24 hours daily,,,,,,4,,,Blink Network,https://blinkcharging.com,GPS,39.43219546,-83.78538718,2026-08-19,237882,2026-08-19 00:34:30 UTC,,,,2022-11-17,,,,,J1772,US,,,,Public,,public,,,,,,,,,,,,,,,,,,,,false,,,,,,,,,false,
ELEC,ZCI General Contracting,29 W. Xenia Ave,,Cedarville,OH,45314,,888-998-2546,E,,Public,24 hours daily,,,,,,2,,,Blink Network,https://blinkcharging.com,GPS,39.7408372,-83.8075504,2026-08-19,237893,2026-08-19 00:34:27 UTC,,,,2022-10-31,,,,,J1772,US,,,,Public,,public,,,,,,,,,,,,,,,,,,,,false,,,,,,,,,false,
ELEC,NATIONWIDECHILD NCH-AG ST2,500 Butterfly Gardens Drive,Garage - Level 1,Columbus,OH,43215,,888-758-4389,E,,Public,24 hours daily,,,,,,2,,,ChargePoint Network,https://www.chargepoint.com,GPS,39.953077,-82.986485,2026-08-19,237923,2026-08-19 02:10:18 UTC,,,,2022-12-14,,,,,J1772,US,,,,Public,,public,,,,,,,,,,,,,,,,,,,,false,,,,,,,,,false,
ELEC,NATIONWIDECHILD NCH-AG-ST4,500 Butterfly Gardens Drive,Garage - Level 2,Columbus,OH,43215,,888-758-4389,E,,Public,24 hours daily,,,,,,2,,,ChargePoint Network,https://www.chargepoint.com,GPS,39.952929,-82.986582,2026-08-19,238256,2026-08-19 02:10:18 UTC,,,,2022-12-16,,,,,J1772,US,,,,Public,,public,,,,,,,,,,,,,,,,,,,,false,,,,,,,,,false,
ELEC,NATIONWIDECHILD NCH-AG-ST5,500 Butterfly Gardens Drive,Garage - Level 2,Columbus,OH,43215,,888-758-4389,E,,Public,24 hours daily,,,,,,2,,,ChargePoint Network,https://www.chargepoint.com,GPS,39.953127,-82.986464,2026-08-19,238257,2026-08-19 02:10:18 UTC,,,,2022-12-16,,,,,J1772,US,,,,Public,,public,,,,,,,,,,,,,,,,,,,,false,,,,,,,,,false,
ELEC,NATIONWIDECHILD NCH-AG-ST3,500 Butterfly Gardens Drive,Garage - Level 1,Columbus,OH,43215,,888-758-4389,E,,Public,24 hours daily,,,,,,2,,,ChargePoint Network,https://www.chargepoint.com,GPS,39.953102,-82.986539,2026-08-19,238298,2026-08-19 02:10:18 UTC,,,,2022-12-17,,,,,J1772,US,,,,Public,,public,,,,,,,,,,,,,,,,,,,,false,,,,,,,,,false,
ELEC,NATIONWIDECHILD NCH-AG-ST6,500 Butterfly Gardens Drive,,Columbus,OH,43215,,888-758-4389,E,,Public,24 hours daily,,,,,,2,,,ChargePoint Network,https://www.chargepoint.com,GPS,39.953077,-82.986496,2026-08-19,238299,2026-08-19 02:10:18 UTC,,,,2022-12-17,,,,,J1772,US,,,,Public,,public,,,,,,,,,,,,,,,,,,,,false,,,,,,,,,false,
ELEC,CONT FLN 1 HQ CHARGER 1,703 Kumho Dr,Charger Located Near Main Entrance Between the Two Buildings,Fairlawn,OH,44333,,888-758-4389,E,,Public,24 hours daily,,,,,,,1,,ChargePoint Network,https://www.chargepoint.com,GPS,41.11804,-81.63845,2026-08-19,238447,2026-08-19 02:10:04 UTC,,,,2022-12-20,,,,,CHADEMO J1772COMBO,US,,,,Public,,public,,,,,,,,,,,,,,,,,,,,false,,,,,,,,,false,
ELEC,PLP (Preformed Line Products),660 Beta Dr,,Mayfield,OH,44143,,,E,,Private,24 hours daily; for employee use only,,,,,,4,,,Non-Networked,,GPS,41.54447952352,-81.446802393143,2025-08-12,238559,2026-02-02 23:16:24 UTC,P,,,2022-12-19,,,,,J1772,US,,,,Privé,,private,,,PARKING_LOT,,,,,,,Free,,,,,,,,,NONE,,,,,,,,,LD,true,
ELEC,2407,1909 Tiffin Ave,,Findlay,OH,45840,,866-816-7584,E,,Public,24 hours daily,,,,,,2,,,EV Connect,https://www.evconnect.com,GPS,41.052992,-83.611686,2026-08-19,238737,2026-08-19 03:46:04 UTC,,,,2022-12-24,,,,,J1772,US,,,,Public,,public,,,,,,,,,,,,,,,,,,,,false,,,,,,,,,false,
ELEC,3CDC YMCA LOT,270 Charles st,center of parking lot,Cincinnati,OH,45202,,888-758-4389,E,,Public,24 hours daily,,,,,,2,,,ChargePoint Network,https://www.chargepoint.com,GPS,39.107134,-84.518964,2026-08-19,238749,2026-08-19 02:10:08 UTC,,,,2022-12-26,,,,,J1772,US,,,,Public,,public,,,,,,,,,,,,,,,,,,,,false,,,,,,,,,false,
ELEC,SUMMIT TOYOTA FRONT STATION,1535 Vernon Odom Blvd,,Akron,OH,44320,,888-758-4389,E,,Public,24 hours daily,,,,,,2,,,ChargePoint Network,https://www.chargepoint.com,GPS,41.063436,-81.577058,2026-08-19,240764,2026-08-19 02:12:15 UTC,,,,2022-12-31,,,,,J1772,US,,,,Public,,public,,,,,,,,,,,,,,,,,,,,false,,,,,,,,,false,
ELEC,Legacy Village - Station 1,24665 Cedar Rd,,Lyndhurst,OH,44124,,216-382-3871,E,,Public,24 hours daily,CREDIT Debit,,,,,2,,,ChargePoint Network,https://www.chargepoint.com,200-8,41.50388,-81.50437,2026-01-13,240840,2026-02-02 23:16:24 UTC,P,,,2022-05-01,,,,,J1772,US,,,,Public,,public,,,SHOPPING_CENTER,,,,,,,,,,,,,,,,,false,,,,,,,,LD,false,
ELEC,"Wilcox Communities- Park Rd QOZB, LLC",7830 Alta Dr.,,Columbus,OH,43085,,888-998-2546,E,,Public,24 hours daily,,,,,,6,,,Blink Network,https://blinkcharging.com,GPS,40.125192,-83.003139,2026-08-19,250401,2026-08-19 00:12:34 UTC,,,,2022-06-09,,,,,J1772,US,,,,Public,,public,,,,,,,,,,Free,,,,,,,,,,false,,,,,,,,,false,
ELEC,MGH MGH 3 CANCER CT,250 Executive Dr,BEHIND CANCER CENTER,Marion,OH,43302,,888-758-4389,E,,Public,24 hours daily,,,,,,2,,,ChargePoint Network,https://www.chargepoint.com,GPS,40.569957,-83.128313,2026-08-19,250434,2026-08-19 02:12:20 UTC,,,,2023-01-09,,,,,J1772,US,,,,Public,,public,,,,,,,,,,,,,,,,,,,,false,,,,,,,,,false,
ELEC,MGH MGH 4 CANCER CT,250 Executive Dr,BEHIND CANCER CENTER,Marion,OH,43302,,888-758-4389,E,,Public,24 hours daily,,,,,,2,,,ChargePoint Network,https://www.chargepoint.com,GPS,40.569957,-83.128313,2026-08-19,250435,2026-08-19 02:12:21 UTC,,,,2023-01-09,,,,,J1772,US,,,,Public,,public,,,,,,,,,,,,,,,,,,,,false,,,,,,,,,false,
ELEC,Jeff Schmitt Mitsubishi,1045 N Central Ave,,Fairbon,OH,45324,,888-998-2546,E,,Public,24 hours daily,,,,,,1,,,Blink Network,https://blinkcharging.com,GPS,39.83281,-84.018566,2026-08-19,250465,2026-08-19 00:30:31 UTC,,,,2023-01-09,,,,,J1772,US,,,,Public,,public,,,,,,,,,,Free,,,,,,,,,,false,,,,,,,,,false,
ELEC,FOREST PARK EV STATION 1,1215 W Kemper Rd,,Cincinnati,OH,45240,,888-758-4389,E,,Public,24 hours daily,,,,,,2,,,ChargePoint Network,https://www.chargepoint.com,GPS,39.28784,-84.525154,2026-08-19,250651,2026-08-19 01:56:55 UTC,,,,2023-01-12,,,,,J1772,US,,,,Public,,public,,,,,,,,,,,,,,,,,,,,false,,,,,,,,,false,
ELEC,FOREST PARK EV STATION 2,1215 W Kemper Rd,,Cincinnati,OH,45240,,888-758-4389,E,,Public,24 hours daily,,,,,,2,,,ChargePoint Network,https://www.chargepoint.com,GPS,39.287916,-84.525148,2026-08-19,250652,2026-08-19 01:56:55 UTC,,,,2023-01-12,,,,,J1772,US,,,,Public,,public,,,,,,,,,,,,,,,,,,,,false,,,,,,,,,false,
ELEC,Local Roots Market & Caf‚àö¬© - Tesla Destination,140 S Walnut St,,Wooster,OH,44691,,877-798-3752,E,,Public,,,,,,,2,,,Tesla Destination,https://www.tesla.com/destination-charging,GPS,40.797261,-81.94114,2024-07-01,250920,2025-02-12 00:16:32 UTC,P,,,2022-03-30,,,,,TESLA,US,,,,Public,,public,,,,,,,,,,,,,,,,,,,,,,,,,,,,,false,
ELEC,Hotel Parking Garage at Bridge Park - Tesla Destination,6725 Longshore Street,,Dublin,OH,43017,,877-798-3752,E,,Public,,,,,,,3,,,Tesla Destination,https://www.tesla.com/destination-charging,GPS,40.1007,-83.10853,2024-07-01,250965,2025-02-12 00:16:32 UTC,P,,,2022-03-25,,,,,TESLA,US,,,,Public,,public,,,,,,,,,,,,,,,,,,,,,,,,,,,,,false,
ELEC,Aloft Cincinnati West Chester - Tesla Destination,9183  Centre Pointe Dr,,West Chester,OH,45069,,877-798-3752,E,,Public,,,,,,,2,,,Tesla Destination,https://www.tesla.com/destination-charging,GPS,39.32655,-84.42641,2024-07-01,251037,2025-02-12 00:16:32 UTC,P,,,2021-06-22,,,,,TESLA,US,,,,Public,,public,,,,,,,,,,,,,,,,,,,,,,,,,,,,,false,
ELEC,"Beavercreek, OH - Tesla Supercharger",3822 Colonel Glenn Highway,,Beavercreek,OH,45324,,877-798-3752,E,,Public,24 hours daily. NACS partner enabled.,A D Debit M V,,,,,,12,,Tesla,https://www.tesla.com/supercharger,GPS,39.776138,-84.074429,2026-06-18,251149,2026-06-18 14:46:21 UTC,P,,,2023-01-18,,,,,TESLA,US,,,,Public,,public,,,GROCERY,,,,,,,,,,,,,,,,,false,,,,,,,,LD,true,
ELEC,City of London,186 N Main St,,London,OH,43140,,740-852-3243,E,,Public,Contact station for hours of availability,A ANDROID_PAY APPLE_PAY CREDIT D M,,,,,6,,,AMPUP,https://ampup.io,GPS,39.892201451,-83.45286072,2023-02-13,251261,2026-08-05 18:21:35 UTC,LG,,,2022-11-30,,,,,J1772,US,,,,Public,,public,,,MUNI_GOV,,,,,,,,,,,,,,,,,false,,,,,,,,LD,false,
ELEC,City of Sharonville,11325 Chester Rd,,Cincinnati,OH,45246,,513-563-0033,E,,Public,Contact station for hours of availability,A ANDROID_PAY APPLE_PAY CREDIT D M,,,,,4,,,AMPUP,https://ampup.io,GPS,39.280333793,-84.443457544,2023-02-13,251262,2026-08-05 18:21:35 UTC,LG,,,2021-11-24,,,,,J1772,US,,,,Public,,public,,,MUNI_GOV,,,,,,,,,,,,,,,,,false,,,,,,,,LD,false,
ELEC,Village of Evendale,10500 Reading Rd,,Cincinnati,OH,45241,,513-956-2665,E,,Public,Contact station for hours of availability,A ANDROID_PAY APPLE_PAY CREDIT D M,,,,,2,,,AMPUP,https://ampup.io,GPS,39.25686,-84.4185,2023-02-13,251273,2026-08-05 18:21:35 UTC,P,,,2022-11-04,,,,,J1772,US,,,,Public,,public,,,OTHER_ENTERTAINMENT,,,,,,,,,,,,,,,,,false,,,,,,,,LD,false,
ELEC,Fountain Place EV,505 Vine St,,Cincinnati,OH,45202,,,E,,Public,Contact station for hours of availability,,,,,,4,,,AMPUP,https://ampup.io,GPS,39.101435,-84.5138624,2023-06-12,251332,2026-08-05 18:21:35 UTC,P,,,2023-01-04,,,,,J1772,US,,,,Public,,public,,,OFFICE_BLDG,,,,,,,,,,,,,,,,,false,,,,,,,,LD,true,
ELEC,USIlluminations,600 E Cuyahoga Falls Ave,,Akron,OH,44310,,,E,,Private,Contact station for hours of availability,,,,,,2,,,AMPUP,https://ampup.io,GPS,41.1134272,-81.4973443,2023-09-14,251674,2026-08-05 18:21:35 UTC,P,,,2022-12-21,,,,,J1772,US,,,,Privé,,private,,,OTHER,,,,,,,,,,,,,,,,,,,,,,,,,LD,false,
ELEC,MATHEWS EAST MATHEWS EAST 2,1793 Marion-Mt Gilead Rd,,Marion,OH,43302,,888-758-4389,E,,Public,24 hours daily,,,,,,,1,,ChargePoint Network,https://www.chargepoint.com,GPS,40.58038,-83.08164,2026-08-19,251847,2026-08-19 02:09:19 UTC,,,,2023-01-25,,,,,CHADEMO J1772COMBO,US,,,,Public,,public,,,,,,,,,,,,,,,,,,,,false,,,,,,,,,false,
ELEC,GESMV GESMV CHARGER 2,735 E Main St,,Trotwood,OH,45426,,888-758-4389,E,,Public,24 hours daily,,,,,,1,,,ChargePoint Network,https://www.chargepoint.com,GPS,39.797878,-84.298498,2026-08-19,251897,2026-08-19 02:10:41 UTC,,,,2023-01-25,,,,,J1772,US,,,,Public,,public,,,,,,,,,,,,,,,,,,,,false,,,,,,,,,false,
ELEC,GESMV GESMV CHARGER 3,735 E Main St,,Trotwood,OH,45426,,888-758-4389,E,,Public,24 hours daily,,,,,,1,,,ChargePoint Network,https://www.chargepoint.com,GPS,39.797899,-84.298512,2026-08-19,251898,2026-08-19 02:10:41 UTC,,,,2023-01-25,,,,,J1772,US,,,,Public,,public,,,,,,,,,,,,,,,,,,,,false,,,,,,,,,false,
ELEC,GESMV GESMV CHARGER 1,735 E Main St,,Trotwood,OH,45426,,888-758-4389,E,,Public,24 hours daily,,,,,,1,,,ChargePoint Network,https://www.chargepoint.com,GPS,39.797833,-84.29853,2026-08-19,251899,2026-08-19 02:10:41 UTC,,,,2023-01-25,,,,,J1772,US,,,,Public,,public,,,,,,,,,,,,,,,,,,,,false,,,,,,,,,false,
ELEC,MATHEWS EAST MATHEWS EAST 1,1769 Marion-Mt Gilead Rd,,Marion,OH,43302,,888-758-4389,E,,Public,24 hours daily,,,,,,,1,,ChargePoint Network,https://www.chargepoint.com,GPS,40.580757,-83.0819,2026-08-19,251957,2026-08-19 02:12:29 UTC,,,,2023-01-25,,,,,CHADEMO J1772COMBO,US,,,,Public,,public,,,,,,,,,,,,,,,,,,,,false,,,,,,,,,false,
ELEC,GCCG 3,401 Jefferson Ave,Garage Level,Toledo,OH,43604,,888-758-4389,E,,Public,24 hours daily,,,,,,2,,,ChargePoint Network,https://www.chargepoint.com,GPS,41.6494,-83.536603,2026-08-19,251958,2026-08-19 02:12:29 UTC,,,,2023-01-25,,,,,J1772,US,,,,Public,,public,,,,,,,,,,,,,,,,,,,,false,,,,,,,,,false,
ELEC,GCCG 2,401 Jefferson Ave,Garage Level,Toledo,OH,43604,,888-758-4389,E,,Public,24 hours daily,,,,,,2,,,ChargePoint Network,https://www.chargepoint.com,GPS,41.649338,-83.536646,2026-08-19,251959,2026-08-19 02:12:29 UTC,,,,2023-01-25,,,,,J1772,US,,,,Public,,public,,,,,,,,,,,,,,,,,,,,false,,,,,,,,,false,
ELEC,GCCG 1,401 Jefferson Ave,Garage Level,Toledo,OH,43604,,888-758-4389,E,,Public,24 hours daily,,,,,,2,,,ChargePoint Network,https://www.chargepoint.com,GPS,41.649336,-83.536593,2026-08-19,251960,2026-08-19 02:12:29 UTC,,,,2023-01-25,,,,,J1772,US,,,,Public,,public,,,,,,,,,,,,,,,,,,,,false,,,,,,,,,false,
ELEC,GCCG 4,401 Jefferson Ave,Garage Level,Toledo,OH,43604,,888-758-4389,E,,Public,24 hours daily,,,,,,2,,,ChargePoint Network,https://www.chargepoint.com,GPS,41.649314,-83.536617,2026-08-19,251978,2026-08-19 02:12:47 UTC,,,,2023-01-25,,,,,J1772,US,,,,Public,,public,,,,,,,,,,,,,,,,,,,,false,,,,,,,,,false,
ELEC,VOSS STATION VOSS 2,676 Miamisburg Centerville Rd,,Dayton,OH,45459,,888-758-4389,E,,Public,Mon: 8:00am-10:00pm; Tue: 8:00am-10:00pm; Wed: 8:00am-10:00pm; Thu: 8:00am-10:00pm; Fri: 8:00am-10:00pm; Sat: 8:00am-10:00pm; Sun: 8:00am-10:00pm,,,,,,,1,,ChargePoint Network,https://www.chargepoint.com,GPS,39.626815,-84.177277,2026-08-19,252149,2026-08-19 02:05:50 UTC,,,,2023-01-26,,,,,CHADEMO J1772COMBO,US,,,,Public,,public,,,,,,,,,,,,,,,,,,,,false,,,,,,,,,false,
ELEC,VOSS STATION VOSS 1,766 Miamisburg Centerville Rd,,Centerville,OH,45459,,888-758-4389,E,,Public,Mon: 8:00am-10:00pm; Tue: 8:00am-10:00pm; Wed: 8:00am-10:00pm; Thu: 8:00am-10:00pm; Fri: 8:00am-10:00pm; Sat: 8:00am-10:00pm; Sun: 8:00am-10:00pm,,,,,,,1,,ChargePoint Network,https://www.chargepoint.com,GPS,39.626779,-84.177397,2026-08-19,252150,2026-08-19 02:05:51 UTC,,,,2023-01-26,,,,,CHADEMO J1772COMBO,US,,,,Public,,public,,,,,,,,,,,,,,,,,,,,false,,,,,,,,,false,
ELEC,BNC RIGHT,5995 Horseshoe Bend Rd,Interpretive Center parking lot,Troy,OH,45373,,888-758-4389,E,,Public,24 hours daily,,,,,,2,,,ChargePoint Network,https://www.chargepoint.com,GPS,40.016548,-84.317377,2026-08-19,252151,2026-08-19 02:06:14 UTC,,,,2023-01-26,,,,,J1772,US,,,,Public,,public,,,,,,,,,,,,,,,,,,,,false,,,,,,,,,false,
ELEC,BNC LEFT,5995 Horseshoe Bend Rd,Interpretive Center parking lot,Troy,OH,45373,,888-758-4389,E,,Public,24 hours daily,,,,,,2,,,ChargePoint Network,https://www.chargepoint.com,GPS,40.016769,-84.317555,2026-08-19,252176,2026-08-19 02:13:08 UTC,,,,2023-01-26,,,,,J1772,US,,,,Public,,public,,,,,,,,,,,,,,,,,,,,false,,,,,,,,,false,
ELEC,4th & Race,411 Race St,,Cincinnati,OH,45202,,866-816-7584,E,,Public,24 hours daily,,,,,,6,,,EV Connect,https://www.evconnect.com,GPS,39.100112,-84.514501,2026-08-19,252680,2026-08-19 03:46:06 UTC,,,,2023-01-31,,,,,J1772,US,,,,Public,,public,,,,,,,,,,,,,,,,,,,,false,,,,,,,,,false,
ELEC,IKEA USA WEST CHESTER 1,9500 West Chester Rd,,West Chester,OH,45069,,888-758-4389,E,,Public,24 hours daily,,,,,,2,,,ChargePoint Network,https://www.chargepoint.com,GPS,39.316033,-84.434478,2026-08-19,252803,2026-08-19 01:44:05 UTC,,,,2023-02-01,,,,,J1772,US,,,,Public,,public,,,,,,,,,,,,,,,,,,,,false,,,,,,,,,false,
ELEC,IKEA USA COLUMBUS 1,1900 Ikea Wy,Near main front entrance,Columbus,OH,43240,,888-758-4389,E,,Public,24 hours daily,,,,,,1,,,ChargePoint Network,https://www.chargepoint.com,GPS,40.14968,-82.966812,2026-08-19,252816,2026-08-19 01:59:26 UTC,,,,2023-02-01,,,,,J1772,US,,,,Public,,public,,,,,,,,,,,,,,,,,,,,false,,,,,,,,,false,
ELEC,IKEA USA COLUMBUS 2,1900 Ikea Wy,Near Main Entrance,Columbus,OH,43240,,888-758-4389,E,,Public,24 hours daily,,,,,,1,,,ChargePoint Network,https://www.chargepoint.com,GPS,40.149678,-82.966796,2026-08-19,252838,2026-08-19 02:00:04 UTC,,,,2023-02-01,,,,,J1772,US,,,,Public,,public,,,,,,,,,,,,,,,,,,,,false,,,,,,,,,false,
ELEC,9774,255 W. SOUTH ST.,,Fostoria,OH,44830,,866-816-7584,E,,Public,24 hours daily,,,,,,2,,,EV Connect,https://www.evconnect.com,GPS,41.155351,-83.418387,2026-08-19,252982,2026-08-19 03:46:06 UTC,,,,2023-02-02,,,,,J1772,US,,,,Public,,public,,,,,,,,,,,,,,,,,,,,false,,,,,,,,,false,
ELEC,9773,2801 Woodville Rd,,Northwood,OH,43619,,866-816-7584,E,,Public,24 hours daily,,,,,,2,,,EV Connect,https://www.evconnect.com,GPS,41.615274,-83.483889,2026-08-19,252983,2026-08-19 03:46:06 UTC,,,,2023-02-02,,,,,J1772,US,,,,Public,,public,,,,,,,,,,,,,,,,,,,,false,,,,,,,,,false,
ELEC,Columbus Mitsubishi North,8600 North High Street,,Columbus,OH,43235,,888-998-2546,T,2026-05-19,TEMPORARILY UNAVAILABLE (Public),24 hours daily,,,,,,2,,,Blink Network,https://blinkcharging.com,GPS,40.14069,-83.01614,2026-08-19,252987,2026-08-19 00:29:10 UTC,,,,2023-02-02,,,,,J1772,US,,,,TEMPORAIREMENT SUSPENDU (Public),,public,,,,,,,,,,Free,,,,,,,,,,false,,,,,,,,,false,
ELEC,Holiday Inn Express & Suites Madison - Tesla Destination,181 Water Tower Dr,,Madison,OH,44057,,877-798-3752,E,,Public,,A D Debit M V,,,,,2,,,Tesla Destination,https://www.tesla.com/destination-charging,GPS,41.759843,-81.048986,2024-07-01,253283,2025-02-12 00:16:32 UTC,P,,,2023-02-01,,,,,TESLA,US,,,,Public,,public,,,HOTEL,,,,,,,,,,,,,,,,,false,,,,,,,,LD,false,
ELEC,"Holiday Inn Cleveland-Mayfield, an IHG Hotel - Tesla Destination",780 Beta Dr,,Mayfield,OH,44143,,877-798-3752,E,,Public,,A D Debit M V,,,,,2,,,Tesla Destination,https://www.tesla.com/destination-charging,GPS,41.540684,-81.446911,2024-07-01,253284,2025-05-06 21:10:23 UTC,P,,,2023-02-01,,,,,J1772 TESLA,US,,,,Public,,public,,,HOTEL,,,,,,,,,,,,,,,,,false,,,,,,,,LD,false,
ELEC,DENISON UNIV EISNER CENTER,100 N Mulberry St,Near East entrance,Granville,OH,43023,,888-758-4389,E,,Public,24 hours daily,,,,,,2,,,ChargePoint Network,https://www.chargepoint.com,GPS,40.068857,-82.522097,2026-08-19,253431,2026-08-19 02:13:33 UTC,,,,2023-02-07,,,,,J1772,US,,,,Public,,public,,,,,,,,,,,,,,,,,,,,false,,,,,,,,,false,
ELEC,GATEWAYZ NORTH BAY,47190 Cooper Foster Park Rd,,Amherst,OH,44001,,888-758-4389,E,,Public,24 hours daily,,,,,,1,,,ChargePoint Network,https://www.chargepoint.com,GPS,41.413004,-82.232934,2026-08-19,253856,2026-08-19 02:13:50 UTC,,,,2023-02-10,,,,,J1772,US,,,,Public,,public,,,,,,,,,,,,,,,,,,,,false,,,,,,,,,false,
ELEC,HAMILTON OHIO 218 S 3RD ST_2,218 S 3rd St,City Parking Lot,Hamilton,OH,45011,,888-758-4389,E,,Public,24 hours daily,,,,,,2,,,ChargePoint Network,https://www.chargepoint.com,GPS,39.39745,-84.560891,2026-08-19,254052,2026-08-19 02:13:54 UTC,,,,2023-02-15,,,,,J1772,US,,,,Public,,public,,,,,,,,,,,,,,,,,,,,false,,,,,,,,,false,
ELEC,CLASSIC HYUNDAI WEST SIDE,8460 Tyler Boulevard,,Mentor,OH,44060,,888-758-4389,E,,Public,24 hours daily,,,,,,,1,,ChargePoint Network,https://www.chargepoint.com,GPS,41.682364,-81.33769,2026-08-19,254123,2026-08-19 02:14:10 UTC,,,,2023-02-16,,,,,CHADEMO J1772COMBO,US,,,,Public,,public,,,,,,,,,,,,,,,,,,,,false,,,,,,,,,false,
ELEC,KENT STATE R9 IAB,332 S Lincoln St,ADA spots,Kent,OH,44242,,888-758-4389,E,,Public,24 hours daily,,,,,,2,,,ChargePoint Network,https://www.chargepoint.com,GPS,41.150817,-81.3523,2026-08-19,254206,2026-08-19 02:14:04 UTC,,,,2023-02-17,,,,,J1772,US,,,,Public,,public,,,,,,,,,,,,,,,,,,,,false,,,,,,,,,false,
ELEC,1212 Huron Rd,1212 Huron Rd,,Cleveland,OH,44115,,866-816-7584,E,,Public,24 hours daily,,,,,,6,,,EV Connect,https://www.evconnect.com,GPS,41.499867,-81.683532,2026-08-19,254465,2026-08-19 03:46:13 UTC,,,,2023-02-24,,,,,J1772,US,,,,Public,,public,,,,,,,,,,,,,,,,,,,,false,,,,,,,,,false,
ELEC,BAYWOOD HOTELS STATION 2,9101 Lyra Dr,Rear of building,Columbus,OH,43240,,888-758-4389,E,,Public,24 hours daily,,,,,,2,,,ChargePoint Network,https://www.chargepoint.com,GPS,40.151569,-82.975092,2026-08-19,254501,2026-08-19 01:47:15 UTC,,,,2023-02-24,,,,,J1772,US,,,,Public,,public,,,,,,,,,,,,,,,,,,,,false,,,,,,,,,false,
ELEC,BAYWOOD HOTELS STATION 1,9101 Lyra Dr,Rear of building,Columbus,OH,43240,,888-758-4389,E,,Public,24 hours daily,,,,,,2,,,ChargePoint Network,https://www.chargepoint.com,GPS,40.151642,-82.974802,2026-08-19,254502,2026-08-19 01:47:15 UTC,,,,2023-02-24,,,,,J1772,US,,,,Public,,public,,,,,,,,,,,,,,,,,,,,false,,,,,,,,,false,
ELEC,Woodside,291 Pearlash Rd,,Marysville,OH,43040,,888-998-2546,E,,Public,24 hours daily,,,,,,2,,,Blink Network,https://blinkcharging.com,GPS,40.232995,-83.353963,2026-08-19,255189,2026-08-19 00:25:02 UTC,,,,2022-08-17,,,,,J1772,US,,,,Public,,public,,,,,,,,,,,,,,,,,,,,false,,,,,,,,,false,
ELEC,Amvets Post 464,5420 Brandt Pike,,Huber Heights,OH,45424,,888-998-2546,E,,Public,24 hours daily,,,,,,6,,,Blink Network,https://blinkcharging.com,GPS,39.8316732,-84.1196143,2026-08-19,255203,2026-08-19 00:37:02 UTC,,,,2022-11-15,,,,,J1772,US,,,,Public,,public,,,,,,,,,,,,,,,,,,,,false,,,,,,,,,false,
ELEC,Singer Vaughn Services,2715 Culver Avenue,,Kettering,OH,45429,,888-998-2546,E,,Public,24 hours daily,,,,,,6,,,Blink Network,https://blinkcharging.com,GPS,39.7072143,-84.1338254,2026-08-19,255225,2026-08-19 00:35:43 UTC,,,,2022-10-21,,,,,J1772,US,,,,Public,,public,,,,,,,,,,,,,,,,,,,,false,,,,,,,,,false,
ELEC,Maggies Place,6515 N. Dixie Dr,,Dayton,OH,45414,,888-998-2546,E,,Public,24 hours daily,,,,,,2,,,Blink Network,https://blinkcharging.com,GPS,39.8286443,-84.198684,2026-08-19,255268,2026-08-19 00:38:22 UTC,,,,2022-11-11,,,,,J1772,US,,,,Public,,public,,,,,,,,,,,,,,,,,,,,false,,,,,,,,,false,
ELEC,American Legion Post 668,8220 N. Dixie Dr,,Dayton,OH,45414,,888-998-2546,E,,Public,24 hours daily,,,,,,2,,,Blink Network,https://blinkcharging.com,GPS,39.8498395,-84.1984047,2026-08-19,255275,2026-08-19 00:37:07 UTC,,,,2022-12-12,,,,,J1772,US,,,,Public,,public,,,,,,,,,,,,,,,,,,,,false,,,,,,,,,false,
ELEC,AURORA LIBRARY EAST CHARGERS,115 E Pioneer Trail,,Aurora,OH,44202,,888-758-4389,E,,Public,24 hours daily,,,,,,2,,,ChargePoint Network,https://www.chargepoint.com,GPS,41.3133,-81.344086,2026-08-19,255310,2026-08-19 02:11:56 UTC,,,,2023-02-28,,,,,J1772,US,,,,Public,,public,,,,,,,,,,,,,,,,,,,,false,,,,,,,,,false,
ELEC,AURORA LIBRARY WEST CHARGERS,115 E Pioneer Trail,,Aurora,OH,44202,,888-758-4389,E,,Public,24 hours daily,,,,,,2,,,ChargePoint Network,https://www.chargepoint.com,GPS,41.313313,-81.34418,2026-08-19,255311,2026-08-19 02:11:56 UTC,,,,2023-02-28,,,,,J1772,US,,,,Public,,public,,,,,,,,,,,,,,,,,,,,false,,,,,,,,,false,
ELEC,WESTSIDEMZ SERVICE,13930 Brookpark Rd,,Cleveland,OH,44142,,888-758-4389,E,,Public,24 hours daily,,,,,,1,,,ChargePoint Network,https://www.chargepoint.com,GPS,41.419384,-81.79034,2026-08-19,255387,2026-08-19 02:13:30 UTC,,,,2023-03-01,,,,,J1772,US,,,,Public,,public,,,,,,,,,,,,,,,,,,,,false,,,,,,,,,false,
ELEC,Flying Pig Tavern,130 N. First St,,Fairborn,OH,45324,,888-998-2546,T,2026-07-10,TEMPORARILY UNAVAILABLE (Public),24 hours daily,,,,,,2,,,Blink Network,https://blinkcharging.com,GPS,39.8246721,-84.0282631,2026-08-19,255496,2026-08-19 00:37:11 UTC,,,,2022-12-28,,,,,J1772,US,,,,TEMPORAIREMENT SUSPENDU (Public),,public,,,,,,,,,,,,,,,,,,,,false,,,,,,,,,false,
ELEC,Hartco,1280 Glendale Milford Road,,Cincinnati,OH,45215,,888-998-2546,E,,Public,24 hours daily,,,,,,2,,,Blink Network,https://blinkcharging.com,GPS,39.2571297,-84.4536263,2026-08-19,255570,2026-08-19 00:37:11 UTC,,,,2022-12-11,,,,,J1772,US,,,,Public,,public,,,,,,,,,,,,,,,,,,,,false,,,,,,,,,false,
ELEC,MCCTC MCCTC01,Mahoning County Career & Tec Center,,Canfield,OH,44406,,888-758-4389,E,,Public,24 hours daily,,,,,,2,,,ChargePoint Network,https://www.chargepoint.com,GPS,41.032213,-80.788367,2026-08-19,255626,2026-08-19 02:14:39 UTC,,,,2023-03-07,,,,,J1772,US,,,,Public,,public,,,,,,,,,,,,,,,,,,,,false,,,,,,,,,false,
ELEC,MCCTC MCCTC02,Mahoning County Career & Tec Center,,Canfield,OH,44406,,888-758-4389,E,,Public,24 hours daily,,,,,,2,,,ChargePoint Network,https://www.chargepoint.com,GPS,41.032241,-80.788424,2026-08-19,255627,2026-08-19 02:14:40 UTC,,,,2023-03-07,,,,,J1772,US,,,,Public,,public,,,,,,,,,,,,,,,,,,,,false,,,,,,,,,false,
ELEC,Village of Rio Grande - Municipal Building,174 E College St,,Rio Grande,OH,45674,,740-245-5822,E,,Public,24 hours daily,,,,,,1,,,Non-Networked,,GPS,38.8833663379642,-82.3779262063029,2025-08-12,256091,2026-02-02 23:16:24 UTC,P,,,2023-03-09,,,,,J1772,US,,,,Public,,public,,,MUNI_GOV,,,,,,,Free,,,,,,,,,NONE,false,,,,,,,,LD,false,
ELEC,Audi Mentor,8599 Market St,,Mentor,OH,44060,,,E,,Private,24 hours daily,A D Debit M V,,,,,,2,,Non-Networked,,GPS,41.6908084056019,-81.3330190140072,2023-04-06,256094,2025-11-24 16:49:39 UTC,P,,,2023-03-09,,,,,J1772COMBO,US,,,,Privé,,private,,,CAR_DEALER,,,,,,,,,,,,,,,,,,,,,,,,,LD,false,
ELEC,KENT STATE R8 ATB,1411 E Summit St,ADA spots,Kent,OH,44243,,888-758-4389,E,,Public,24 hours daily,,,,,,2,,,ChargePoint Network,https://www.chargepoint.com,GPS,41.143673,-81.340117,2026-08-19,256230,2026-08-19 02:15:05 UTC,,,,2023-03-11,,,,,J1772,US,,,,Public,,public,,,,,,,,,,,,,,,,,,,,false,,,,,,,,,false,
ELEC,KENT STATE R4 PERF ARTS,1325 Theatre Dr,ADA spots,Kent,OH,44243,,888-758-4389,E,,Public,24 hours daily,,,,,,2,,,ChargePoint Network,https://www.chargepoint.com,GPS,41.152935,-81.340077,2026-08-19,256231,2026-08-19 02:15:06 UTC,,,,2023-03-11,,,,,J1772,US,,,,Public,,public,,,,,,,,,,,,,,,,,,,,false,,,,,,,,,false,
ELEC,KENT STATE R7 BOWMAN HALL,850 Lester A Lefton Esplanade,ADA spots,Kent,OH,44240,,888-758-4389,E,,Public,24 hours daily,,,,,,2,,,ChargePoint Network,https://www.chargepoint.com,GPS,41.148344,-81.346731,2026-08-19,256232,2026-08-19 02:15:06 UTC,,,,2023-03-11,,,,,J1772,US,,,,Public,,public,,,,,,,,,,,,,,,,,,,,false,,,,,,,,,false,
ELEC,BETHANY 1 & 2 EV CHARGER 2,6430 Inner Mission Way,,Dayton,OH,45459,,888-758-4389,E,,Public,24 hours daily,,,,,,2,,,ChargePoint Network,https://www.chargepoint.com,GPS,39.651867,-84.15869,2026-08-19,256289,2026-08-19 02:15:08 UTC,,,,2023-03-14,,,,,J1772,US,,,,Public,,public,,,,,,,,,,,,,,,,,,,,false,,,,,,,,,false,
ELEC,BETHANY 1 & 2 BETHANY 1,6430 Inner Mission Way,,Dayton,OH,45459,,888-758-4389,E,,Public,24 hours daily,,,,,,2,,,ChargePoint Network,https://www.chargepoint.com,GPS,39.65182,-84.158714,2026-08-19,256290,2026-08-19 02:15:08 UTC,,,,2023-03-14,,,,,J1772,US,,,,Public,,public,,,,,,,,,,,,,,,,,,,,false,,,,,,,,,false,
ELEC,CORPORATE HILL STATION 1,100 W Old Wilson Bridge Rd,,Worthington,OH,43085,,888-758-4389,E,,Public,24 hours daily,,,,,,2,,,ChargePoint Network,https://www.chargepoint.com,GPS,40.110939,-83.019688,2026-08-19,256381,2026-08-19 02:01:32 UTC,,,,2023-03-16,,,,,J1772,US,,,,Public,,public,,,,,,,,,,,,,,,,,,,,false,,,,,,,,,false,
ELEC,Voss Village Cadillac,650 MIAMISBURG CENTERVILLE RD,,DAYTON,OH,45458,,866-816-7584,E,,Public,24 hours daily,,,,,,,2,,EV Connect,https://www.evconnect.com,GPS,39.627056,-84.17546,2026-08-19,256430,2026-08-19 03:45:26 UTC,,,,2023-03-16,,,,,J1772COMBO,US,,,,Public,,public,,,,,,,,,,,,,,,,,,,,false,,,,,,,,,false,
ELEC,EVPassport - Home2 Suites,400 Colemans Crossing Blvd,,Marysville,OH,43040,,888-702-2124,E,,Public - Credit card at all times,24 hours daily; for guest use only,A D Debit M V,,,,,4,,,Non-Networked,,GPS,40.2340149810767,-83.3468333217973,2025-08-12,256619,2026-02-02 23:16:24 UTC,P,,,2023-03-16,,,,,J1772,US,,,,Public - Carte de crédit en tout temps,,public,CREDIT_CARD_ALWAYS,,HOTEL,,,,,,,$0.30 per kWh,,,,,,,,,,true,,,,,,,,LD,false,
ELEC,Stratford Ecological Center,3085 Liberty Rd,,Delaware,OH,43015,,740-363-2548,E,,Public - Credit card at all times,24 hours daily; for visitor use only,A D Debit M V,,,,,1,,,Non-Networked,,GPS,40.2567788863199,-83.0738675942256,2025-12-12,256620,2026-02-02 23:16:24 UTC,P,,,2023-03-16,,,,,J1772,US,,,,Public - Carte de crédit en tout temps,,public,CREDIT_CARD_ALWAYS,,OTHER,,,,,,,Free,,,,,,,,,,true,,,,,,,,LD,false,
ELEC,"Cleveland, OH - Euclid Avenue - Tesla Supercharger",8037 Euclid Ave,,Cleveland,OH,44103,,877-798-3752,E,,Public,24 hours daily. NACS partner enabled.,A D Debit M V,,,,,,12,,Tesla,https://www.tesla.com/supercharger,GPS,41.504217,-81.632468,2026-06-18,257003,2026-06-18 14:46:21 UTC,P,,,2023-03-20,,,,,TESLA,US,,,,Public,,public,,,SHOPPING_CENTER,,,,,,,,,,,,,,,,,false,,,,,,,,LD,true,
ELEC,The Residences at Phillips Farm,6440 Phillips Farm Road,,Westerville,OH,43081,,888-998-2546,E,,Public,24 hours daily,,,,,,2,,,Blink Network,https://blinkcharging.com,GPS,40.112359,-82.852228,2026-08-19,257318,2026-08-19 00:05:21 UTC,,,,2023-03-29,,,,,J1772,US,,,,Public,,public,,,,,,,,,,,,,,,,,,,,false,,,,,,,,,false,
ELEC,"West Chester Township, OH - Tesla Supercharger",7390 Tylersville Rd,,West Chester Township,OH,45069,,877-798-3752,E,,Public,24 hours daily. NACS partner enabled.,A D Debit M V,,,,,,12,,Tesla,https://www.tesla.com/supercharger,GPS,39.356372,-84.377555,2026-06-18,257676,2026-06-18 14:46:21 UTC,P,,,2023-03-29,,,,,TESLA,US,,,,Public,,public,,,GROCERY,,,,,,,,,,,,,,,,,false,,,,,,,,LD,true,
ELEC,Five Rivers MetroParks,409 E Monument Ave,,Dayton,OH,45402,,844-798-2438,E,,Public - Credit card at all times,24 hours daily,A D Debit M V,,,,,2,,,SWTCH,https://swtchenergy.com,GPS,39.7656546789587,-84.1858464355647,2023-05-03,257692,2024-01-31 22:07:01 UTC,P,,,2023-03-30,,,,,J1772,US,,,,Public - Carte de crédit en tout temps,,public,CREDIT_CARD_ALWAYS,,PARKING_LOT,,,,,,,$1.50 per hour,,,,,,,,,,false,,,,,,,,LD,false,
ELEC,South Point Medical,6601 Centerville Business Pkwy,,Dayton,OH,45459,,844-798-2438,E,,Public - Credit card at all times,24 hours daily,A D Debit M V,,,,,2,,,SWTCH,https://swtchenergy.com,GPS,39.6508839266729,-84.1363208280808,2023-05-03,257693,2024-01-31 22:07:01 UTC,P,,,2022-08-24,,,,,J1772,US,,,,Public - Carte de crédit en tout temps,,public,CREDIT_CARD_ALWAYS,,HOSPITAL,,,,,,,$1.50 per hour,,,,,,,,,,false,,,,,,,,LD,false,
ELEC,Coldwater Memorial Park,706 N Elm St,,Coldwater,OH,45828,,844-798-2438,E,,Public - Credit card at all times,24 hours daily,A D Debit M V,,,,,4,,,SWTCH,https://swtchenergy.com,GPS,40.4864111683328,-84.6340595633694,2023-05-03,257694,2024-01-31 22:07:01 UTC,P,,,2023-03-30,,,,,J1772,US,,,,Public - Carte de crédit en tout temps,,public,CREDIT_CARD_ALWAYS,,PARK,,,,,,,,,,,,,,,,,false,,,,,,,,LD,false,
ELEC,Village of Coldwater,610 W Sycamore St,,Coldwater,OH,45828,,844-798-2438,E,,Public - Credit card at all times,24 hours daily,A D Debit M V,,,,,4,,,SWTCH,https://swtchenergy.com,GPS,40.4766698494178,-84.6339121984584,2023-05-03,257695,2024-01-31 22:07:01 UTC,P,,,2023-03-30,,,,,J1772,US,,,,Public - Carte de crédit en tout temps,,public,CREDIT_CARD_ALWAYS,,PARKING_LOT,,,,,,,,,,,,,,,,,false,,,,,,,,LD,false,
ELEC,RICART CHARGER HYUNDAI SHOW,4255 S Hamilton Rd,Front Parking,Columbus,OH,43125,,888-758-4389,E,,Public,24 hours daily,,,,,,,1,,ChargePoint Network,https://www.chargepoint.com,GPS,39.890774,-82.88708,2026-08-19,257781,2026-08-19 02:15:09 UTC,,,,2023-04-01,,,,,CHADEMO J1772COMBO,US,,,,Public,,public,,,,,,,,,,,,,,,,,,,,false,,,,,,,,,false,
ELEC,RICART CHARGER HYUNDAI PARK,4255 S Hamilton Rd,Inventory,Columbus,OH,43125,,888-758-4389,E,,Public,24 hours daily,,,,,,,1,,ChargePoint Network,https://www.chargepoint.com,GPS,39.89093,-82.887221,2026-08-19,257782,2026-08-19 02:15:09 UTC,,,,2023-04-01,,,,,CHADEMO J1772COMBO,US,,,,Public,,public,,,,,,,,,,,,,,,,,,,,false,,,,,,,,,false,
ELEC,NATIONWIDECHILD NCH-AG ST1,500 Butterfly Gardens Drive,Garage - Level 1,Columbus,OH,43215,,888-758-4389,E,,Public,24 hours daily,,,,,,2,,,ChargePoint Network,https://www.chargepoint.com,GPS,39.952798,-82.986303,2026-08-19,257937,2026-08-19 02:10:19 UTC,,,,2023-04-06,,,,,J1772,US,,,,Public,,public,,,,,,,,,,,,,,,,,,,,false,,,,,,,,,false,
ELEC,"Fairfield, OH - Tesla Supercharger",6325 South Gilmore Rd,,Fairfield,OH,45014,,877-798-3752,E,,Public,24 hours daily. NACS partner enabled.,A D Debit M V,,,,,,12,,Tesla,https://www.tesla.com/supercharger,GPS,39.30433,-84.525742,2026-06-18,258265,2026-06-18 14:46:21 UTC,P,,,2023-03-30,,,,,TESLA,US,,,,Public,,public,,,SHOPPING_CENTER,,,,,,,,,,,,,,,,,false,,,,,,,,LD,true,
ELEC,Swtch Energy,26143 Egypt Pike,,New Holland,OH,43145,,844-798-2438,E,,Private - Credit card at all times,24 hours daily,A D Debit M V,,,,,4,,,SWTCH,https://swtchenergy.com,GPS,39.5452246,-83.252461,2023-05-03,258901,2026-02-02 23:16:24 UTC,P,,,2023-04-06,,,,,J1772,US,,,,Privé - Carte de crédit en tout temps,,private,CREDIT_CARD_ALWAYS,,,,,,,,,TBD,,,,,,,,,,,,,,,,,,,false,
ELEC,Swtch Energy,495 Metro Pl,,Dublin,OH,43017,,844-798-2438,E,,Public - Credit card at all times,24 hours daily,A D Debit M V,,,,,2,,,SWTCH,https://swtchenergy.com,GPS,40.09296737,-83.13017002,2023-08-10,258907,2024-01-31 22:07:01 UTC,P,,,2023-04-06,,,,,J1772,US,,,,Public - Carte de crédit en tout temps,,public,CREDIT_CARD_ALWAYS,,,,,,,,,$2 per hour,,,,,,,,,,false,,,,,,,,,false,
ELEC,Fredericktown Splash Pad,69 N. MAIN ST.,,FREDERICKTOWN,OH,43019,,888-356-8911,E,,Public,24 hours daily,,,,,,2,,,FLO,https://www.flo.com,GPS,40.482344,-82.54383,2026-08-19,258969,2026-08-19 04:04:18 UTC,,,,2023-04-11,,,,,J1772,US,,,,Public,,public,,,,,,,,,,,,,,,,,,,,false,,,,,,,,,false,
ELEC,GRLA HYUNDAI BACK FENCE,2874 Morse Rd,,Columbus,OH,43231,,888-758-4389,E,,Public,24 hours daily,,,,,,,1,,ChargePoint Network,https://www.chargepoint.com,GPS,40.059917,-82.942086,2026-08-19,259239,2026-08-19 02:15:12 UTC,,,,2023-04-13,,,,,CHADEMO J1772COMBO,US,,,,Public,,public,,,,,,,,,,,,,,,,,,,,false,,,,,,,,,false,
ELEC,GRLA HYUNDAI FRONT DRIVE 1,2850 Morse Rd,,Columbus,OH,43231,,888-758-4389,E,,Public,24 hours daily,,,,,,,1,,ChargePoint Network,https://www.chargepoint.com,GPS,40.059406,-82.942558,2026-08-19,259240,2026-08-19 02:15:12 UTC,,,,2023-04-13,,,,,CHADEMO J1772COMBO,US,,,,Public,,public,,,,,,,,,,,,,,,,,,,,false,,,,,,,,,false,
ELEC,CAPITAL KIA CPE250 1,9630 OH-14,Near back of building,Streetsboro,OH,44241,,888-758-4389,E,,Public,24 hours daily,,,,,,,1,,ChargePoint Network,https://www.chargepoint.com,GPS,41.248611,-81.359163,2026-08-19,259318,2026-08-19 02:14:04 UTC,,,,2023-04-14,,,,,CHADEMO J1772COMBO,US,,,,Public,,public,,,,,,,,,,,,,,,,,,,,false,,,,,,,,,false,
ELEC,DONWOODAUTO DW CHEVY 1,12916 OH-664,Station is located next to our Chevrolet Dealership,Logan,OH,43138,,888-758-4389,E,,Public,24 hours daily,,,,,,,1,,ChargePoint Network,https://www.chargepoint.com,GPS,39.539284,-82.439698,2026-08-19,259885,2026-08-19 02:15:25 UTC,,,,2023-04-26,,,,,CHADEMO J1772COMBO,US,,,,Public,,public,,,,,,,,,,,,,,,,,,,,false,,,,,,,,,false,
ELEC,Wooster Dental,1706 Beall Ave,,Wooster,OH,44691,,330-264-5851,E,,Public,24 hours daily,,,,,,2,,,Non-Networked,,GPS,40.8197700569678,-81.9348670465501,2025-08-12,259979,2026-02-02 23:16:24 UTC,P,,,2023-04-27,,,,,J1772,US,,,,Public,,public,,,PARKING_LOT,,,,,,,Free,,,,,,,,,NONE,false,,,,,,,,LD,false,
ELEC,Sugar Crossing Convenience Store,2049 Hornsmill Rd SE,,Lancaster,OH,43130,,800-489-1588,E,,Public,24 hours daily,,,,,,,4,,FCN,https://francisenergy.com,GPS,39.6640696,-82.5602711,2026-08-19,259998,2026-08-19 04:01:14 UTC,,,,2023-04-27,,,,,CHADEMO J1772COMBO,US,,,,Public,,public,,,,,,,,,,,,,,,,,,,,false,,,,,,,,,false,
ELEC,Warehouse 4 Coffee,335 South Dixie Drive,,Vandalia,OH,45377,,888-998-2546,E,,Public,24 hours daily,,,,,,2,,,Blink Network,https://blinkcharging.com,GPS,39.8874597,-84.1994091,2026-08-19,260004,2026-08-19 00:38:33 UTC,,,,2022-12-11,,,,,J1772,US,,,,Public,,public,,,,,,,,,,,,,,,,,,,,false,,,,,,,,,false,
ELEC,CRESTMONT DRIVE CRESTMONT,2961 Center Rd,,Brunswick,OH,44212,,888-758-4389,T,2026-02-21,TEMPORARILY UNAVAILABLE (Public),24 hours daily,,,,,,,1,,ChargePoint Network,https://www.chargepoint.com,GPS,41.23914,-81.792626,2026-08-19,260177,2026-08-19 02:14:01 UTC,,,,2023-05-02,,,,,CHADEMO J1772COMBO,US,,,,TEMPORAIREMENT SUSPENDU (Public),,public,,,,,,,,,,,,,,,,,,,,false,,,,,,,,,false,
ELEC,CRESTMONT DRIVECRESTMONT2,2961 Center Rd,,Brunswick,OH,44212,,888-758-4389,E,,Public,24 hours daily,,,,,,,1,,ChargePoint Network,https://www.chargepoint.com,GPS,41.239116,-81.792605,2026-08-19,260178,2026-08-19 02:14:02 UTC,,,,2023-05-02,,,,,CHADEMO J1772COMBO,US,,,,Public,,public,,,,,,,,,,,,,,,,,,,,false,,,,,,,,,false,
ELEC,CORP STATIONS CORP 4- DC FAST,401 Milford Pkwy,,Milford,OH,45150,,888-758-4389,T,2026-07-22,TEMPORARILY UNAVAILABLE (Public),24 hours daily,,,,,,,1,,ChargePoint Network,https://www.chargepoint.com,GPS,39.168637,-84.277155,2026-08-19,260187,2026-08-19 02:17:18 UTC,,,,2023-05-02,,,,,CHADEMO J1772COMBO,US,,,,TEMPORAIREMENT SUSPENDU (Public),,public,,,,,,,,,,,,,,,,,,,,false,,,,,,,,,false,
ELEC,CORP STATIONS CORP 2,401 Milford Pkwy,,Milford,OH,45150,,888-758-4389,E,,Public,24 hours daily,,,,,,2,,,ChargePoint Network,https://www.chargepoint.com,GPS,39.167774,-84.278245,2026-08-19,260190,2026-08-19 02:17:23 UTC,,,,2023-05-02,,,,,J1772,US,,,,Public,,public,,,,,,,,,,,,,,,,,,,,false,,,,,,,,,false,
ELEC,CORP STATIONS CORP 1- MILFORD,401 Milford Pkwy,,Milford,OH,45150,,888-758-4389,E,,Public,24 hours daily,,,,,,2,,,ChargePoint Network,https://www.chargepoint.com,GPS,39.167682,-84.278245,2026-08-19,260191,2026-08-19 02:17:23 UTC,,,,2023-05-02,,,,,J1772,US,,,,Public,,public,,,,,,,,,,,,,,,,,,,,false,,,,,,,,,false,
ELEC,Fredericktown Municipal Building,2 East Sandusky Street,,Fredericktown,OH,43019,,888-356-8911,E,,Public,24 hours daily,,,,,,1,,,FLO,https://www.flo.com,GPS,40.2853,-82.3235,2026-08-19,260202,2026-08-19 04:04:17 UTC,,,,2023-05-02,,,,,J1772,US,,,,Public,,public,,,,,,,,,,,,,,,,,,,,false,,,,,,,,,false,
ELEC,Miami Valley Hospital South - Parking Lot D1,2400 Miami Valley Dr,Wilmington & Clyo Street,Centerville,OH,45459,,937-438-2400,E,,Public,24 hours daily; 2 hour charging limit,,,,,,4,,,Non-Networked,,GPS,39.65161917908331,-84.11659451324464,2025-07-03,260251,2026-02-02 23:16:24 UTC,P,,,2023-03-01,,,,,J1772,US,,,,Public,,public,,,HOSPITAL,,,,,,,Free,,,,,,,,,,false,,,,,,,,LD,false,
ELEC,Bush Auto Place,1850 Rombach Avenue,,Wilmington,OH,45177,,866-816-7584,E,,Public,24 hours daily,,,,,,,1,,EV Connect,https://www.evconnect.com,GPS,39.449431,-83.796328,2026-08-19,260292,2026-08-19 03:45:31 UTC,,,,2023-05-04,,,,,J1772COMBO,US,,,,Public,,public,,,,,,,,,,,,,,,,,,,,false,,,,,,,,,false,
ELEC,GROVE CITY WEST GC MOB 1,3503 Southwest Blvd,LEFT OF FRONT ENTRANCE,Grove City,OH,43123,,888-758-4389,E,,Public,24 hours daily,,,,,,2,,,ChargePoint Network,https://www.chargepoint.com,GPS,39.892077,-83.096899,2026-08-19,260375,2026-08-19 02:07:49 UTC,,,,2023-05-06,,,,,J1772,US,,,,Public,,public,,,,,,,,,,,,,,,,,,,,false,,,,,,,,,false,
ELEC,GROVE CITY WEST GC MOB 2,3503 Southwest Blvd,LEFT OF ENTRANCE,Grove City,OH,43123,,888-758-4389,E,,Public,24 hours daily,,,,,,2,,,ChargePoint Network,https://www.chargepoint.com,GPS,39.892085,-83.096883,2026-08-19,260376,2026-08-19 02:07:49 UTC,,,,2023-05-06,,,,,J1772,US,,,,Public,,public,,,,,,,,,,,,,,,,,,,,false,,,,,,,,,false,
ELEC,ACURA OF DAYTON AD EXPRESS 250,Loop @ Far Hills,,Centerville,OH,45459,,888-758-4389,E,,Public,24 hours daily,,,,,,,1,,ChargePoint Network,https://www.chargepoint.com,GPS,39.649009,-84.155256,2026-08-19,260400,2026-08-19 02:17:18 UTC,,,,2023-05-06,,,,,CHADEMO J1772COMBO,US,,,,Public,,public,,,,,,,,,,,,,,,,,,,,false,,,,,,,,,false,
ELEC,Jay's Chevrolet GMC,720 N SHOOP AVE,,WAUSEON,OH,43567,,866-816-7584,E,,Public,24 hours daily,,,,,,,1,,EV Connect,https://www.evconnect.com,GPS,41.556113,-84.133702,2026-08-19,260675,2026-08-19 03:45:51 UTC,,,,2023-05-11,,,,,J1772COMBO,US,,,,Public,,public,,,,,,,,,,,,,,,,,,,,false,,,,,,,,,false,
ELEC,MURPHY PARK CITY HALL,47 Hall St,Front of building,Powell,OH,43065,,888-758-4389,E,,Public,24 hours daily,,,,,,2,,,ChargePoint Network,https://www.chargepoint.com,GPS,40.156842,-83.076784,2026-08-19,260712,2026-08-19 02:16:39 UTC,,,,2023-05-12,,,,,J1772,US,,,,Public,,public,,,,,,,,,,,,,,,,,,,,false,,,,,,,,,false,
ELEC,SUPERIOR HONDA CPE250-SUP HOND,4777 Spring Grove Ave,,Cincinnati,OH,45232,,888-758-4389,E,,Public,24 hours daily,,,,,,,1,,ChargePoint Network,https://www.chargepoint.com,GPS,39.166895,-84.5146,2026-08-19,260722,2026-08-19 02:17:53 UTC,,,,2023-05-12,,,,,CHADEMO J1772COMBO,US,,,,Public,,public,,,,,,,,,,,,,,,,,,,,false,,,,,,,,,false,
ELEC,DENISON UNIV MITCHELL CENTER,250 Livingston Dr,At corner of parking lot,Granville,OH,43023,,888-758-4389,E,,Public,24 hours daily,,,,,,2,,,ChargePoint Network,https://www.chargepoint.com,GPS,40.073909,-82.51959,2026-08-19,260793,2026-08-19 02:17:09 UTC,,,,2023-05-13,,,,,J1772,US,,,,Public,,public,,,,,,,,,,,,,,,,,,,,false,,,,,,,,,false,
ELEC,Lambert Buick GMC Cuyahoga Falls,2409 FRONT ST,,CUYAHOGA FALLS,OH,44221,,866-816-7584,E,,Public,24 hours daily,,,,,,,2,,EV Connect,https://www.evconnect.com,GPS,41.140328,-81.479418,2026-08-19,260816,2026-08-19 03:45:47 UTC,,,,2023-05-13,,,,,J1772COMBO,US,,,,Public,,public,,,,,,,,,,,,,,,,,,,,false,,,,,,,,,false,
ELEC,The Hiatus,3800 Park East Drive,,Beachwood,OH,44122,,888-998-2546,E,,Public,24 hours daily,,,,,,4,,,Blink Network,https://blinkcharging.com,GPS,41.4577868,-81.4950391,2026-08-19,260843,2026-08-19 00:38:39 UTC,,,,2022-12-29,,,,,J1772,US,,,,Public,,public,,,,,,,,,,,,,,,,,,,,false,,,,,,,,,false,
ELEC,Hollywood Parking Lot (KeyMark/8K),1538 Cedar Ave,,Cincinnati,OH,45224,,888-356-8911,E,,Public,24 hours daily,,,,,,7,,,FLO,https://www.flo.com,GPS,39.1989804,-84.5459348,2026-08-19,260873,2026-08-19 04:04:30 UTC,,,,2023-05-16,,,,,J1772,US,,,,Public,,public,,,,,,,,,,,,,,,,,,,,false,,,,,,,,,false,
ELEC,DONWOODAUTO DW CHEVY 2,12916 OH-664,Station is located next to our Chevrolet Dealership,Logan,OH,43138,,888-758-4389,E,,Public,24 hours daily,,,,,,,1,,ChargePoint Network,https://www.chargepoint.com,GPS,39.539298,-82.439625,2026-08-19,260912,2026-08-19 02:15:25 UTC,,,,2023-05-17,,,,,J1772COMBO TESLA,US,,,,Public,,public,,,,,,,,,,,,,,,,,,,,false,,,,,,,,,false,
ELEC,HUNTINGTON CENT 4,43 W Capital Street,,Columbus,OH,43222,,888-758-4389,E,,Public,24 hours daily,,,,,,2,,,ChargePoint Network,https://www.chargepoint.com,GPS,39.9591,-83.021548,2026-08-19,260918,2026-08-19 02:17:38 UTC,,,,2023-05-17,,,,,J1772,US,,,,Public,,public,,,,,,,,,,,,,,,,,,,,false,,,,,,,,,false,
ELEC,HUNTINGTON CENT 5,20 N Davis Ave,,Columbus,OH,43222,,888-758-4389,E,,Public,24 hours daily,,,,,,2,,,ChargePoint Network,https://www.chargepoint.com,GPS,39.9591,-83.021526,2026-08-19,260919,2026-08-19 02:17:39 UTC,,,,2023-05-17,,,,,J1772,US,,,,Public,,public,,,,,,,,,,,,,,,,,,,,false,,,,,,,,,false,
ELEC,Stone Falls,3168 Clubhouse Drive,,Beavercreek,OH,45431,,888-998-2546,E,,Public,24 hours daily,,,,,,4,,,Blink Network,https://blinkcharging.com,GPS,39.761398,-84.0464782,2026-08-19,261239,2026-08-19 00:38:43 UTC,,,,2022-12-11,,,,,J1772,US,,,,Public,,public,,,,,,,,,,,,,,,,,,,,false,,,,,,,,,false,
ELEC,NW ORLEANS PROP STATION 1EAST,3157 Hollister Ln,Harmon Building,Perrysburg,OH,43551,,888-758-4389,T,2026-03-17,TEMPORARILY UNAVAILABLE (Public),24 hours daily,,,,,,2,,,ChargePoint Network,https://www.chargepoint.com,GPS,41.526901,-83.64301,2026-08-19,261331,2026-08-19 02:09:30 UTC,,,,2023-05-25,,,,,J1772,US,,,,TEMPORAIREMENT SUSPENDU (Public),,public,,,,,,,,,,,,,,,,,,,,false,,,,,,,,,false,
ELEC,Wagner Subaru,5470 Intrastate Drive,,Fairborn,OH,45324,,888-998-2546,E,,Public,24 hours daily,,,,,,2,,,Blink Network,https://blinkcharging.com,GPS,39.84584,-83.989626,2026-08-19,261388,2026-08-19 00:49:15 UTC,,,,2022-11-29,,,,,J1772,US,,,,Public,,public,,,,,,,,,,,,,,,,,,,,false,,,,,,,,,false,
ELEC,Friendship Kitchen 83,4024 Hayes Ave.,,Sandusky,OH,44870,,866-816-7584,E,,Public,24 hours daily,,,,,,,4,,EV Connect,https://www.evconnect.com,GPS,41.409706,-82.725837,2026-08-19,261431,2026-08-19 03:46:24 UTC,,,,2023-05-26,,,,,CHADEMO J1772COMBO,US,,,,Public,,public,,,,,,,,,,,,,,,,,,,,false,,,,,,,,,false,
ELEC,Tim Lally Chevrolet,24999 Miles Rd,,Bedford Heights,OH,44128,,440-232-2000,E,,Public,24 hours daily; for Chevrolet customer use only,A D Debit M V,,,,,1,1,,Non-Networked,,GPS,41.426507,-81.502607,2025-11-13,261444,2026-02-02 23:16:24 UTC,P,,,2023-05-25,,,,,J1772 J1772COMBO,US,,,,Public,,public,,,CAR_DEALER,,,,,,,Free,,,,,,,,,,true,,,,,,,,LD,false,
ELEC,Serra Chevrolet,3281 S Arlington Rd,,Akron,OH,44312,,330-644-7500,E,,Public,24 hours daily; for dealership use only,A D Debit M V,,,,,1,1,,Non-Networked,,GPS,40.98166,-81.492293,2025-11-13,261445,2026-02-02 23:16:24 UTC,P,,,2023-05-25,,,,,J1772 J1772COMBO,US,,,,Public,,public,,,CAR_DEALER,,,,,,,Free,,,,,,,,,,true,,,,,,,,LD,false,
ELEC,Kenyon College Parking Garage,103 College Dr,,Gambier,OH,43022,,740-427-5000,E,,Public,"24 hours daily; for student, faculty, and visitor use only",A D Debit M V,,,,,6,,,Non-Networked,,GPS,40.3744130294237,-82.3986646071246,2025-12-12,261449,2026-02-02 23:16:24 UTC,P,,,2023-05-25,,,,,J1772,US,,,,Public,,public,,,PARKING_GARAGE,,,,,,,Free,,,,,,,,,,true,,,,,,,,LD,false,
ELEC,"Columbus, OH - Hilliard Rome Road - Tesla Supercharger",1661 Hilliard Rome Road,,Columbus,OH,43228,,877-798-3752,E,,Public,24 hours daily. NACS partner enabled.,A D Debit M V,,,,,,12,,Tesla,https://www.tesla.com/supercharger,GPS,39.982978,-83.152989,2026-06-18,261457,2026-06-18 14:46:21 UTC,P,,,2023-05-12,,,,,TESLA,US,,,,Public,,public,,,GROCERY,,,,,,,,,,,,,,,,,false,,,,,,,,LD,true,
ELEC,"West Unity, OH - Indian Meadow Service Plaza - Tesla Supercharger",21738 Co Rd M-50,,West Unity,OH,43570,,877-798-3752,E,,Public,24 hours daily. NACS partner enabled.,A D Debit M V,,,,,,8,,Tesla,https://www.tesla.com/supercharger,GPS,41.605137,-84.406609,2026-06-18,261471,2026-06-18 14:46:21 UTC,P,,,2023-05-24,,,,,TESLA,US,,,,Public,,public,,,REST_STOP,,,,,,,,,,,,,,,,,false,,,,,,,,LD,true,
ELEC,"West Unity, OH - Tiffin River Service Plaza - Tesla Supercharger",21747 Co Rd M,,West Unity,OH,43570,,877-798-3752,E,,Public,24 hours daily. NACS partner enabled.,A D Debit M V,,,,,,8,,Tesla,https://www.tesla.com/supercharger,GPS,41.603772,-84.40879,2026-06-18,261472,2026-06-18 14:46:21 UTC,P,,,2023-05-24,,,,,TESLA,US,,,,Public,,public,,,REST_STOP,,,,,,,,,,,,,,,,,false,,,,,,,,LD,true,
ELEC,Hampton Inn - Canton,5256 Broadmoor Cir NW,,Canton,OH,44709,,800-489-1588,E,,Public,24 hours daily,,,,,,,4,,FCN,https://francisenergy.com,GPS,40.8556271,-81.4156698,2026-08-19,261482,2026-08-19 04:01:14 UTC,,,,2023-05-25,,,,,CHADEMO J1772COMBO,US,,,,Public,,public,,,,,,,,,,,,,,,,,,,,false,,,,,,,,,false,
ELEC,Lima Auto Mall,2200 N Cable Rd,,Lima,OH,45807,,866-816-7584,E,,Public,24 hours daily,,,,,,1,2,,EV Connect,https://www.evconnect.com,GPS,40.768037,-84.146317,2026-08-19,261576,2026-08-19 03:45:09 UTC,,,,2023-05-27,,,,,J1772 J1772COMBO,US,,,,Public,,public,,,,,,,,,,,,,,,,,,,,false,,,,,,,,,false,
ELEC,Friendship Kitchen 70,3800 E. State Rd.,,Port Clinton,OH,43452,,866-816-7584,E,,Public,24 hours daily,,,,,,,4,,EV Connect,https://www.evconnect.com,GPS,41.507951,-82.858993,2026-08-19,261578,2026-08-19 03:46:24 UTC,,,,2023-05-27,,,,,CHADEMO J1772COMBO,US,,,,Public,,public,,,,,,,,,,,,,,,,,,,,false,,,,,,,,,false,
ELEC,Avon Lake Family Health Center,450 Avon Beldon Rd,,Avon Lake,OH,44012,,888-998-2546,E,,Public,24 hours daily,,,,,,6,,,Blink Network,https://blinkcharging.com,GPS,41.4935,-82.019347,2026-08-19,261679,2026-08-19 00:46:17 UTC,,,,2023-05-31,,,,,J1772,US,,,,Public,,public,,,,,,,,,,,,,,,,,,,,false,,,,,,,,,false,
ELEC,CITY OF CF CUYAHOGA FALLS,2355 2ND ST,,Cuyahoga Falls,OH,44221,,888-758-4389,E,,Public,24 hours daily,,,,,,2,,,ChargePoint Network,https://www.chargepoint.com,GPS,41.139163,-81.481421,2026-08-19,261685,2026-08-19 01:50:30 UTC,,,,2023-06-01,,,,,J1772,US,,,,Public,,public,,,,,,,,,,,,,,,,,,,,false,,,,,,,,,false,
ELEC,Glockner of Ironton,911 S. 3rd St,,Ironton,OH,45638,,866-816-7584,E,,Public,24 hours daily,,,,,,,1,,EV Connect,https://www.evconnect.com,GPS,38.528979,-82.679818,2026-08-19,261742,2026-08-19 03:45:32 UTC,,,,2023-06-01,,,,,J1772COMBO,US,,,,Public,,public,,,,,,,,,,,,,,,,,,,,false,,,,,,,,,false,
ELEC,NC Soccer Club,5661 stow road,,Hudson,OH,44236,,888-356-8911,E,,Public,24 hours daily,,,,,,2,,,FLO,https://www.flo.com,GPS,41.2120156,-81.4060512,2026-08-19,261811,2026-08-19 04:04:34 UTC,,,,2023-06-02,,,,,J1772,US,,,,Public,,public,,,,,,,,,,,,,,,,,,,,false,,,,,,,,,false,
ELEC,City of London - Cowling Park,175 N Main St,,London,OH,43140,,,E,,Public - Credit card at all times,Contact station for hours of availability,A ANDROID_PAY APPLE_PAY CREDIT D M,,,,,2,,,AMPUP,https://ampup.io,GPS,39.890369,-83.4535802,2023-06-12,262128,2026-08-05 18:21:35 UTC,LG,,,2023-01-11,,,,,J1772,US,,,,Public - Carte de crédit en tout temps,,public,CREDIT_CARD_ALWAYS,,PARK,,,,,,,,,,,,,,,,,false,,,,,,,,LD,false,
ELEC,Village of Garrettsville,8123 High St,,Garrettsville,OH,44231,,330-527-5631,E,,Public,Contact station for hours of availability,,,,,,2,,,AMPUP,https://ampup.io,GPS,41.28558637,-81.09726792,2024-11-06,262224,2026-08-05 18:21:35 UTC,LG,,,2023-04-05,,,,,J1772,US,,,,Public,,public,,,MUNI_GOV,,,,,,,,,,,,,,,,,false,,,,,,,,LD,false,
ELEC,Village of Windham,9015 Maple Grove Rd,,Windham,OH,44288,,,E,,Private,Contact station for hours of availability,,,,,,2,,,AMPUP,https://ampup.io,GPS,41.23695261,-81.04223657,2023-06-12,262225,2026-08-05 18:21:35 UTC,LG,,,2023-01-07,,,,,J1772,US,,,,Privé,,private,,,MUNI_GOV,,,,,,,,,,,,,,,,,,,,,,,,,LD,false,
ELEC,Vistula Parking Garage,610 N Superior St,,Toledo,OH,43604,,419-242-7515,E,,Public - Credit card at all times,24 hours daily,A CREDIT D Debit M V,,,,,2,,,AMPUP,https://ampup.io,200-8,41.65435,-83.5316,2025-09-12,262237,2026-02-02 23:16:24 UTC,P,,,2022-07-25,,,,,J1772,US,,,,Public - Carte de crédit en tout temps,,public,CREDIT_CARD_ALWAYS,,PARKING_GARAGE,,,,,,,"Free for 4 hours, $2 per hour afterwards",,,,,,,,,,false,,,,,,,,LD,false,
ELEC,Port Lawrence Parking Garage,227 N Saint Clair St,,Toledo,OH,43604,,419-242-7515,E,,Public - Credit card at all times,24 hours daily,A CREDIT D Debit M V,,,,,2,,,AMPUP,https://ampup.io,200-8,41.65087,-83.53542,2025-09-12,262238,2026-02-02 23:16:24 UTC,P,,,2023-07-25,,,,,J1772,US,,,,Public - Carte de crédit en tout temps,,public,CREDIT_CARD_ALWAYS,,PARKING_GARAGE,,,,,,,Free for first 4 hours; $2 per hour afterwards,,,,,,,,,,false,,,,,,,,LD,false,
ELEC,Superior Parking Garage,334 N Superior St,,Toledo,OH,43604,,419-242-7515,E,,Public - Credit card at all times,24 hours daily,A CREDIT D Debit M V,,,,,2,,,AMPUP,https://ampup.io,200-8,41.65087,-83.53542,2025-09-12,262239,2026-02-02 23:16:24 UTC,P,,,2022-07-25,,,,,J1772,US,,,,Public - Carte de crédit en tout temps,,public,CREDIT_CARD_ALWAYS,,PARKING_GARAGE,,,,,,,Free for first 4 hours; $2 per hour afterwards,,,,,,,,,,false,,,,,,,,LD,false,
ELEC,TOB SALES CUSTOMER,8250 Market St,Customer Parking Lot,Boardman,OH,44512,,888-758-4389,E,,Public,24 hours daily,,,,,,2,,,ChargePoint Network,https://www.chargepoint.com,GPS,40.999122,-80.663594,2026-08-19,262285,2026-08-19 02:15:52 UTC,,,,2023-06-07,,,,,J1772,US,,,,Public,,public,,,,,,,,,,,,,,,,,,,,false,,,,,,,,,false,
ELEC,METROHEALTH1 P2-#2,1700 Southpoint Dr,,Cleveland,OH,44109,,888-758-4389,E,,Public,24 hours daily,,,,,,2,,,ChargePoint Network,https://www.chargepoint.com,GPS,41.460628,-81.696498,2026-08-19,262301,2026-08-19 02:18:45 UTC,,,,2023-06-07,,,,,J1772,US,,,,Public,,public,,,,,,,,,,,,,,,,,,,,false,,,,,,,,,false,
ELEC,HONDA-COLERAIN HCEXPRESS 250 1,8950 Colerain Ave,Service entrance,Cincinnati,OH,45251,,888-758-4389,E,,Public,24 hours daily,,,,,,,1,,ChargePoint Network,https://www.chargepoint.com,GPS,39.234309,-84.590577,2026-08-19,262469,2026-08-19 02:19:01 UTC,,,,2023-06-09,,,,,CHADEMO J1772COMBO,US,,,,Public,,public,,,,,,,,,,,,,,,,,,,,false,,,,,,,,,false,
ELEC,"Energy Optimizers, USA",632 E 1st Street,,Dayton,OH,45402,,800-636-0986,E,,Public,,,,,,,2,,,CHARGELAB,https://chargelab.co,GPS,39.763948,-84.180963,2026-08-19,262479,2026-08-19 05:24:03 UTC,,,,2023-06-08,,,,,J1772,US,,,,Public,,public,,,,,,,,,,,,,,,,,,,,false,,,,,,,,,false,
ELEC,General Denver Hotel,81 W Main St,,Wilmington,OH,45177,,844-798-2438,E,,Public - Credit card at all times,24 hours daily; guest use only,A D Debit M V,,,,,4,,,SWTCH,https://swtchenergy.com,GPS,39.4456138259423,-83.8299417141817,2025-07-03,262491,2026-02-02 23:16:24 UTC,P,,,2023-06-08,,,,,J1772,US,,,,Public - Carte de crédit en tout temps,,public,CREDIT_CARD_ALWAYS,,HOTEL,,,,,,,,,,,,,,,,,true,,,,,,,,LD,false,
ELEC,JOANN Fabric and Crafts Corporate,5555 Darrow Rd,,Hudson,OH,44236,,330-656-2600,E,,Public - Credit card at all times,24 hours daily,A D Debit M V,,,,,2,,,Non-Networked,,GPS,41.2155128910682,-81.4379522089722,2023-07-11,262493,2025-11-14 16:52:27 UTC,P,,,2023-06-08,,,,,J1772,US,,,,Public - Carte de crédit en tout temps,,public,CREDIT_CARD_ALWAYS,,PARKING_LOT,,,,,,,,,,,,,,,,,false,,,,,,,,LD,false,
ELEC,Headquarters,2750 US 40 Building 1,,Tipp City,OH,45371,,888-998-2546,E,,Public,24 hours daily,,,,,,2,,,Blink Network,https://blinkcharging.com,GPS,39.8947942,-84.1515794,2026-08-19,262763,2026-08-19 00:40:10 UTC,,,,2022-03-27,,,,,J1772,US,,,,Public,,public,,,,,,,,,,,,,,,,,,,,false,,,,,,,,,false,
ELEC,SOUTH EUCLID BEXLEY PARK,1630 Wrenford Rd,,South Euclid,OH,44121,,888-758-4389,E,,Public,24 hours daily,,,,,,2,,,ChargePoint Network,https://www.chargepoint.com,GPS,41.515779,-81.528641,2026-08-19,263025,2026-08-19 02:19:41 UTC,,,,2023-06-21,,,,,J1772,US,,,,Public,,public,,,,,,,,,,,,,,,,,,,,false,,,,,,,,,false,
ELEC,HTM HTM STATION 3,6964 OH-235,Near Associate Entrance,Russells Point,OH,43348,,888-758-4389,E,,Public,24 hours daily,,,,,,2,,,ChargePoint Network,https://www.chargepoint.com,GPS,40.44671,-83.901821,2026-08-19,273707,2026-08-19 01:18:24 UTC,,,,2023-06-22,,,,,J1772,US,,,,Public,,public,,,,,,,,,,,,,,,,,,,,false,,,,,,,,,false,
ELEC,HTM HTM STATION 2,6964 OH-235,Near Associate Entrance,Russells Point,OH,43348,,888-758-4389,E,,Public,24 hours daily,,,,,,2,,,ChargePoint Network,https://www.chargepoint.com,GPS,40.446706,-83.901798,2026-08-19,273708,2026-08-19 01:18:24 UTC,,,,2023-06-22,,,,,J1772,US,,,,Public,,public,,,,,,,,,,,,,,,,,,,,false,,,,,,,,,false,
ELEC,Bowling Green State University - Parking Lot A,819 E Wooster St,Next to Maurer Center,Bowling Green,OH,43403,,419-372-9949,E,,Public,24 hours daily,,,,,,4,,,Non-Networked,,200-8,41.37479,-83.64049,2023-07-11,279602,2026-06-19 15:16:33 UTC,P,,,2021-08-01,,,,,J1772,US,,,,Public,,public,,,COLLEGE_CAMPUS,,,,,,,$1 per hour,,,,,,,,,,false,,,,,,,,LD,false,
ELEC,WYLER HYUNDAI #2 SHOWROOM,238 W Mitchell Ave,Showroom Parking Area,Cincinnati,OH,45232,,888-758-4389,E,,Public,24 hours daily,,,,,,,1,,ChargePoint Network,https://www.chargepoint.com,GPS,39.16525,-84.510937,2026-08-19,294259,2026-08-19 02:01:47 UTC,,,,2023-06-23,,,,,CHADEMO J1772COMBO,US,,,,Public,,public,,,,,,,,,,,,,,,,,,,,false,,,,,,,,,false,
ELEC,ACPL CHARGER #1,30 Home Street,,Athens,OH,45701,,888-758-4389,E,,Public,24 hours daily,,,,,,2,,,ChargePoint Network,https://www.chargepoint.com,GPS,39.334889,-82.083401,2026-08-19,296667,2026-08-19 02:55:10 UTC,,,,2023-06-23,,,,,J1772,US,,,,Public,,public,,,,,,,,,,,,,,,,,,,,false,,,,,,,,,false,
ELEC,DoubleTree by Hilton,600 Metro Pl N,,Dublin,OH,43017,,614-956-3400,E,,Public - Credit card at all times,24 hours daily; for guest use only,A D Debit M V,,,,,3,,,Non-Networked,,GPS,40.0965434954452,-83.1328375973933,2025-11-13,296762,2026-02-10 20:35:26 UTC,P,,,2023-06-15,,,,,J1772 TESLA,US,,,,Public - Carte de crédit en tout temps,,public,CREDIT_CARD_ALWAYS,,HOTEL,,,,,,,Free,,,,,,,,,,true,,,,,,,,LD,false,
ELEC,Mabley Place,410 Race St.,,Cincinnati,OH,45202,,855-223-5351,E,,Public,24 hours daily,A D M V,,,,,20,,,FLASH,https://www.flashparking.com/products/diversify-parking-revenue/ev-charging-as-a-revenue-stream/,GPS,39.100174796527035,-84.51392501527154,2026-08-19,296792,2026-08-19 03:53:41 UTC,,,,2023-06-24,,,,,J1772,US,,,,Public,,public,,,PUBLIC,,,,,,,,,,,,,,,,,false,,,,,,,,,false,
ELEC,Key Chrysler - Tobey Auto Group,2020 N Detroit St,,Xenia,OH,45385,,937-372-4451,E,,Public - Credit card at all times,24 hours daily,CREDIT M V,,,,,7,2,,Non-Networked,,GPS,39.71173266906,-83.9365899069458,2026-07-15,298647,2026-07-15 18:38:56 UTC,P,,,2023-05-02,,,,,J1772 J1772COMBO,US,,,,Public - Carte de crédit en tout temps,,public,CREDIT_CARD_ALWAYS,,CAR_DEALER,,,,,,,$0.39 per kW,,,,,,,,,,true,,,,,,,,LD,false,
ELEC,GERMAIN 4 HYUN LEV 3,1400 Auto Mall Dr,,Columbus,OH,43228,,888-758-4389,E,,Public,24 hours daily,,,,,,,1,,ChargePoint Network,https://www.chargepoint.com,GPS,39.923442,-83.123523,2026-08-19,298704,2026-08-19 02:07:36 UTC,,,,2023-06-29,,,,,CHADEMO J1772COMBO,US,,,,Public,,public,,,,,,,,,,,,,,,,,,,,false,,,,,,,,,false,
ELEC,GERMAIN 3 HYUN LEV 3,1400 Auto Mall Dr,,Columbus,OH,43228,,888-758-4389,E,,Public,24 hours daily,,,,,,,1,,ChargePoint Network,https://www.chargepoint.com,GPS,39.923434,-83.123575,2026-08-19,298705,2026-08-19 02:07:36 UTC,,,,2023-06-29,,,,,CHADEMO J1772COMBO,US,,,,Public,,public,,,,,,,,,,,,,,,,,,,,false,,,,,,,,,false,
ELEC,HORIZONS INC STATION 1,18531 S Miles Rd,Middle parking lot,Cleveland,OH,44128,,888-758-4389,E,,Public,24 hours daily,,,,,,2,,,ChargePoint Network,https://www.chargepoint.com,GPS,41.433241,-81.550224,2026-08-19,298892,2026-08-19 02:13:05 UTC,,,,2023-06-29,,,,,J1772,US,,,,Public,,public,,,,,,,,,,,,,,,,,,,,false,,,,,,,,,false,
ELEC,CLASSIC LEXUS CUSTOMER,2551 Som Center Rd,Customer parking,Willoughby Hills,OH,44094,,888-758-4389,E,,Public,24 hours daily,,,,,,2,,,ChargePoint Network,https://www.chargepoint.com,GPS,41.598666,-81.43936,2026-08-19,299243,2026-08-19 02:14:31 UTC,,,,2023-06-29,,,,,J1772,US,,,,Public,,public,,,,,,,,,,,,,,,,,,,,false,,,,,,,,,false,
ELEC,DCH STATION 2,1 Childrens Plaza,,Dayton,OH,45404,,888-758-4389,E,,Public,24 hours daily,,,,,,2,,,ChargePoint Network,https://www.chargepoint.com,GPS,39.775169,-84.166396,2026-08-19,300165,2026-08-19 02:18:01 UTC,,,,2023-06-29,,,,,J1772,US,,,,Public,,public,,,,,,,,,,,,,,,,,,,,false,,,,,,,,,false,
ELEC,DCH STATION 3,1 Childrens Plaza,Staff parking lot,Dayton,OH,45404,,888-758-4389,E,,Public,24 hours daily,,,,,,2,,,ChargePoint Network,https://www.chargepoint.com,GPS,39.775062,-84.166579,2026-08-19,300168,2026-08-19 02:18:02 UTC,,,,2023-06-29,,,,,J1772,US,,,,Public,,public,,,,,,,,,,,,,,,,,,,,false,,,,,,,,,false,
ELEC,DCH STATION 1,1 Childrens Plaza,,Dayton,OH,45404,,888-758-4389,E,,Public,24 hours daily,,,,,,2,,,ChargePoint Network,https://www.chargepoint.com,GPS,39.775144,-84.166343,2026-08-19,300169,2026-08-19 02:18:02 UTC,,,,2023-06-29,,,,,J1772,US,,,,Public,,public,,,,,,,,,,,,,,,,,,,,false,,,,,,,,,false,
ELEC,DCH STATION 4,1 Childrens Plaza,Staff parking lot,Dayton,OH,45404,,888-758-4389,E,,Public,24 hours daily,,,,,,2,,,ChargePoint Network,https://www.chargepoint.com,GPS,39.775029,-84.166482,2026-08-19,300170,2026-08-19 02:18:02 UTC,,,,2023-06-29,,,,,J1772,US,,,,Public,,public,,,,,,,,,,,,,,,,,,,,false,,,,,,,,,false,
ELEC,DONWOODAUTO DW TOYOTA 1,898 E State St,Front of the building,Athens,OH,45701,,888-758-4389,E,,Public,24 hours daily,,,,,,,1,,ChargePoint Network,https://www.chargepoint.com,GPS,39.337305,-82.07097,2026-08-19,300508,2026-08-19 02:19:23 UTC,,,,2023-06-29,,,,,J1772COMBO TESLA,US,,,,Public,,public,,,,,,,,,,,,,,,,,,,,false,,,,,,,,,false,
ELEC,GRLA HYUNDAI CHARGER 1,2441 Billingsley Rd,,Columbus,OH,43235,,888-758-4389,E,,Public,24 hours daily,,,,,,,1,,ChargePoint Network,https://www.chargepoint.com,GPS,40.110344,-83.080334,2026-08-19,301680,2026-08-19 02:10:14 UTC,,,,2023-06-30,,,,,CHADEMO J1772COMBO,US,,,,Public,,public,,,,,,,,,,,,,,,,,,,,false,,,,,,,,,false,
ELEC,"Broadview Heights, OH - Towpath Service Plaza - Tesla Supercharger",10037 Broadview Rd,,Broadview Heights,OH,44147,,877-798-3752,E,,Public,24 hours daily. NACS partner enabled.,A D Debit M V,,,,,,8,,Tesla,https://www.tesla.com/supercharger,GPS,41.292252,-81.676217,2026-06-18,301720,2026-06-18 14:46:21 UTC,P,,,2023-06-24,,,,,TESLA,US,,,,Public,,public,,,REST_STOP,,,,,,,,,,,,,,,,,false,,,,,,,,LD,true,
ELEC,"Broadview Heights, OH - Great Lakes Service Plaza - Tesla Supercharger",2000 E Edgerton Rd,,Broadview Heights,OH,44147,,877-798-3752,E,,Public,24 hours daily. NACS partner enabled.,A D Debit M V,,,,,,8,,Tesla,https://www.tesla.com/supercharger,GPS,41.291792,-81.670856,2026-06-18,301721,2026-06-18 14:46:21 UTC,P,,,2023-06-27,,,,,TESLA,US,,,,Public,,public,,,REST_STOP,,,,,,,,,,,,,,,,,false,,,,,,,,LD,true,
ELEC,Berrodin Bed & Breakfast's,814 Bloomfield Ave,,Akron,OH,44302,,330-775-7405,E,,Public - Credit card at all times,9am-10pm daily; for guest use only,A D Debit M V,,,,,1,,,Non-Networked,,GPS,41.09387636,-81.54551845,2025-12-12,301739,2026-02-02 23:16:24 UTC,P,,,2023-06-29,,,,,J1772,US,,,,Public - Carte de crédit en tout temps,,public,CREDIT_CARD_ALWAYS,,B_AND_B,,,,,,,,,,,,,,,,,true,,,,,,,,LD,false,
ELEC,Nick Mayer Ford,6200 Mayfield Rd,,Mayfield Heights,OH,44124,,440-449-1000,E,,Private,Dealership business hours; service and customer use only,,,,,,1,,,Non-Networked,,200-9,41.519266,-81.455388,2023-07-11,301762,2025-07-11 20:23:58 UTC,P,,,2023-06-30,,,,,J1772,US,,,,Privé,,private,,,CAR_DEALER,,,,,,,Free,,,,,,,,,,,,,,,,,,LD,false,
ELEC,GRLA HYUNDAI CHARGER 2,2441 Billingsley Rd,,Columbus,OH,43235,,888-758-4389,E,,Public,24 hours daily,,,,,,,1,,ChargePoint Network,https://www.chargepoint.com,GPS,40.110717,-83.080479,2026-08-19,301794,2026-08-19 02:10:07 UTC,,,,2023-07-01,,,,,CHADEMO J1772COMBO,US,,,,Public,,public,,,,,,,,,,,,,,,,,,,,false,,,,,,,,,false,
ELEC,Wayside Lawn Structures,1112 OH-14,,Columbiana,OH,44408,,,E,,Private - Credit card at all times,24 hours daily,A D Debit M V,,,,,1,,,Non-Networked,,GPS,40.88989978,-80.67253232,2025-12-12,302209,2026-02-02 23:16:24 UTC,P,,,2023-07-06,,,,,J1772,US,,,,Privé - Carte de crédit en tout temps,,private,CREDIT_CARD_ALWAYS,,PARKING_LOT,,,,,,,,,,,,,,,,,,,,,,,,,LD,false,
ELEC,Dave White Chevrolet,5880 Monroe St,,Sylvania,OH,43560,,800-893-9036,T,2023-09-01,TEMPORARILY UNAVAILABLE (Private),24 hours daily,,,,,,1,,,Non-Networked,,200-9,41.714389,-83.683956,2025-09-12,302281,2026-02-02 23:16:24 UTC,P,,,2016-12-01,,,,,J1772,US,,,,TEMPORAIREMENT SUSPENDU (Privé),,private,,,CAR_DEALER,,,,,,,,,,,,,,,,,,,,,,,,,MD,false,
ELEC,Dave White Chevrolet,5880 Monroe St,,Sylvania,OH,43560,,800-893-9036,E,,Private,24 hours daily,,,,,,4,,,Non-Networked,,200-9,41.714389,-83.683956,2025-09-12,302282,2026-02-02 23:16:24 UTC,P,,,2023-09-01,,,,,J1772,US,,,,Privé,,private,,,CAR_DEALER,,,,,,,,,,,,,,,,,,,,,,,,,MD,false,
ELEC,GERMAIN VW SUBARU STATION2,1395 Auto Mall Parkway,,Columbus,OH,43228,,888-758-4389,E,,Public,24 hours daily,,,,,,1,,,ChargePoint Network,https://www.chargepoint.com,GPS,39.92409,-83.12588,2026-08-19,302296,2026-08-19 02:20:21 UTC,,,,2023-07-11,,,,,J1772,US,,,,Public,,public,,,,,,,,,,,,,,,,,,,,false,,,,,,,,,false,
ELEC,Camargo Cadillac,9880 Montgomery Rd,,Cincinnati,OH,45242,,513-891-9400,P,2023-09-01,PLANNED - not yet accessible (Public),,,,,,,1,,,Non-Networked,,200-9,39.236407,-84.349902,2023-08-10,302322,2025-07-11 20:27:25 UTC,P,,,,,,,,J1772,US,,,,PRÉVU - pas encore accessible (Public),,public,,,CAR_DEALER,,,,,,,,,,,,,,,,,false,,,,,,,,LD,false,
ELEC,Camargo Cadillac,9880 Montgomery Rd,,Cincinnati,OH,45242,,513-891-9400,P,2023-09-01,PLANNED - not yet accessible (Private),Service use only,,,,,,1,,,Non-Networked,,200-9,39.236407,-84.349902,2023-08-10,302323,2025-07-11 20:27:25 UTC,P,,,,,,,,J1772,US,,,,PRÉVU - pas encore accessible (Privé),,private,,,CAR_DEALER,,,,,,,,,,,,,,,,,,,,,,,,,LD,false,
ELEC,UCI LOT 22 UCI LOT 22,11366 Mayfield Rd,,Cleveland,OH,44106,,888-758-4389,E,,Public,24 hours daily,,,,,,2,,,ChargePoint Network,https://www.chargepoint.com,GPS,41.508277,-81.604911,2026-08-19,302375,2026-08-19 01:51:14 UTC,,,,2023-07-13,,,,,J1772,US,,,,Public,,public,,,,,,,,,,,,,,,,,,,,false,,,,,,,,,false,
ELEC,Akron Children’s Hospital,6505 Market St,,Youngstown,OH,44512,,330-746-8040,E,,Public - Credit card at all times,24 hours daily,A D Debit M V,,,,,4,,,Non-Networked,,GPS,41.0332013948884,-80.6596910994979,2023-08-10,302668,2025-11-10 20:30:04 UTC,P,,,2023-07-13,,,,,J1772,US,,,,Public - Carte de crédit en tout temps,,public,CREDIT_CARD_ALWAYS,,HOSPITAL,,,,,,,,,,,,,,,,,false,,,,,,,,LD,false,
ELEC,MONTGOMERY CNTY TRT-1,875 E Main St,,Trotwood,OH,45426,,888-758-4389,E,,Public,24 hours daily,,,,,,2,,,ChargePoint Network,https://www.chargepoint.com,GPS,39.79766,-84.294699,2026-08-19,302710,2026-08-19 02:15:01 UTC,,,,2023-07-18,,,,,J1772,US,,,,Public,,public,,,,,,,,,,,,,,,,,,,,false,,,,,,,,,false,
ELEC,MONTGOMERY CNTY TRT-2,875 E Main St,,Trotwood,OH,45426,,888-758-4389,E,,Public,24 hours daily,,,,,,2,,,ChargePoint Network,https://www.chargepoint.com,GPS,39.798166,-84.294802,2026-08-19,302711,2026-08-19 02:15:02 UTC,,,,2023-07-18,,,,,J1772,US,,,,Public,,public,,,,,,,,,,,,,,,,,,,,false,,,,,,,,,false,
ELEC,Stykemain Buick GMC LTD.,25124 Elliot Rd,,Defiance,OH,43512,,866-816-7584,E,,Public,24 hours daily,,,,,,,1,,EV Connect,https://www.evconnect.com,GPS,41.310836,-84.339661,2026-08-19,302758,2026-08-19 03:46:15 UTC,,,,2023-07-18,,,,,J1772COMBO,US,,,,Public,,public,,,,,,,,,,,,,,,,,,,,false,,,,,,,,,false,
ELEC,Glockner Chevrolet,4368 US-23,,Portsmouth,OH,45662,,866-816-7584,E,,Public,24 hours daily,,,,,,,1,,EV Connect,https://www.evconnect.com,GPS,38.791687,-82.984679,2026-08-19,302837,2026-08-19 03:46:35 UTC,,,,2023-07-19,,,,,J1772COMBO,US,,,,Public,,public,,,,,,,,,,,,,,,,,,,,false,,,,,,,,,false,
ELEC,Mechanics Bank,2 S Main St,,Mansfield,OH,44902,,833-692-6787,E,,Public - Credit card at all times,24 hours daily,A D Debit M V,,,,,1,,,AMPUP,https://ampup.io,GPS,40.7578770695223,-82.5160303922433,2023-08-10,302978,2026-08-05 18:21:35 UTC,P,,,2023-07-20,,,,,J1772,US,,,,Public - Carte de crédit en tout temps,,public,CREDIT_CARD_ALWAYS,,BANK,,,,,,,,,,,,,,,,,false,,,,,,,,LD,false,
ELEC,Twins Buick GMC,960 Morse Rd,,Columbus,OH,43229,,,E,,Private - Call ahead,"M-Th 9am-8pm, F-Sat 9am-6pm, Sun 12pm-5pm",A D Debit M V,,,,,,1,,Non-Networked,,GPS,40.0631040925714,-82.9941993968994,2025-11-13,302981,2026-02-02 23:16:24 UTC,P,,,2023-07-20,,,,,J1772COMBO,US,,,,Privé - Appeler à l'avance,,private,CALL,,CAR_DEALER,,,,,,,,,,,,,,,,,,,,,,,,,LD,false,
ELEC,Orthopedic Associates,1002 Rainbow Ct,,Fairborn,OH,45324,,800-824-9861,E,,Public - Credit card at all times,24 hours daily,A D Debit M V,,,,,2,,,Non-Networked,,GPS,39.7816008782945,-84.0032371811874,2023-08-10,302984,2025-12-12 18:28:05 UTC,P,,,2023-07-20,,,,,J1772,US,,,,Public - Carte de crédit en tout temps,,public,CREDIT_CARD_ALWAYS,,PARKING_LOT,,,,,,,,,,,,,,,,,false,,,,,,,,LD,false,
ELEC,Swtch Energy,160 Wilson Bridge Rd,,Columbus,OH,43085,,844-798-2438,E,,Public,24 hours daily,A D Debit M V,,,,,1,,,SWTCH,https://swtchenergy.com,GPS,40.109846,-83.030632,2023-08-10,303241,2024-01-31 22:07:01 UTC,P,,,2023-05-26,,,,,J1772,US,,,,Public,,public,,,PARKING_LOT,,,,,,,Free,,,,,,,,,,false,,,,,,,,,false,
ELEC,Swtch Energy,545 Metro Pl,,Dublin,OH,43017,,,E,,Private,24 hours daily,A D Debit M V,,,,,2,,,SWTCH,https://swtchenergy.com,GPS,40.095695,-83.132561,2023-08-10,303251,2024-01-31 22:07:01 UTC,P,,,2023-04-03,,,,,J1772,US,,,,Privé,,private,,,OFFICE_BLDG,,,,,,,,,,,,,,,,,,,,,,,,,,true,
ELEC,TELHIO W5TH TELHIO W 5TH,1666 W 5th Ave,,Columbus,OH,43212,,888-758-4389,E,,Public,24 hours daily,,,,,,2,,,ChargePoint Network,https://www.chargepoint.com,GPS,39.989331,-83.051078,2026-08-19,303463,2026-08-19 02:17:50 UTC,,,,2023-07-26,,,,,J1772,US,,,,Public,,public,,,,,,,,,,,,,,,,,,,,false,,,,,,,,,false,
ELEC,AAA MID STATES AAA MID STATES,1550 Tiffin Ave,parking lot,Findlay,OH,45840,,888-758-4389,E,,Public,24 hours daily,,,,,,2,,,ChargePoint Network,https://www.chargepoint.com,GPS,41.051812,-83.621665,2026-08-19,303675,2026-08-19 02:21:12 UTC,,,,2023-07-28,,,,,J1772,US,,,,Public,,public,,,,,,,,,,,,,,,,,,,,false,,,,,,,,,false,
ELEC,"Columbus, OH - East Campus View Boulevard - Tesla Supercharger",179 E Campus View Blvd,,Columbus,OH,43235,,877-798-3752,E,,Public,24 hours daily. NACS partner enabled.,A D Debit M V,,,,,,16,,Tesla,https://www.tesla.com/supercharger,GPS,40.117459,-83.010765,2026-06-18,303728,2026-06-18 14:46:21 UTC,P,,,2023-07-20,,,,,TESLA,US,,,,Public,,public,,,SHOPPING_CENTER,,,,,,,,,,,,,,,,,false,,,,,,,,LD,true,
ELEC,HOLOWICKI STATION 1,1305 W 5th St,,Marysville,OH,43040,,888-758-4389,E,,Public,24 hours daily,,,,,,2,,,ChargePoint Network,https://www.chargepoint.com,GPS,40.240991,-83.391411,2026-08-19,303772,2026-08-19 02:20:51 UTC,,,,2023-07-29,,,,,J1772,US,,,,Public,,public,,,,,,,,,,,,,,,,,,,,false,,,,,,,,,false,
ELEC,HOLOWICKI STATION 2,1305 W 5th St,,Marysville,OH,43040,,888-758-4389,E,,Public,24 hours daily,,,,,,2,,,ChargePoint Network,https://www.chargepoint.com,GPS,40.241004,-83.391441,2026-08-19,303773,2026-08-19 02:20:51 UTC,,,,2023-07-29,,,,,J1772,US,,,,Public,,public,,,,,,,,,,,,,,,,,,,,false,,,,,,,,,false,
ELEC,CMH AIRPORT EV WALKING LOT,4318 International Gateway,,Columbus,OH,43219,,888-758-4389,E,,Public,24 hours daily,,,,,,2,,,ChargePoint Network,https://www.chargepoint.com,GPS,39.999184,-82.88824,2026-08-19,303836,2026-08-19 02:20:10 UTC,,,,2023-08-01,,,,,J1772,US,,,,Public,,public,,,,,,,,,,,,,,,,,,,,false,,,,,,,,,false,
ELEC,VICTORY AG CUSTOMER CHARGE,13775 Brookpark Rd,,Brook Park,OH,44142,,888-758-4389,E,,Public,24 hours daily,,,,,,2,,,ChargePoint Network,https://www.chargepoint.com,GPS,41.417485,-81.786938,2026-08-19,306345,2026-08-19 02:20:03 UTC,,,,2023-08-04,,,,,J1772,US,,,,Public,,public,,,,,,,,,,,,,,,,,,,,false,,,,,,,,,false,
ELEC,Terminal Tower,549 W. Superior,,Cleveland,OH,44113,,866-816-7584,E,,Public,24 hours daily,,,,,,4,,,EV Connect,https://www.evconnect.com,GPS,41.498182,-81.696172,2026-08-19,306819,2026-08-19 03:46:42 UTC,,,,2023-08-11,,,,,J1772,US,,,,Public,,public,,,,,,,,,,,,,,,,,,,,false,,,,,,,,,false,
ELEC,"New Springfield, OH - Mahoning Valley Service Plaza - Tesla Supercharger",3500 E South Range Rd,,New Springfield,OH,44443,,877-798-3752,E,,Public,24 hours daily. NACS partner enabled.,A D Debit M V,,,,,,8,,Tesla,https://www.tesla.com/supercharger,GPS,40.940118,-80.585203,2026-06-18,306844,2026-06-18 14:46:21 UTC,P,,,2023-08-02,,,,,TESLA,US,,,,Public,,public,,,REST_STOP,,,,,,,,,,,,,,,,,false,,,,,,,,LD,true,
ELEC,"New Springfield, OH - Glacier Hills Service Plaza - Tesla Supercharger",12500 Beard Rd,,New Springfield,OH,44443,,877-798-3752,E,,Public,24 hours daily. NACS partner enabled.,A D Debit M V,,,,,,8,,Tesla,https://www.tesla.com/supercharger,GPS,40.939059,-80.587911,2026-06-18,306845,2026-06-18 14:46:21 UTC,P,,,2023-08-02,,,,,TESLA,US,,,,Public,,public,,,REST_STOP,,,,,,,,,,,,,,,,,false,,,,,,,,LD,true,
ELEC,SCC. VISITORS,450 W 4th St,Parking lot,Dayton,OH,45402,,888-758-4389,E,,Public,24 hours daily,,,,,,2,,,ChargePoint Network,https://www.chargepoint.com,GPS,39.756721,-84.197879,2026-08-19,307020,2026-08-19 02:21:56 UTC,,,,2023-08-15,,,,,J1772,US,,,,Public,,public,,,,,,,,,,,,,,,,,,,,false,,,,,,,,,false,
ELEC,SCC. LOT K EAST,275 S Perry St,Parking lot,Dayton,OH,45402,,888-758-4389,E,,Public,24 hours daily,,,,,,2,,,ChargePoint Network,https://www.chargepoint.com,GPS,39.755229,-84.197909,2026-08-19,307021,2026-08-19 02:21:56 UTC,,,,2023-08-15,,,,,J1772,US,,,,Public,,public,,,,,,,,,,,,,,,,,,,,false,,,,,,,,,false,
ELEC,SCC. LOT K WEST,275 S Perry St,Parking lot,Dayton,OH,45402,,888-758-4389,E,,Public,24 hours daily,,,,,,2,,,ChargePoint Network,https://www.chargepoint.com,GPS,39.755377,-84.19677,2026-08-19,307022,2026-08-19 02:21:56 UTC,,,,2023-08-15,,,,,J1772,US,,,,Public,,public,,,,,,,,,,,,,,,,,,,,false,,,,,,,,,false,
ELEC,SCC. LOT E,240 W 4th St,Parking lot,Dayton,OH,45402,,888-758-4389,E,,Public,24 hours daily,,,,,,2,,,ChargePoint Network,https://www.chargepoint.com,GPS,39.756913,-84.195982,2026-08-19,307023,2026-08-19 02:21:56 UTC,,,,2023-08-15,,,,,J1772,US,,,,Public,,public,,,,,,,,,,,,,,,,,,,,false,,,,,,,,,false,
ELEC,Cole Valley Cadillac,4111 Elm Rd NE,,Warren,OH,44483,,888-356-8911,E,,Public,24 hours daily,,,,,,,1,,FLO,https://www.flo.com,GPS,41.2760252,-80.7773996,2026-08-19,307464,2026-08-19 04:04:45 UTC,,,,2023-08-18,,,,,CHADEMO J1772COMBO,US,,,,Public,,public,,,,,,,,,,,,,,,,,,,,false,,,,,,,,,false,
ELEC,GRAVITY STATION 2,60 Mc Dowell St,"Garage Level 1 northwest corner, just south of station 1",Columbus,OH,43215,,888-758-4389,E,,Public,24 hours daily,,,,,,2,,,ChargePoint Network,https://www.chargepoint.com,GPS,39.959608,-83.012595,2026-08-19,307490,2026-08-19 02:21:08 UTC,,,,2023-08-19,,,,,J1772,US,,,,Public,,public,,,,,,,,,,,,,,,,,,,,false,,,,,,,,,false,
ELEC,GRAVITY STATION 1,60 Mc Dowell St,Garage level 1 south of the ramp,Columbus,OH,43215,,888-758-4389,E,,Public,24 hours daily,,,,,,2,,,ChargePoint Network,https://www.chargepoint.com,GPS,39.959584,-83.012563,2026-08-19,307491,2026-08-19 02:21:08 UTC,,,,2023-08-19,,,,,J1772,US,,,,Public,,public,,,,,,,,,,,,,,,,,,,,false,,,,,,,,,false,
ELEC,GENESIS OF MENT SERVICE RIGHT,8494 Tyler Blvd,,Mentor,OH,44060,,888-758-4389,E,,Public,24 hours daily,,,,,,1,,,ChargePoint Network,https://www.chargepoint.com,GPS,41.683654,-81.335248,2026-08-19,307506,2026-08-19 02:22:01 UTC,,,,2023-08-19,,,,,J1772,US,,,,Public,,public,,,,,,,,,,,,,,,,,,,,false,,,,,,,,,false,
ELEC,GRAVITY STATION 4,60 Mc Dowell St,Garage Level 1  Northwest Corner,Columbus,OH,43215,,888-758-4389,E,,Public,24 hours daily,,,,,,2,,,ChargePoint Network,https://www.chargepoint.com,GPS,39.959633,-83.012595,2026-08-19,307516,2026-08-19 02:22:23 UTC,,,,2023-08-19,,,,,J1772,US,,,,Public,,public,,,,,,,,,,,,,,,,,,,,false,,,,,,,,,false,
ELEC,GRAVITY STATION 3,60 Mc Dowell St,Garage Level 1 northwest corner just south of station 2,Columbus,OH,43215,,888-758-4389,E,,Public,24 hours daily,,,,,,2,,,ChargePoint Network,https://www.chargepoint.com,GPS,39.9596,-83.012573,2026-08-19,307517,2026-08-19 02:22:24 UTC,,,,2023-08-19,,,,,J1772,US,,,,Public,,public,,,,,,,,,,,,,,,,,,,,false,,,,,,,,,false,
ELEC,SCC. SCC LOT J,201 W 5th St,Parking lot,Dayton,OH,45402,,888-758-4389,E,,Public,24 hours daily,,,,,,2,,,ChargePoint Network,https://www.chargepoint.com,GPS,39.756379,-84.194945,2026-08-19,307659,2026-08-19 02:21:57 UTC,,,,2023-08-23,,,,,J1772,US,,,,Public,,public,,,,,,,,,,,,,,,,,,,,false,,,,,,,,,false,
ELEC,HAMILTON OHIO 235 S MONUMENT,101 S Monument Ave,,Hamilton,OH,45011,,888-758-4389,E,,Public,24 hours daily,,,,,,2,,,ChargePoint Network,https://www.chargepoint.com,GPS,39.399092,-84.565886,2026-08-19,307709,2026-08-19 02:22:25 UTC,,,,2023-08-23,,,,,J1772,US,,,,Public,,public,,,,,,,,,,,,,,,,,,,,false,,,,,,,,,false,
ELEC,"Upper Sandusky, OH - Tesla Supercharger",1745 E Wyandot Ave,,Upper Sandusky,OH,43351,,877-798-3752,E,,Public,24 hours daily. NACS partner enabled.,A D Debit M V,,,,,,12,,Tesla,https://www.tesla.com/supercharger,GPS,40.834545,-83.237167,2026-06-18,307827,2026-06-18 14:46:21 UTC,P,,,2023-08-22,,,,,TESLA,US,,,,Public,,public,,,RESTAURANT,,,,,,,,,,,,,,,,,false,,,,,,,,LD,true,
ELEC,3100 EASTON STATION 1,3100 Easton Square Pl,,Columbus,OH,43219,,888-758-4389,E,,Public,24 hours daily,,,,,,2,,,ChargePoint Network,https://www.chargepoint.com,GPS,40.037357,-82.911091,2026-08-19,308079,2026-08-19 01:58:49 UTC,,,,2023-08-30,,,,,J1772,US,,,,Public,,public,,,,,,,,,,,,,,,,,,,,false,,,,,,,,,false,
ELEC,3100 EASTON STATION 2,3100 Easton Square Pl,,Columbus,OH,43219,,888-758-4389,E,,Public,24 hours daily,,,,,,2,,,ChargePoint Network,https://www.chargepoint.com,GPS,40.037355,-82.911021,2026-08-19,308080,2026-08-19 01:58:49 UTC,,,,2023-08-30,,,,,J1772,US,,,,Public,,public,,,,,,,,,,,,,,,,,,,,false,,,,,,,,,false,
ELEC,"New Philadelphia, OH - Tesla Supercharger",1281 W High Ave,,New Philadelphia,OH,44663,,877-798-3752,E,,Public,24 hours daily. NACS partner enabled.,A D Debit M V,,,,,,12,,Tesla,https://www.tesla.com/supercharger,GPS,40.493928,-81.473442,2026-06-18,308416,2026-06-18 14:46:21 UTC,P,,,2023-08-25,,,,,TESLA,US,,,,Public,,public,,,GAS_STATION,,,,,,,,,,,,,,,,,false,,,,,,,,LD,true,
ELEC,SRS EV CHELSEA - 1,4100 Quentin Boulevard,,Columbus,OH,43230,,888-758-4389,E,,Public,24 hours daily,,,,,,2,,,ChargePoint Network,https://www.chargepoint.com,GPS,40.063312,-82.856186,2026-08-19,308453,2026-08-19 02:21:49 UTC,,,,2023-09-02,,,,,J1772,US,,,,Public,,public,,,,,,,,,,,,,,,,,,,,false,,,,,,,,,false,
ELEC,RR CITY HALL CITY HALL,2129 Wagar Rd,Front Parking Lot,Rocky River,OH,44116,,888-758-4389,E,,Public,24 hours daily,,,,,,2,,,ChargePoint Network,https://www.chargepoint.com,GPS,41.467711,-81.85284,2026-08-19,308521,2026-08-19 02:16:42 UTC,,,,2023-09-05,,,,,J1772,US,,,,Public,,public,,,,,,,,,,,,,,,,,,,,false,,,,,,,,,false,
ELEC,UD ST. JOSEPH HALL,300 College Park,,Dayton,OH,45469,,888-758-4389,E,,Public,24 hours daily,,,,,,2,,,ChargePoint Network,https://www.chargepoint.com,GPS,39.739017,-84.178063,2026-08-19,308594,2026-08-19 02:22:45 UTC,,,,2023-09-06,,,,,J1772,US,,,,Public,,public,,,,,,,,,,,,,,,,,,,,false,,,,,,,,,false,
ELEC,UD FITZ HALL,1529 Brown Street D Lot,,Dayton,OH,45409,,888-758-4389,E,,Public,24 hours daily,,,,,,2,,,ChargePoint Network,https://www.chargepoint.com,GPS,39.739047,-84.182598,2026-08-19,308595,2026-08-19 02:22:45 UTC,,,,2023-09-06,,,,,J1772,US,,,,Public,,public,,,,,,,,,,,,,,,,,,,,false,,,,,,,,,false,
ELEC,UD R1 LOT,1700 South Patterson Boulevard R1 Lot,,Dayton,OH,45409,,888-758-4389,E,,Public,24 hours daily,,,,,,2,,,ChargePoint Network,https://www.chargepoint.com,GPS,39.729591,-84.194011,2026-08-19,308596,2026-08-19 02:22:52 UTC,,,,2023-09-06,,,,,J1772,US,,,,Public,,public,,,,,,,,,,,,,,,,,,,,false,,,,,,,,,false,
ELEC,NCEC-ATTICA NCE-2,350 Stump Pike Rd,,Attica,OH,44807,,888-758-4389,E,,Public,24 hours daily,,,,,,2,,,ChargePoint Network,https://www.chargepoint.com,GPS,41.065586,-82.900845,2026-08-19,308597,2026-08-19 02:22:56 UTC,,,,2023-09-06,,,,,J1772,US,,,,Public,,public,,,,,,,,,,,,,,,,,,,,false,,,,,,,,,false,
ELEC,COUGHLIN EV REAR,2306 Hebron Rd,back door,Heath,OH,43056,,888-758-4389,E,,Public,24 hours daily,,,,,,,1,,ChargePoint Network,https://www.chargepoint.com,GPS,39.992284,-82.474666,2026-08-19,308601,2026-08-19 02:23:16 UTC,,,,2023-09-06,,,,,CHADEMO J1772COMBO,US,,,,Public,,public,,,,,,,,,,,,,,,,,,,,false,,,,,,,,,false,
ELEC,COUGHLIN EV FRONT,2300 Hebron Rd,left of front door,Heath,OH,43056,,888-758-4389,E,,Public,24 hours daily,,,,,,,1,,ChargePoint Network,https://www.chargepoint.com,GPS,39.992525,-82.474868,2026-08-19,308602,2026-08-19 02:23:17 UTC,,,,2023-09-06,,,,,CHADEMO J1772COMBO,US,,,,Public,,public,,,,,,,,,,,,,,,,,,,,false,,,,,,,,,false,
ELEC,OHIO STATE UNV JOPC1,2061 Kenny Rd,"Effective March 2, 2026, the electric vehicle (EV) charging station usage rate will be $.50 kwh. Visit ttm.osu.edu - Other Transit and Services for more information.",Columbus,OH,43221,,888-758-4389,E,,Public,24 hours daily,,,,,,2,,,ChargePoint Network,https://www.chargepoint.com,GPS,40.001157,-83.03519,2026-08-19,308793,2026-08-19 02:22:41 UTC,,,,2023-09-09,,,,,J1772,US,,,,Public,,public,,,,,,,,,,,,,,,,,,,,false,,,,,,,,,false,
ELEC,SOUTH EUCLID COMMUNITY CENT,1370 Victory Drive,Community Center,South Euclid,OH,44121,,888-758-4389,E,,Public,24 hours daily,,,,,,2,,,ChargePoint Network,https://www.chargepoint.com,GPS,41.522628,-81.521783,2026-08-19,308805,2026-08-19 02:23:22 UTC,,,,2023-09-09,,,,,J1772,US,,,,Public,,public,,,,,,,,,,,,,,,,,,,,false,,,,,,,,,false,
ELEC,Serra Honda,951 Interstate Parkway,,Akron,OH,44312,,888-998-2546,E,,Public,24 hours daily,,,,,,,2,,Blink Network,https://blinkcharging.com,GPS,40.97961073558032,-81.48967958445725,2026-08-19,308974,2026-08-19 00:08:17 UTC,,,,2023-08-01,,,,,J1772COMBO,US,,,,Public,,public,,,,,,,,,,,,,,,,,,,,false,,,,,,,,,false,
ELEC,Mentor Hospital,8300 Norton Parkway,,Mentor,OH,44060,,888-998-2546,E,,Public,24 hours daily,,,,,,6,,,Blink Network,https://blinkcharging.com,GPS,41.65032196044922,-81.3468017578125,2026-08-19,309083,2026-08-19 00:09:40 UTC,,,,2023-06-30,,,,,J1772,US,,,,Public,,public,,,,,,,,,,,,,,,,,,,,false,,,,,,,,,false,
ELEC,Kettering Health Pavilion,3700 Southern Boulevard,,Kettering,OH,45429,,888-998-2546,E,,Public,24 hours daily,,,,,,4,,,Blink Network,https://blinkcharging.com,GPS,39.696651,-84.189968,2026-08-19,309236,2026-08-19 00:11:12 UTC,,,,2023-07-07,,,,,J1772,US,,,,Public,,public,,,,,,,,,,,,,,,,,,,,false,,,,,,,,,false,
ELEC,Kettering Health Troy,600 West Main Street,,Troy,OH,45373,,888-998-2546,E,,Public,24 hours daily,,,,,,4,,,Blink Network,https://blinkcharging.com,GPS,40.04315,-84.21049,2026-08-19,309241,2026-08-19 00:36:59 UTC,,,,2023-07-28,,,,,J1772,US,,,,Public,,public,,,,,,,,,,,,,,,,,,,,false,,,,,,,,,false,
ELEC,Kettering Health Piqua,1 Kettering Way,,Piqua,OH,45356,,888-998-2546,E,,Public,24 hours daily,,,,,,2,,,Blink Network,https://blinkcharging.com,GPS,40.15034,-84.21781,2026-08-19,309545,2026-08-19 00:15:28 UTC,,,,2023-07-28,,,,,J1772,US,,,,Public,,public,,,,,,,,,,,,,,,,,,,,false,,,,,,,,,false,
ELEC,Grandview Crossing,810 Grandview Avenue,,Columbus,OH,43215,,888-998-2546,E,,Public,24 hours daily,,,,,,8,,,Blink Network,https://blinkcharging.com,GPS,39.973331272672944,-83.04548155767192,2026-08-19,309675,2026-08-19 00:16:54 UTC,,,,2023-08-04,,,,,J1772,US,,,,Public,,public,,,,,,,,,,,,,,,,,,,,false,,,,,,,,,false,
ELEC,Yark Chrysler Jeep Dodge Ram,6019 Central Avenue,,Toledo,OH,43615,,888-998-2546,E,,Public,24 hours daily,,,,,,4,,,Blink Network,https://blinkcharging.com,GPS,41.67543485519552,-83.68610447442569,2026-08-19,309856,2026-08-19 00:22:23 UTC,,,,2023-08-14,,,,,J1772,US,,,,Public,,public,,,,,,,,,,,,,,,,,,,,false,,,,,,,,,false,
ELEC,Kettering Health Main Campus,3535 Southern Boulevard,,Kettering,OH,45429,,888-998-2546,E,,Public,24 hours daily,,,,,,6,,,Blink Network,https://blinkcharging.com,GPS,39.698531,-84.192476,2026-08-19,310055,2026-08-19 00:24:31 UTC,,,,2023-07-07,,,,,J1772,US,,,,Public,,public,,,,,,,,,,,,,,,,,,,,false,,,,,,,,,false,
ELEC,SNYDER BUICKGMC SNYDER BUICKGMC,1421 Scott St,South side of building near rear,Napoleon,OH,43545,,888-758-4389,E,,Public,24 hours daily,,,,,,,1,,ChargePoint Network,https://www.chargepoint.com,GPS,41.400555,-84.133521,2026-08-19,310576,2026-08-19 02:13:53 UTC,,,,2023-09-14,,,,,CHADEMO J1772COMBO,US,,,,Public,,public,,,,,,,,,,,,,,,,,,,,false,,,,,,,,,false,
ELEC,ELYRIA HYUNDAI SHOWROOM,845 Leona St,North Lot,Elyria,OH,44035,,888-758-4389,E,,Public,24 hours daily,,,,,,,1,,ChargePoint Network,https://www.chargepoint.com,GPS,41.403512,-82.123881,2026-08-19,310718,2026-08-19 02:15:04 UTC,,,,2023-09-15,,,,,CHADEMO J1772COMBO,US,,,,Public,,public,,,,,,,,,,,,,,,,,,,,false,,,,,,,,,false,
ELEC,BEDROCK TOWER CITY P1-4,1527 W 6th St,Ground floor parking,Cleveland,OH,44113,,888-758-4389,E,,Public,24 hours daily,,,,,,2,,,ChargePoint Network,https://www.chargepoint.com,GPS,41.496657,-81.695842,2026-08-19,310732,2026-08-19 02:21:13 UTC,,,,2023-09-15,,,,,J1772,US,,,,Public,,public,,,,,,,,,,,,,,,,,,,,false,,,,,,,,,false,
ELEC,BEDROCK TOWER CITY P1-3,1527 W 6th St,Ground floor parking,Cleveland,OH,44113,,888-758-4389,E,,Public,24 hours daily,,,,,,2,,,ChargePoint Network,https://www.chargepoint.com,GPS,41.49668,-81.695081,2026-08-19,310733,2026-08-19 02:21:13 UTC,,,,2023-09-15,,,,,J1772,US,,,,Public,,public,,,,,,,,,,,,,,,,,,,,false,,,,,,,,,false,
ELEC,BEDROCK TOWER CITY P1-5,1527 W 6th St,,Cleveland,OH,44113,,888-758-4389,E,,Public,24 hours daily,,,,,,2,,,ChargePoint Network,https://www.chargepoint.com,GPS,41.496877,-81.694311,2026-08-19,310734,2026-08-19 02:21:13 UTC,,,,2023-09-15,,,,,J1772,US,,,,Public,,public,,,,,,,,,,,,,,,,,,,,false,,,,,,,,,false,
ELEC,BEDROCK TOWER CITY P1-6,1527 W 6th St,,Cleveland,OH,44113,,888-758-4389,E,,Public,24 hours daily,,,,,,2,,,ChargePoint Network,https://www.chargepoint.com,GPS,41.496981,-81.694322,2026-08-19,310735,2026-08-19 02:21:13 UTC,,,,2023-09-15,,,,,J1772,US,,,,Public,,public,,,,,,,,,,,,,,,,,,,,false,,,,,,,,,false,
ELEC,BEDROCK TOWER CITY P1-2,1527 W 6th St,,Cleveland,OH,44113,,888-758-4389,E,,Public,24 hours daily,,,,,,2,,,ChargePoint Network,https://www.chargepoint.com,GPS,41.496377,-81.693019,2026-08-19,310736,2026-08-19 02:21:14 UTC,,,,2023-09-15,,,,,J1772,US,,,,Public,,public,,,,,,,,,,,,,,,,,,,,false,,,,,,,,,false,
ELEC,BEDROCK TOWER CITY P3-2,1527 W 6th St,,Cleveland,OH,44113,,888-758-4389,E,,Public,24 hours daily,,,,,,2,,,ChargePoint Network,https://www.chargepoint.com,GPS,41.497269,-81.694761,2026-08-19,310737,2026-08-19 02:21:14 UTC,,,,2023-09-15,,,,,J1772,US,,,,Public,,public,,,,,,,,,,,,,,,,,,,,false,,,,,,,,,false,
ELEC,BEDROCK TOWER CITY P3-1,1527 W 6th St,,Cleveland,OH,44113,,888-758-4389,E,,Public,24 hours daily,,,,,,2,,,ChargePoint Network,https://www.chargepoint.com,GPS,41.496622,-81.695648,2026-08-19,310738,2026-08-19 02:21:14 UTC,,,,2023-09-15,,,,,J1772,US,,,,Public,,public,,,,,,,,,,,,,,,,,,,,false,,,,,,,,,false,
ELEC,BEDROCK TOWER CITY P1-1,1527 W 6th St,,Cleveland,OH,44113,,888-758-4389,E,,Public,24 hours daily,,,,,,2,,,ChargePoint Network,https://www.chargepoint.com,GPS,41.496251,-81.693378,2026-08-19,310739,2026-08-19 02:21:14 UTC,,,,2023-09-15,,,,,J1772,US,,,,Public,,public,,,,,,,,,,,,,,,,,,,,false,,,,,,,,,false,
ELEC,Pilot Travel Center 4,39115 Colorado Ave,,Avon,OH,44011,,877-455-3833,E,,Public,24 hours daily,,,,,,,4,,eVgo Network,https://www.evgo.com,GPS,41.465574,-82.06075,2026-08-18,311138,2026-08-19 00:01:07 UTC,,,,2023-09-20,,,,,J1772COMBO,US,,,,Public,,public,,,,,,,,,,,,,,,,,,,,false,,,,,,,,,false,
ELEC,Flying J 700,26415 Warns Road,,Lake Township,OH,43551,,877-455-3833,E,,Public,24 hours daily,,,,,,,4,,eVgo Network,https://www.evgo.com,GPS,41.535549,-83.46066,2026-08-18,311258,2026-08-19 00:01:32 UTC,,,,2023-09-21,,,,,J1772COMBO,US,,,,Public,,public,,,,,,,,,,,,,,,,,,,,false,,,,,,,,,false,
ELEC,Kettering Health Wilmington,1500 Rombach Avenue,,Wilmington,OH,45177,,888-998-2546,E,,Public,24 hours daily,,,,,,4,,,Blink Network,https://blinkcharging.com,GPS,39.4488907,-83.8029247,2026-08-19,311262,2026-08-19 00:15:28 UTC,,,,2023-09-21,,,,,J1772,US,,,,Public,,public,,,,,,,,,,,,,,,,,,,,false,,,,,,,,,false,
ELEC,55 Public Square,55 Public Square,,Cleveland,OH,44113,,866-816-7584,E,,Public,24 hours daily,,,,,,6,,,EV Connect,https://www.evconnect.com,GPS,41.500209,-81.696431,2026-08-19,311361,2026-08-19 03:46:50 UTC,,,,2023-09-22,,,,,J1772,US,,,,Public,,public,,,,,,,,,,,,,,,,,,,,false,,,,,,,,,false,
ELEC,Harbour Club Apartments,100 Sailboat Run,,Dayton,OH,45458,,888-998-2546,E,,Public,24 hours daily,,,,,,10,,,Blink Network,https://blinkcharging.com,GPS,39.6050908,-84.1573631,2026-08-19,311539,2026-08-19 00:38:25 UTC,,,,2022-11-08,,,,,J1772,US,,,,Public,,public,,,,,,,,,,,,,,,,,,,,false,,,,,,,,,false,
ELEC,Arbors of Yankee Vineyards,1500 Finger Lakes,,Dayton,OH,45458,,888-998-2546,E,,Public,24 hours daily,,,,,,2,,,Blink Network,https://blinkcharging.com,GPS,39.621722,-84.197502,2026-08-19,311540,2026-08-19 00:38:25 UTC,,,,2022-11-11,,,,,J1772,US,,,,Public,,public,,,,,,,,,,,,,,,,,,,,false,,,,,,,,,false,
ELEC,"Rossford, OH - Tesla Supercharger",10055 Olde US-20,,Rossford,OH,43460,,877-798-3752,E,,Public,24 hours daily. NACS partner enabled.,A D Debit M V,,,,,,12,,Tesla,https://www.tesla.com/supercharger,GPS,41.546113,-83.590157,2026-06-18,311989,2026-06-18 14:46:21 UTC,P,,,2023-09-22,,,,,TESLA,US,,,,Public,,public,,,GROCERY,,,,,,,,,,,,,,,,,false,,,,,,,,LD,true,
ELEC,Broadview Heights Recreation Center,9543 Broadview Rd,,Broadview Heights,OH,44147,,866-816-7584,E,,Public,24 hours daily,,,,,,,1,,EV Connect,https://www.evconnect.com,GPS,41.306762,-81.680234,2026-08-19,312291,2026-08-19 03:46:28 UTC,,,,2023-10-04,,,,,J1772COMBO,US,,,,Public,,public,,,,,,,,,,,,,,,,,,,,false,,,,,,,,,false,
ELEC,Joyce Buick GMC,38039 CHESTER ROAD,,AVON,OH,44011,,866-816-7584,E,,Public,24 hours daily,,,,,,,2,,EV Connect,https://www.evconnect.com,GPS,41.46575,-82.04414,2026-08-19,312359,2026-08-19 03:45:14 UTC,,,,2023-10-05,,,,,J1772COMBO,US,,,,Public,,public,,,,,,,,,,,,,,,,,,,,false,,,,,,,,,false,
ELEC,CDJR CHARGE CPE250CUST2,1290 Hebron Rd,Front of dealership,Heath,OH,43056,,888-758-4389,E,,Public,24 hours daily,,,,,,,1,,ChargePoint Network,https://www.chargepoint.com,GPS,40.016137,-82.451851,2026-08-19,312569,2026-08-19 02:23:59 UTC,,,,2023-10-07,,,,,CHADEMO J1772COMBO,US,,,,Public,,public,,,,,,,,,,,,,,,,,,,,false,,,,,,,,,false,
ELEC,CDJR CHARGE CPE250CUST3,1290 Hebron Rd,Front of Dealership,Heath,OH,43056,,888-758-4389,E,,Public,24 hours daily,,,,,,,1,,ChargePoint Network,https://www.chargepoint.com,GPS,40.016056,-82.45205,2026-08-19,312570,2026-08-19 02:23:59 UTC,,,,2023-10-07,,,,,CHADEMO J1772COMBO,US,,,,Public,,public,,,,,,,,,,,,,,,,,,,,false,,,,,,,,,false,
ELEC,CDJR CHARGE EXTERIORNEWDELV,1290 Hebron Road,North end of building front corner,Heath,OH,43056,,888-758-4389,E,,Public,24 hours daily,,,,,,1,,,ChargePoint Network,https://www.chargepoint.com,GPS,40.016914,-82.451235,2026-08-19,312571,2026-08-19 02:23:59 UTC,,,,2023-10-07,,,,,J1772,US,,,,Public,,public,,,,,,,,,,,,,,,,,,,,false,,,,,,,,,false,
ELEC,KIDS EV PARKING BUCHTEL #3,201 West Buchtel Avenue,,Akron,OH,44302,,888-758-4389,E,,Public,24 hours daily,,,,,,2,,,ChargePoint Network,https://www.chargepoint.com,GPS,41.080397,-81.526557,2026-08-19,312708,2026-08-19 02:24:19 UTC,,,,2023-10-11,,,,,J1772,US,,,,Public,,public,,,,,,,,,,,,,,,,,,,,false,,,,,,,,,false,
ELEC,KIDS EV PARKING BUCHTEL #1,201 West Buchtel Avenue,,Akron,OH,44302,,888-758-4389,E,,Public,24 hours daily,,,,,,2,,,ChargePoint Network,https://www.chargepoint.com,GPS,41.080322,-81.52686,2026-08-19,312709,2026-08-19 02:24:19 UTC,,,,2023-10-11,,,,,J1772,US,,,,Public,,public,,,,,,,,,,,,,,,,,,,,false,,,,,,,,,false,
ELEC,KIDS EV PARKING BUCHTEL #4,201 West Buchtel Avenue,,Akron,OH,44302,,888-758-4389,E,,Public,24 hours daily,,,,,,2,,,ChargePoint Network,https://www.chargepoint.com,GPS,41.080419,-81.52642,2026-08-19,312710,2026-08-19 02:24:20 UTC,,,,2023-10-11,,,,,J1772,US,,,,Public,,public,,,,,,,,,,,,,,,,,,,,false,,,,,,,,,false,
ELEC,KIDS EV PARKING BUCHTEL #2,201 West Buchtel Avenue,,Akron,OH,44302,,888-758-4389,E,,Public,24 hours daily,,,,,,2,,,ChargePoint Network,https://www.chargepoint.com,GPS,41.080377,-81.526608,2026-08-19,312711,2026-08-19 02:24:20 UTC,,,,2023-10-11,,,,,J1772,US,,,,Public,,public,,,,,,,,,,,,,,,,,,,,false,,,,,,,,,false,
ELEC,KIDS EV PARKING EXCHANGE #7,178 W Exchange St,,Akron,OH,44302,,888-758-4389,E,,Public,24 hours daily,,,,,,2,,,ChargePoint Network,https://www.chargepoint.com,GPS,41.078557,-81.528154,2026-08-19,312773,2026-08-19 02:23:34 UTC,,,,2023-10-11,,,,,J1772,US,,,,Public,,public,,,,,,,,,,,,,,,,,,,,false,,,,,,,,,false,
ELEC,KIDS EV PARKING EXCHANGE #5,178 W Exchange St,,Akron,OH,44302,,888-758-4389,E,,Public,24 hours daily,,,,,,2,,,ChargePoint Network,https://www.chargepoint.com,GPS,41.078546,-81.528259,2026-08-19,312774,2026-08-19 02:23:34 UTC,,,,2023-10-11,,,,,J1772,US,,,,Public,,public,,,,,,,,,,,,,,,,,,,,false,,,,,,,,,false,
ELEC,KIDS EV PARKING EXCHANGE #6,178 W Exchange St,,Akron,OH,44302,,888-758-4389,E,,Public,24 hours daily,,,,,,2,,,ChargePoint Network,https://www.chargepoint.com,GPS,41.078527,-81.528315,2026-08-19,312775,2026-08-19 02:23:35 UTC,,,,2023-10-11,,,,,J1772,US,,,,Public,,public,,,,,,,,,,,,,,,,,,,,false,,,,,,,,,false,
ELEC,"KERRY FORD, INC BUICK GMC L3",150 Northland Blvd,Customer parking,Cincinnati,OH,45246,,888-758-4389,E,,Public,24 hours daily,,,,,,,1,,ChargePoint Network,https://www.chargepoint.com,GPS,39.284888,-84.475509,2026-08-19,312960,2026-08-19 02:24:36 UTC,,,,2023-10-12,,,,,CHADEMO J1772COMBO,US,,,,Public,,public,,,,,,,,,,,,,,,,,,,,false,,,,,,,,,false,
ELEC,UD ADELE CENTER,301 Lowes Street AS Lot,,Dayton,OH,45469,,888-758-4389,E,,Public,24 hours daily,,,,,,2,,,ChargePoint Network,https://www.chargepoint.com,GPS,39.735018,-84.178062,2026-08-19,314067,2026-08-19 02:25:03 UTC,,,,2023-10-18,,,,,J1772,US,,,,Public,,public,,,,,,,,,,,,,,,,,,,,false,,,,,,,,,false,
ELEC,UD SYROYER PARK,141 Firwood Drive,,Dayton,OH,45419,,888-758-4389,E,,Public,24 hours daily,,,,,,2,,,ChargePoint Network,https://www.chargepoint.com,GPS,39.732649,-84.163289,2026-08-19,314068,2026-08-19 02:25:03 UTC,,,,2023-10-18,,,,,J1772,US,,,,Public,,public,,,,,,,,,,,,,,,,,,,,false,,,,,,,,,false,
ELEC,Ganley Buick GMC,14000 PEARL RD,,STRONGSVILLE,OH,44136,,866-816-7584,E,,Public,24 hours daily,,,,,,1,2,,EV Connect,https://www.evconnect.com,GPS,41.312617,-81.836012,2026-08-19,314546,2026-08-19 03:45:31 UTC,,,,2023-10-20,,,,,J1772 J1772COMBO,US,,,,Public,,public,,,,,,,,,,,,,,,,,,,,false,,,,,,,,,false,
ELEC,Central Riverfront South Garage,99 Second Street East,,Cincinnati,OH,45202,,888-356-8911,E,,Public,24 hours daily,,,,,,4,,,FLO,https://www.flo.com,GPS,39.0978884,-84.5091372,2026-08-19,315870,2026-08-19 04:03:27 UTC,,,,2023-10-26,,,,,J1772,US,,,,Public,,public,,,,,,,,,,,,,,,,,,,,false,,,,,,,,,false,
ELEC,Montgomery QTR Garage Block – Northern Building,9260 Montgomery Rd.,,Montgomery,OH,45242,,888-356-8911,E,,Public,24 hours daily,,,,,,8,,,FLO,https://www.flo.com,GPS,39.2251615,-84.3546329,2026-08-19,315871,2026-08-19 04:03:34 UTC,,,,2023-10-26,,,,,J1772,US,,,,Public,,public,,,,,,,,,,,,,,,,,,,,false,,,,,,,,,false,
ELEC,Mill Pond Apartments,4335 Old Pepper Bend,,Bellbrook,OH,45305,,888-998-2546,E,,Public,24 hours daily,,,,,,8,,,Blink Network,https://blinkcharging.com,GPS,39.63657070297505,-84.10487088650785,2026-08-19,316050,2026-08-19 00:38:11 UTC,,,,2023-10-26,,,,,J1772,US,,,,Public,,public,,,,,,,,,,,,,,,,,,,,false,,,,,,,,,false,
ELEC,"Meijer 223 (Cincinnati, OH)",6520 Harrison Ave,,Cincinnati,OH,45247,,833-632-2778,E,,Public,24 hours daily,,,,,,,6,,Electrify America,https://www.electrifyamerica.com,GPS,39.1942,-84.6586,2026-08-19,316277,2026-08-19 03:36:08 UTC,,,,2023-10-28,,,,,J1772COMBO,US,,,,Public,,public,,,,,,,,,,,,,,,,,,,,false,,,,,,,,,false,
ELEC,"Applied Electric, LLC - Honda Marysville",640 Colemans Crossing Boulevard,,Marysville,OH,43040,,888-998-2546,E,,Public,24 hours daily,,,,,,2,1,,Blink Network,https://blinkcharging.com,GPS,40.2337438902438,-83.34237184211088,2026-08-19,316313,2026-08-19 00:50:55 UTC,,,,2023-10-16,,,,,J1772 J1772COMBO,US,,,,Public,,public,,,,,,,,,,,,,,,,,,,,false,,,,,,,,,false,
ELEC,Byers Chevrolet,5887 N Meadows Drive,,Grove City,OH,43123,,866-816-7584,E,,Public,24 hours daily,,,,,,,2,,EV Connect,https://www.evconnect.com,GPS,39.843838,-83.086193,2026-08-19,316457,2026-08-19 03:46:43 UTC,,,,2023-11-01,,,,,J1772COMBO,US,,,,Public,,public,,,,,,,,,,,,,,,,,,,,false,,,,,,,,,false,
ELEC,VCSTATION VC STATION 1,1541 East Turkeyfoot Lake Road,outside of clubhouse,Akron,OH,44312,,888-758-4389,E,,Public,24 hours daily,,,,,,2,,,ChargePoint Network,https://www.chargepoint.com,GPS,40.97453,-81.469737,2026-08-19,316509,2026-08-19 02:24:55 UTC,,,,2023-11-02,,,,,J1772,US,,,,Public,,public,,,,,,,,,,,,,,,,,,,,false,,,,,,,,,false,
ELEC,VCSTATION VC STATION 2,1541 East Turkeyfoot Lake Road,outside of clubhouse,Akron,OH,44312,,888-758-4389,E,,Public,24 hours daily,,,,,,2,,,ChargePoint Network,https://www.chargepoint.com,GPS,40.974589,-81.469678,2026-08-19,316510,2026-08-19 02:24:55 UTC,,,,2023-11-02,,,,,J1772,US,,,,Public,,public,,,,,,,,,,,,,,,,,,,,false,,,,,,,,,false,
ELEC,VCMEADOWS VC MEADOWS 1,1745 Sledge Drive,Chargers located near the clubhouse.,Hilliard,OH,43026,,888-758-4389,E,,Public,24 hours daily,,,,,,2,,,ChargePoint Network,https://www.chargepoint.com,GPS,39.986493,-83.176592,2026-08-19,316511,2026-08-19 02:25:22 UTC,,,,2023-11-02,,,,,J1772,US,,,,Public,,public,,,,,,,,,,,,,,,,,,,,false,,,,,,,,,false,
ELEC,VCMEADOWS VC MEADOWS 2,1745 Sledge Drive,Chargers located near the clubhouse.,Hilliard,OH,43026,,888-758-4389,E,,Public,24 hours daily,,,,,,2,,,ChargePoint Network,https://www.chargepoint.com,GPS,39.981991,-83.171274,2026-08-19,316512,2026-08-19 02:25:22 UTC,,,,2023-11-02,,,,,J1772,US,,,,Public,,public,,,,,,,,,,,,,,,,,,,,false,,,,,,,,,false,
ELEC,Akron General Health and Wellness,4300 Allen Road,,Stow,OH,44224,,888-998-2546,E,,Public,24 hours daily,,,,,,6,,,Blink Network,https://blinkcharging.com,GPS,41.185044,-81.474066,2026-08-19,316572,2026-08-19 00:23:24 UTC,,,,2023-11-02,,,,,J1772,US,,,,Public,,public,,,,,,,,,,,,,,,,,,,,false,,,,,,,,,false,
ELEC,MID-OHIO ENERGY RIDGEDALE,3103 Hillman-Ford Rd,Ridgedale School,Morral,OH,43337,,888-758-4389,E,,Public,24 hours daily,,,,,,2,,,ChargePoint Network,https://www.chargepoint.com,GPS,40.647319,-83.173778,2026-08-19,316812,2026-08-19 02:24:47 UTC,,,,2023-11-07,,,,,J1772,US,,,,Public,,public,,,,,,,,,,,,,,,,,,,,false,,,,,,,,,false,
ELEC,White Allen Chevrolet Dayton OH,442 N Main St,,Dayton,OH,45405,,313-262-6722,E,,Public,,,,,,,,2,,RED_E,https://www.redecharge.com,GPS,39.7674698734,-84.19362687933,2026-08-19,316911,2026-08-19 05:11:51 UTC,,,,2023-11-02,,,,,J1772COMBO,US,,,,Public,,public,,,PUBLIC,,,,,,,,,,,,,,,,,false,,,,,,,,,false,
ELEC,Premier GMC,2000 EASTERN RD,,RITTMAN,OH,44270,,866-816-7584,E,,Public,24 hours daily,,,,,,,1,,EV Connect,https://www.evconnect.com,GPS,40.987893,-81.762338,2026-08-19,318052,2026-08-19 03:45:39 UTC,,,,2023-11-10,,,,,J1772COMBO,US,,,,Public,,public,,,,,,,,,,,,,,,,,,,,false,,,,,,,,,false,
ELEC,Sawyer Point Building,720 E Pete Rose Way,,Cincinnati,OH,45202,,513-936-9933,E,,Public,Contact site for information,A ANDROID_PAY APPLE_PAY CREDIT D M,,,,,2,,,AMPUP,https://ampup.io,GPS,39.1,-84.5,2023-12-13,319426,2024-01-31 22:07:01 UTC,P,,,2023-05-17,,,,,J1772,US,,,,Public,,public,,,,,,,,,,,,,,,,,,,,false,,,,,,,,LD,false,
ELEC,Echo Health Inc,810 Sharon Dr,,Westlake,OH,44145,,,E,,Private,Contact site for information,A ANDROID_PAY APPLE_PAY CREDIT D M,,,,,2,,,AMPUP,https://ampup.io,200-8,41.47296,-81.89165,2023-12-13,319495,2024-01-31 22:07:01 UTC,P,,,2023-08-22,,,,,J1772,US,,,,Privé,,private,,,,,,,,,,,,,,,,,,,,,,,,,,,,LD,false,
ELEC,Hollywood Gaming at Mahoning Valley Race Course,655 N Canfield Niles Rd,Near the Racing Entrance of the Casino,Youngstown,OH,44515,,330-505-8700,E,,Public,24 hours daily,,,,,,6,,,Non-Networked,,GPS,41.11634036875022,-80.76264942985534,2025-07-03,319562,2026-02-02 23:16:24 UTC,P,,,2023-10-27,,,,,J1772 TESLA,US,,,,Public,,public,,,OTHER_ENTERTAINMENT,,,,,,,Free,,,,,,,,,,false,,,,,,,,LD,false,
ELEC,Boardman Mitsubishi,883 Boardman-Canfield Road,,Boardman,OH,44512,,888-998-2546,E,,Public,24 hours daily,,,,,,1,,,Blink Network,https://blinkcharging.com,GPS,41.02399359262474,-80.68787447608527,2026-08-19,319735,2026-08-19 00:23:55 UTC,,,,2023-05-05,,,,,J1772,US,,,,Public,,public,,,,,,,,,,,,,,,,,,,,false,,,,,,,,,false,
ELEC,CADILLAC FAIRFI CPE250R- CUST,5815 Dixie Hwy,,Fairfield,OH,45014,,888-758-4389,E,,Public,24 hours daily,,,,,,,1,,ChargePoint Network,https://www.chargepoint.com,GPS,39.329403,-84.517875,2026-08-19,319820,2026-08-19 02:26:08 UTC,,,,2023-11-15,,,,,CHADEMO J1772COMBO,US,,,,Public,,public,,,,,,,,,,,,,,,,,,,,false,,,,,,,,,false,
ELEC,CADILLAC FAIRFI CPE250L- CUST,5815 Dixie Hwy,,Fairfield,OH,45014,,888-758-4389,E,,Public,24 hours daily,,,,,,,1,,ChargePoint Network,https://www.chargepoint.com,GPS,39.329381,-84.517875,2026-08-19,319821,2026-08-19 02:26:08 UTC,,,,2023-11-15,,,,,CHADEMO J1772COMBO,US,,,,Public,,public,,,,,,,,,,,,,,,,,,,,false,,,,,,,,,false,
ELEC,Kettering Health Prestige,1 Prestige Place,,Miamisburg,OH,45342,,888-998-2546,E,,Public,24 hours daily,,,,,,2,,,Blink Network,https://blinkcharging.com,GPS,39.63566230541653,-84.22948035767192,2026-08-19,319968,2026-08-19 00:20:06 UTC,,,,2023-11-16,,,,,J1772,US,,,,Public,,public,,,,,,,,,,,,,,,,,,,,false,,,,,,,,,false,
ELEC,"Shaker Heights, OH - Tesla Supercharger",20040-20200 Van Aken Blvd,,Shaker Heights,OH,44122,,877-798-3752,E,,Public,24 hours daily. NACS partner enabled.,A D Debit M V,,,,,,12,,Tesla,https://www.tesla.com/supercharger,GPS,41.465863,-81.538545,2026-06-18,320139,2026-06-18 14:46:21 UTC,P,,,2023-11-10,,,,,TESLA,US,,,,Public,,public,,,,,,,,,,,,,,,,,,,,false,,,,,,,,LD,true,
ELEC,"Columbus, OH – West 3rd Avenue - Tesla Supercharger",820 W 3rd Ave,,Columbus,OH,43212,,877-798-3752,E,,Public,24 hours daily. NACS partner enabled.,A D Debit M V,,,,,,8,,Tesla,https://www.tesla.com/supercharger,GPS,39.98463,-83.026361,2026-06-18,320148,2026-06-18 14:46:21 UTC,P,,,2023-11-16,,,,,TESLA,US,,,,Public,,public,,,GAS_STATION,,,,,,,,,,,,,,,,,false,,,,,,,,LD,true,
ELEC,CPL-WOODLAND CPL WOODLAND 1,5811 Woodland Ave,Off of Griswold rd. South side,Cleveland,OH,44104,,888-758-4389,E,,Public,24 hours daily,,,,,,2,,,ChargePoint Network,https://www.chargepoint.com,GPS,41.487389,-81.648568,2026-08-19,320224,2026-08-19 02:08:11 UTC,,,,2023-11-18,,,,,J1772,US,,,,Public,,public,,,,,,,,,,,,,,,,,,,,false,,,,,,,,,false,
ELEC,112 E. AUGLAIZE 112 E AUGLAIZE,112 East Auglaize Street,Behind Sidewalk,Wapakoneta,OH,45895,,888-758-4389,E,,Public,24 hours daily,,,,,,2,,,ChargePoint Network,https://www.chargepoint.com,GPS,40.570628,-84.192193,2026-08-19,320752,2026-08-19 02:26:30 UTC,,,,2023-11-28,,,,,J1772,US,,,,Public,,public,,,,,,,,,,,,,,,,,,,,false,,,,,,,,,false,
ELEC,"Toledo, OH - Central Avenue - Tesla Supercharger",7240 Central Ave,,Toledo,OH,43617,,877-798-3752,E,,Public,24 hours daily. NACS partner enabled.,A D Debit M V,,,,,,12,,Tesla,https://www.tesla.com/supercharger,GPS,41.675714,-83.716319,2026-06-18,321150,2026-06-18 14:46:21 UTC,P,,,2023-11-21,,,,,TESLA,US,,,,Public,,public,,,GROCERY,,,,,,,,,,,,,,,,,false,,,,,,,,LD,true,
ELEC,Yark Ford,5555 Central Avenue,,Toledo,OH,43615,,888-998-2546,E,,Public,24 hours daily,,,,,,3,4,,Blink Network,https://blinkcharging.com,GPS,41.675622,-83.675028,2026-08-19,321183,2026-08-19 00:35:03 UTC,,,,2023-10-26,,,,,J1772 J1772COMBO,US,,,,Public,,public,,,,,,,,,,,,,,,,,,,,false,,,,,,,,,false,
ELEC,LAZ COLUMBUS OH MARCONI BLVD,245 Marconi Blvd,Located on level 3 by west  elevator,Columbus,OH,43215,,888-758-4389,E,,Public,24 hours daily,,,,,,2,,,ChargePoint Network,https://www.chargepoint.com,GPS,39.967285,-83.006446,2026-08-19,322167,2026-08-19 01:20:45 UTC,,,,2023-12-07,,,,,J1772,US,,,,Public,,public,,,,,,,,,,,,,,,,,,,,false,,,,,,,,,false,
ELEC,EASTON GATEWAY CPE 3,4194 Easton Gateway Drive,Container Store Lot,Columbus,OH,43219,,888-758-4389,T,2026-08-12,TEMPORARILY UNAVAILABLE (Public),24 hours daily,,,,,,,1,,ChargePoint Network,https://www.chargepoint.com,GPS,40.056198,-82.907281,2026-08-19,322199,2026-08-19 02:26:53 UTC,,,,2023-12-07,,,,,CHADEMO J1772COMBO,US,,,,TEMPORAIREMENT SUSPENDU (Public),,public,,,,,,,,,,,,,,,,,,,,false,,,,,,,,,false,
ELEC,EASTON GATEWAY CPE-2,4194 Easton Gateway Drive,Container Store Lot,Columbus,OH,43219,,888-758-4389,E,,Public,24 hours daily,,,,,,,1,,ChargePoint Network,https://www.chargepoint.com,GPS,40.056201,-82.907255,2026-08-19,322200,2026-08-19 02:26:53 UTC,,,,2023-12-07,,,,,J1772COMBO,US,,,,Public,,public,,,,,,,,,,,,,,,,,,,,false,,,,,,,,,false,
ELEC,EASTON GATEWAY CPE 1,4194 Easton Gateway Dr,Container Store Lot,Columbus,OH,43219,,888-758-4389,T,2026-08-14,TEMPORARILY UNAVAILABLE (Public),24 hours daily,,,,,,,1,,ChargePoint Network,https://www.chargepoint.com,GPS,40.056069,-82.907068,2026-08-19,322201,2026-08-19 02:26:53 UTC,,,,2023-12-07,,,,,J1772COMBO,US,,,,TEMPORAIREMENT SUSPENDU (Public),,public,,,,,,,,,,,,,,,,,,,,false,,,,,,,,,false,
ELEC,Pilot Travel Center 454,1365 Sr 42 Ne,,London,OH,43140,,877-455-3833,E,,Public,24 hours daily,,,,,,,4,,eVgo Network,https://www.evgo.com,GPS,39.9595461,-83.3692316,2026-08-19,322368,2026-08-19 00:02:35 UTC,,,,2023-12-08,,,,,J1772COMBO,US,,,,Public,,public,,,,,,,,,,,,,,,,,,,,false,,,,,,,,,false,NEVI
ELEC,Freshwater Farms of Ohio,2624 US-68,,Urbana,OH,43078,,937-652-3701,E,,Public,10am-6pm M-Sat,,,,,,1,,,Non-Networked,,200-8,40.14844,-83.74873,2025-01-13,322498,2025-02-12 00:16:32 UTC,P,,,2023-01-06,,,,,J1772,US,,,,Public,,public,,,GROCERY,,,,,,,,,,,,,,,,,false,,,,,,,,LD,false,
ELEC,S MAIN FOSTORIA FOSTORIA,110 S Main St,,Fostoria,OH,44830,,888-758-4389,E,,Public,24 hours daily,,,,,,,1,,ChargePoint Network,https://www.chargepoint.com,GPS,41.157097,-83.41369,2026-08-19,322648,2026-08-19 01:51:43 UTC,,,,2023-12-14,,,,,CHADEMO J1772COMBO,US,,,,Public,,public,,,,,,,,,,,,,,,,,,,,false,,,,,,,,,false,
ELEC,MEDINA CITY HAL CITY HALL #01,132 N Elmwood Ave,,Medina,OH,44256,,888-758-4389,E,,Public,24 hours daily,,,,,,2,,,ChargePoint Network,https://www.chargepoint.com,GPS,41.140137,-81.865607,2026-08-19,322779,2026-08-19 02:26:57 UTC,,,,2023-12-15,,,,,J1772,US,,,,Public,,public,,,,,,,,,,,,,,,,,,,,false,,,,,,,,,false,
ELEC,MEDINA CITY HAL CITY HALL #02,139 W Liberty St,,Medina,OH,44256,,888-758-4389,E,,Public,24 hours daily,,,,,,2,,,ChargePoint Network,https://www.chargepoint.com,GPS,41.139975,-81.865629,2026-08-19,322780,2026-08-19 02:26:57 UTC,,,,2023-12-15,,,,,J1772,US,,,,Public,,public,,,,,,,,,,,,,,,,,,,,false,,,,,,,,,false,
ELEC,BOE EV CHARGERS BOE EV WEST,125 S Miami Ave,The Station is Located in the Parking Lot behind the Board of Elections Building,Sidney,OH,45365,,888-758-4389,E,,Public,24 hours daily,,,,,,2,,,ChargePoint Network,https://www.chargepoint.com,GPS,40.284922,-84.154,2026-08-19,322881,2026-08-19 02:27:18 UTC,,,,2023-12-16,,,,,J1772,US,,,,Public,,public,,,,,,,,,,,,,,,,,,,,false,,,,,,,,,false,
ELEC,BOE EV CHARGERS BOE EV EAST,125 S Miami Ave,The Station is Located in the Parking Lot behind the Board of Elections Building,Sidney,OH,45365,,888-758-4389,E,,Public,24 hours daily,,,,,,2,,,ChargePoint Network,https://www.chargepoint.com,GPS,40.284929,-84.153808,2026-08-19,322882,2026-08-19 02:27:18 UTC,,,,2023-12-16,,,,,J1772,US,,,,Public,,public,,,,,,,,,,,,,,,,,,,,false,,,,,,,,,false,
ELEC,TPS CHARGING NSTA,5561 Elmer Dr,Front of Building,Toledo,OH,43615,,888-758-4389,E,,Public,24 hours daily,,,,,,2,,,ChargePoint Network,https://www.chargepoint.com,GPS,41.668526,-83.674523,2026-08-19,322891,2026-08-19 02:27:30 UTC,,,,2023-12-16,,,,,J1772,US,,,,Public,,public,,,,,,,,,,,,,,,,,,,,false,,,,,,,,,false,
ELEC,BellStores (Columbus Ave),220 S Columbus Rd,,Wooster,OH,44691,,330-262-2406,E,,Public - Credit card at all times,24 hours daily,CREDIT Debit,,,,1,2,,,Non-Networked,,200-8,40.79587,-81.94727,2024-01-09,323180,2026-07-10 15:13:54 UTC,P,,,2023-12-21,,,,,J1772 NEMA515,US,,,,Public - Carte de crédit en tout temps,,public,CREDIT_CARD_ALWAYS,,CONVENIENCE_STORE,,,,,,,,,,,,,,,,NONE,false,,,,,,,,LD,false,
ELEC,"Loveland, OH - Tesla Supercharger",3911 US-22,,Loveland,OH,45140,,877-798-3752,E,,Public,24 hours daily. NACS partner enabled.,A D Debit M V,,,,,,16,,Tesla,https://www.tesla.com/supercharger,GPS,39.293665,-84.292915,2026-06-18,323266,2026-06-18 14:46:21 UTC,P,,,2023-12-15,,,,,TESLA,US,,,,Public,,public,,,GROCERY,,,,,,,,,,,,,,,,,false,,,,,,,,LD,true,
ELEC,City of Mason Public Parking Lot,213 West Main Street,,Mason,OH,45040,,888-998-2546,E,,Public,24 hours daily,,,,,,2,,,Blink Network,https://blinkcharging.com,GPS,39.3600136440999,-84.31145408465837,2026-08-19,323285,2026-08-19 00:24:26 UTC,,,,2023-12-21,,,,,J1772,US,,,,Public,,public,,,,,,,,,,,,,,,,,,,,false,,,,,,,,,false,
ELEC,BEAVERCREEK  CPF50 - 2,2170 Heller Dr,,Dayton,OH,45434,,888-758-4389,E,,Public,24 hours daily,,,,,,1,,,ChargePoint Network,https://www.chargepoint.com,GPS,39.707284,-84.016441,2026-08-19,323357,2026-08-19 02:27:48 UTC,,,,2023-12-22,,,,,J1772,US,,,,Public,,public,,,,,,,,,,,,,,,,,,,,false,,,,,,,,,false,
ELEC,GAS DEPOT STATION,11 Akron St,on west end of store,New London,OH,44851,,888-758-4389,E,,Public,24 hours daily,,,,,,2,,,ChargePoint Network,https://www.chargepoint.com,GPS,41.086289,-82.401224,2026-08-19,323533,2026-08-19 02:27:41 UTC,,,,2023-12-28,,,,,J1772,US,,,,Public,,public,,,,,,,,,,,,,,,,,,,,false,,,,,,,,,false,
ELEC,Dogwood Commons,4500 Dogwood Circle East,,Centerville,OH,45440,,888-998-2546,T,2026-05-31,TEMPORARILY UNAVAILABLE (Public),24 hours daily,,,,,,2,,,Blink Network,https://blinkcharging.com,GPS,39.66604638349499,-84.10173523237759,2026-08-19,323795,2026-08-19 00:28:02 UTC,,,,2023-12-04,,,,,J1772,US,,,,TEMPORAIREMENT SUSPENDU (Public),,public,,,,,,,,,,,,,,,,,,,,false,,,,,,,,,false,
ELEC,Donnellon McCarthy Enterprises Inc,10855 Medallion Drive,,Cincinnati,OH,45241,,888-998-2546,E,,Public,24 hours daily,,,,,,2,,,Blink Network,https://blinkcharging.com,GPS,39.2654404704542,-84.42454864232919,2026-08-19,323885,2026-08-19 00:16:04 UTC,,,,2024-01-04,,,,,J1772,US,,,,Public,,public,,,,,,,,,,,,,,,,,,,,false,,,,,,,,,false,
ELEC,BEAVERCREEK  CPE250 1,2170 Heller Dr,Inventory- Located in the south end of the Inventory Lot located on the west side of the Dealership,Dayton,OH,45434,,888-758-4389,E,,Public,24 hours daily,,,,,,,1,,ChargePoint Network,https://www.chargepoint.com,GPS,39.707286,-84.016524,2026-08-19,323952,2026-08-19 02:28:17 UTC,,,,2024-01-05,,,,,CHADEMO J1772COMBO,US,,,,Public,,public,,,,,,,,,,,,,,,,,,,,false,,,,,,,,,false,
ELEC,"Ashland, OH - Enterprise Parkway - Tesla Supercharger",1392 Enterprise Parkway,,Ashland,OH,44805,,877-798-3752,E,,Public,24 hours daily. NACS partner enabled.,A D Debit M V,,,,,,12,,Tesla,https://www.tesla.com/supercharger,GPS,40.859347,-82.268068,2026-06-18,324015,2026-06-18 14:46:21 UTC,P,,,2023-12-27,,,,,TESLA,US,,,,Public,,public,,,HOTEL,,,,,,,,,,,,,,,,,false,,,,,,,,LD,true,
ELEC,WILLOUGHBY STATION1,"1 East Spaulding St, Willoughby, OH 44094",,Willoughby,OH,44094,,888-758-4389,E,,Public,24 hours daily,,,,,,2,,,ChargePoint Network,https://www.chargepoint.com,GPS,41.639281,-81.405803,2026-08-19,324962,2026-08-19 02:27:09 UTC,,,,2024-01-10,,,,,J1772,US,,,,Public,,public,,,,,,,,,,,,,,,,,,,,false,,,,,,,,,false,
ELEC,WILLOUGHBY STATION2,"1 East Spaulding St, Willoughby, OH 44094",,Willoughby,OH,44094,,888-758-4389,E,,Public,24 hours daily,,,,,,2,,,ChargePoint Network,https://www.chargepoint.com,GPS,41.639282,-81.405741,2026-08-19,324963,2026-08-19 02:27:09 UTC,,,,2024-01-10,,,,,J1772,US,,,,Public,,public,,,,,,,,,,,,,,,,,,,,false,,,,,,,,,false,
ELEC,The View at Dayton Towers,425 Dayton Towers Drive,,Dayton,OH,45410,,888-998-2546,E,,Public,24 hours daily,,,,,,6,,,Blink Network,https://blinkcharging.com,GPS,39.75679983144484,-84.1787108288354,2026-08-19,325260,2026-08-19 00:11:28 UTC,,,,2024-01-11,,,,,J1772,US,,,,Public,,public,,,,,,,,,,,,,,,,,,,,false,,,,,,,,,false,
ELEC,Airpark - Curbside Charging,306 E Monument Ave,,Dayton,OH,45402,,888-356-8911,E,,Public,24 hours daily,,,,,,2,,,FLO,https://www.flo.com,GPS,39.764618,-84.18724,2026-08-19,326606,2026-08-19 04:04:56 UTC,,,,2024-01-25,,,,,J1772,US,,,,Public,,public,,,,,,,,,,,,,,,,,,,,false,,,,,,,,,false,
ELEC,Levitt Pavilion - Curbside Charging,16 East 4th St,,Dayton,OH,45402,,888-356-8911,E,,Public,24 hours daily,,,,,,2,,,FLO,https://www.flo.com,GPS,39.7581432,-84.1908926,2026-08-19,326756,2026-08-19 04:04:56 UTC,,,,2024-01-26,,,,,J1772,US,,,,Public,,public,,,,,,,,,,,,,,,,,,,,false,,,,,,,,,false,
ELEC,Cooper Park - Curbside Charging,210 East 2nd St,,Dayton,OH,45402,,888-356-8911,E,,Public,24 hours daily,,,,,,2,,,FLO,https://www.flo.com,GPS,39.7616427,-84.1876951,2026-08-19,326757,2026-08-19 04:04:56 UTC,,,,2024-01-26,,,,,J1772,US,,,,Public,,public,,,,,,,,,,,,,,,,,,,,false,,,,,,,,,false,
ELEC,"Willowick, OH - Tesla Supercharger",30320 Lakeshore Blvd,,Willowick,OH,44095,,877-798-3752,E,,Public,24 hours daily. NACS partner enabled.,A D Debit M V,,,,,,12,,Tesla,https://www.tesla.com/supercharger,GPS,41.636954,-81.475554,2026-06-18,327425,2026-06-18 14:46:21 UTC,P,,,2024-01-25,,,,,TESLA,US,,,,Public,,public,,,SHOPPING_CENTER,,,,,,,,,,,,,,,,,false,,,,,,,,LD,true,
ELEC,"Seville, OH - Tesla Supercharger",8700 Wooster Pike,,Seville,OH,44273,,877-798-3752,E,,Public,24 hours daily. Open to Teslas only.,A D Debit M V,,,,,,12,,Tesla,https://www.tesla.com/supercharger,GPS,41.035545,-81.8649,2026-06-18,327432,2026-06-18 14:46:21 UTC,P,,,2024-01-30,,,,,TESLA,US,,,,Public,,public,,,GAS_STATION,,,,,,,,,,,,,,,,,false,,,,,,,,LD,true,
ELEC,Graham Chevrolet Cadillac,1515 WEST 4TH STREET,,MANSFIELD,OH,44906,,866-816-7584,E,,Public,24 hours daily,,,,,,1,2,,EV Connect,https://www.evconnect.com,GPS,40.767961,-82.565584,2026-08-19,327502,2026-08-19 03:45:19 UTC,,,,2024-02-03,,,,,J1772 J1772COMBO,US,,,,Public,,public,,,,,,,,,,,,,,,,,,,,false,,,,,,,,,false,
ELEC,SNYDER CHEV CPE250,524 North Perry Street,,Napoleon,OH,43545,,888-758-4389,E,,Public,24 hours daily,,,,,,,1,,ChargePoint Network,https://www.chargepoint.com,GPS,41.389924,-84.122752,2026-08-19,327908,2026-08-19 02:29:19 UTC,,,,2024-02-08,,,,,CHADEMO J1772COMBO,US,,,,Public,,public,,,,,,,,,,,,,,,,,,,,false,,,,,,,,,false,
ELEC,CCF BOC STATION 1,6801 Brecksville Road,,Independence,OH,44131,,888-758-4389,T,2026-07-24,TEMPORARILY UNAVAILABLE (Public),24 hours daily,,,,,,2,,,ChargePoint Network,https://www.chargepoint.com,GPS,41.377293,-81.64004,2026-08-19,327948,2026-08-19 01:26:40 UTC,,,,2024-02-09,,,,,J1772,US,,,,TEMPORAIREMENT SUSPENDU (Public),,public,,,,,,,,,,,,,,,,,,,,false,,,,,,,,,false,
ELEC,Coughlin Chevrolet Buick GMC Of Chillicothe,1221 N BRDGE ST,,CHILLICOTHE,OH,45601,,866-816-7584,E,,Public,24 hours daily,,,,,,,1,,EV Connect,https://www.evconnect.com,GPS,39.360611,-82.974601,2026-08-19,328172,2026-08-19 03:46:35 UTC,,,,2024-02-10,,,,,J1772COMBO,US,,,,Public,,public,,,,,,,,,,,,,,,,,,,,false,,,,,,,,,false,
ELEC,HAMPTONROOKWOOD HAMPTON INN,2654 Madison Road,Right side of building,Cincinnati,OH,45208,,888-758-4389,E,,Public,24 hours daily,,,,,,1,,,ChargePoint Network,https://www.chargepoint.com,GPS,39.144952,-84.44522,2026-08-19,328483,2026-08-19 02:29:41 UTC,,,,2024-02-15,,,,,J1772,US,,,,Public,,public,,,,,,,,,,,,,,,,,,,,false,,,,,,,,,false,
ELEC,HAMPTONROOKWOOD HAMPTON INN 2,409 Wasson Way,,Cincinnati,OH,45208,,888-758-4389,E,,Public,24 hours daily,,,,,,2,,,ChargePoint Network,https://www.chargepoint.com,GPS,39.144951,-84.445288,2026-08-19,328484,2026-08-19 02:29:41 UTC,,,,2024-02-15,,,,,J1772,US,,,,Public,,public,,,,,,,,,,,,,,,,,,,,false,,,,,,,,,false,
ELEC,BEAVERCREEK  CPE250 - 2,2170 Heller Dr,,Dayton,OH,45434,,888-758-4389,E,,Public,24 hours daily,,,,,,,1,,ChargePoint Network,https://www.chargepoint.com,GPS,39.707226,-84.016441,2026-08-19,328864,2026-08-19 02:30:24 UTC,,,,2024-02-21,,,,,CHADEMO J1772COMBO,US,,,,Public,,public,,,,,,,,,,,,,,,,,,,,false,,,,,,,,,false,
ELEC,PICK TOWN PMH 3 NORTH LOT,1020 Refugee Rd,Patient and Visitor parking (NORTH LOT),Pickerington,OH,43147,,888-758-4389,E,,Public,24 hours daily,,,,,,2,,,ChargePoint Network,https://www.chargepoint.com,GPS,39.912529,-82.782743,2026-08-19,328940,2026-08-19 02:30:00 UTC,,,,2024-02-22,,,,,J1772,US,,,,Public,,public,,,,,,,,,,,,,,,,,,,,false,,,,,,,,,false,
ELEC,HAMCO: Findlay Market Garage,1810 Race St,,Cincinnati,OH,45202,,888-356-8911,E,,Public,24 hours daily,,,,,,5,,,FLO,https://www.flo.com,GPS,39.1153805,-84.5208291,2026-08-19,329053,2026-08-19 04:04:57 UTC,,,,2024-02-23,,,,,J1772,US,,,,Public,,public,,,,,,,,,,,,,,,,,,,,false,,,,,,,,,false,
ELEC,PICK TOWN PMH 4 NORTH LOT,1020 Refugee Rd,PATIENT AND VISITORS NORTH LOT,Pickerington,OH,43147,,888-758-4389,E,,Public,24 hours daily,,,,,,2,,,ChargePoint Network,https://www.chargepoint.com,GPS,39.912529,-82.782743,2026-08-19,329251,2026-08-19 02:30:41 UTC,,,,2024-02-24,,,,,J1772,US,,,,Public,,public,,,,,,,,,,,,,,,,,,,,false,,,,,,,,,false,
ELEC,PICK TOWN PMH 1 ER LOT,1020 Refugee Rd,PATIENT AND VISITORS ER LOT,Pickerington,OH,43147,,888-758-4389,E,,Public,24 hours daily,,,,,,2,,,ChargePoint Network,https://www.chargepoint.com,GPS,39.912529,-82.782743,2026-08-19,329252,2026-08-19 02:30:42 UTC,,,,2024-02-24,,,,,J1772,US,,,,Public,,public,,,,,,,,,,,,,,,,,,,,false,,,,,,,,,false,
ELEC,PICK TOWN PMH 2 ER LOT,1020 Refugee Rd,PATIENT AND VISITORS ER LOT,Pickerington,OH,43147,,888-758-4389,E,,Public,24 hours daily,,,,,,2,,,ChargePoint Network,https://www.chargepoint.com,GPS,39.912529,-82.782743,2026-08-19,329253,2026-08-19 02:30:43 UTC,,,,2024-02-24,,,,,J1772,US,,,,Public,,public,,,,,,,,,,,,,,,,,,,,false,,,,,,,,,false,
ELEC,Flying J 1056,14896 State Route 49,,Edon,OH,43518,,877-455-3833,E,,Public,24 hours daily,,,,,,,4,,eVgo Network,https://www.evgo.com,GPS,41.63336,-84.76606,2026-08-19,329285,2026-08-19 00:02:11 UTC,,,,2024-02-25,,,,,J1772COMBO,US,,,,Public,,public,,,,,,,,,,,,,,,,,,,,false,,,,,,,,,false,
ELEC,Align Home Health,4114 Mapleview Drive,,Dayton,OH,45432,,888-998-2546,E,,Public,24 hours daily,,,,,,4,,,Blink Network,https://blinkcharging.com,GPS,39.74007877054433,-84.08740353556972,2026-08-19,329382,2026-08-19 00:40:21 UTC,,,,2023-07-19,,,,,J1772,US,,,,Public,,public,,,,,,,,,,,,,,,,,,,,false,,,,,,,,,false,
ELEC,M-B HUDSON MBWC FAST CHG,5897 Muhlhauser Rd,,West Chester,OH,45069,,888-758-4389,E,,Public,Mon: 7:30am-8:00pm; Tue: 7:30am-8:00pm; Wed: 7:30am-8:00pm; Thu: 7:30am-8:00pm; Fri: 7:30am-8:00pm; Sat: 8:00am-5:00pm,,,,,,,1,,ChargePoint Network,https://www.chargepoint.com,GPS,39.3195,-84.429904,2026-08-19,329628,2026-08-19 02:30:05 UTC,,,,2024-03-01,,,,,CHADEMO J1772COMBO,US,,,,Public,,public,,,,,,,,,,,,,,,,,,,,false,,,,,,,,,false,
ELEC,Lavery Automotive Sales & Service,1096 W State Street,,Alliance,OH,44601,,866-816-7584,E,,Public,24 hours daily,,,,,,,2,,EV Connect,https://www.evconnect.com,GPS,40.901497,-81.1217,2026-08-19,330093,2026-08-19 03:45:26 UTC,,,,2024-03-08,,,,,J1772COMBO,US,,,,Public,,public,,,,,,,,,,,,,,,,,,,,false,,,,,,,,,false,
ELEC,EVPassport - FriendsOffice,2300 Bright Rd,,Findlay,OH,45840,,419-427-1704,E,,Public - Credit card at all times,24 hours daily,A D Debit M V,,,,,1,,,Non-Networked,,GPS,41.0671206649742,-83.6181262887935,2026-07-15,330105,2026-07-15 18:38:56 UTC,P,,,2024-03-07,,,,,J1772,US,,,,Public - Carte de crédit en tout temps,,public,CREDIT_CARD_ALWAYS,,PARKING_LOT,,,,,,,,,,,,,,,,,false,,,,,,,,LD,false,
ELEC,FORTINDUSTRYSQ FIS (107-108),136 Water St,"In the rear of building, within gated parking lot",Toledo,OH,43604,,888-758-4389,E,,Public,24 hours daily,,,,,,2,,,ChargePoint Network,https://www.chargepoint.com,GPS,41.648855,-83.5346,2026-08-19,330125,2026-08-19 02:04:44 UTC,,,,2024-03-09,,,,,J1772,US,,,,Public,,public,,,,,,,,,,,,,,,,,,,,false,,,,,,,,,false,
ELEC,FORTINDUSTRYSQ FIS (109-110),136 Water St,,Toledo,OH,43604,,888-758-4389,E,,Public,24 hours daily,,,,,,2,,,ChargePoint Network,https://www.chargepoint.com,GPS,41.648755,-83.534709,2026-08-19,330126,2026-08-19 02:04:44 UTC,,,,2024-03-09,,,,,J1772,US,,,,Public,,public,,,,,,,,,,,,,,,,,,,,false,,,,,,,,,false,
ELEC,OVM STATION 1,15 S Ontario St,Located within gated parking lot behind building.,Toledo,OH,43604,,888-758-4389,E,,Public,24 hours daily,,,,,,2,,,ChargePoint Network,https://www.chargepoint.com,GPS,41.648765,-83.542412,2026-08-19,330141,2026-08-19 02:29:28 UTC,,,,2024-03-09,,,,,J1772,US,,,,Public,,public,,,,,,,,,,,,,,,,,,,,false,,,,,,,,,false,
ELEC,OVM STATION 2,15 S Ontario St,Located within gated parking lot behind building.,Toledo,OH,43604,,888-758-4389,E,,Public,24 hours daily,,,,,,2,,,ChargePoint Network,https://www.chargepoint.com,GPS,41.648726,-83.542446,2026-08-19,330142,2026-08-19 02:29:28 UTC,,,,2024-03-09,,,,,J1772,US,,,,Public,,public,,,,,,,,,,,,,,,,,,,,false,,,,,,,,,false,
ELEC,OVM STATION 3,15 S Ontario St,Located within gated parking lot behind building.,Toledo,OH,43604,,888-758-4389,E,,Public,24 hours daily,,,,,,2,,,ChargePoint Network,https://www.chargepoint.com,GPS,41.64872,-83.542414,2026-08-19,330143,2026-08-19 02:29:28 UTC,,,,2024-03-09,,,,,J1772,US,,,,Public,,public,,,,,,,,,,,,,,,,,,,,false,,,,,,,,,false,
ELEC,EVPassport - FriendsOffice,1041 Perry St,,Defiance,OH,45840,,888-702-2124,E,,Public - Credit card at all times,24 hours daily,A D Debit M V,,,,,1,,,Non-Networked,,GPS,41.27753567,-84.37428144,2026-07-15,330581,2026-07-15 18:38:56 UTC,P,,,2024-03-14,,,,,J1772,US,,,,Public - Carte de crédit en tout temps,,public,CREDIT_CARD_ALWAYS,,PARKING_LOT,,,,,,,$0.35 per kWh,,,,,,,,,,false,,,,,,,,LD,false,
ELEC,IRT LIVING CHELSEA,5965 Carson Michael Ave,Near Dog Park,Columbus,OH,43230,,888-758-4389,E,,Public,24 hours daily,,,,,,2,,,ChargePoint Network,https://www.chargepoint.com,GPS,40.063416,-82.859323,2026-08-19,330597,2026-08-19 02:21:00 UTC,,,,2024-03-15,,,,,J1772,US,,,,Public,,public,,,,,,,,,,,,,,,,,,,,false,,,,,,,,,false,
ELEC,LUXE360 UVF B2,5517 East Vue Drive,bldg #2,Dublin,OH,43016,,888-758-4389,E,,Public,24 hours daily,,,,,,2,,,ChargePoint Network,https://www.chargepoint.com,GPS,40.065636,-83.140439,2026-08-19,330701,2026-08-19 02:29:21 UTC,,,,2024-03-17,,,,,J1772,US,,,,Public,,public,,,,,,,,,,,,,,,,,,,,false,,,,,,,,,false,
ELEC,LUXE360 UVF B5,5514 Vue Pointe Drive,bldg 5,Dublin,OH,43016,,888-758-4389,T,2026-07-30,TEMPORARILY UNAVAILABLE (Public),24 hours daily,,,,,,2,,,ChargePoint Network,https://www.chargepoint.com,GPS,40.065331,-83.141966,2026-08-19,330702,2026-08-19 02:29:22 UTC,,,,2024-03-17,,,,,J1772,US,,,,TEMPORAIREMENT SUSPENDU (Public),,public,,,,,,,,,,,,,,,,,,,,false,,,,,,,,,false,
ELEC,LUXE360 UVF B7,4723 Water Vue Lane,bldg #7,Dublin,OH,43016,,888-758-4389,E,,Public,24 hours daily,,,,,,2,,,ChargePoint Network,https://www.chargepoint.com,GPS,40.066172,-83.143836,2026-08-19,330703,2026-08-19 02:29:23 UTC,,,,2024-03-17,,,,,J1772,US,,,,Public,,public,,,,,,,,,,,,,,,,,,,,false,,,,,,,,,false,
ELEC,COTA COTA 1,1600 Mc Kinley Avenue,Parking Lot,Columbus,OH,43222,,888-758-4389,E,,Public,24 hours daily,,,,,,2,,,ChargePoint Network,https://www.chargepoint.com,GPS,39.964389,-83.044858,2026-08-19,330726,2026-08-19 02:31:34 UTC,,,,2024-03-17,,,,,J1772,US,,,,Public,,public,,,,,,,,,,,,,,,,,,,,false,,,,,,,,,false,
ELEC,COTA COTA 3,1600 Mc Kinley Avenue,Parking Lot,Columbus,OH,43222,,888-758-4389,E,,Public,24 hours daily,,,,,,2,,,ChargePoint Network,https://www.chargepoint.com,GPS,39.964329,-83.044866,2026-08-19,330727,2026-08-19 02:31:34 UTC,,,,2024-03-17,,,,,J1772,US,,,,Public,,public,,,,,,,,,,,,,,,,,,,,false,,,,,,,,,false,
ELEC,COTA COTA 2,1600 Mc Kinley Avenue,Parking Lot,Columbus,OH,43222,,888-758-4389,E,,Public,24 hours daily,,,,,,2,,,ChargePoint Network,https://www.chargepoint.com,GPS,39.964378,-83.044806,2026-08-19,330728,2026-08-19 02:31:35 UTC,,,,2024-03-17,,,,,J1772,US,,,,Public,,public,,,,,,,,,,,,,,,,,,,,false,,,,,,,,,false,
ELEC,COTA COTA 4,1600 Mc Kinley Avenue,Parking Lot,Columbus,OH,43222,,888-758-4389,E,,Public,24 hours daily,,,,,,2,,,ChargePoint Network,https://www.chargepoint.com,GPS,39.964328,-83.044816,2026-08-19,330729,2026-08-19 02:31:35 UTC,,,,2024-03-17,,,,,J1772,US,,,,Public,,public,,,,,,,,,,,,,,,,,,,,false,,,,,,,,,false,
ELEC,COTA COTA 6,1600 Mc Kinley Avenue,West Parking Lot,Columbus,OH,43222,,888-758-4389,E,,Public,24 hours daily,,,,,,2,,,ChargePoint Network,https://www.chargepoint.com,GPS,39.964798,-83.045662,2026-08-19,330730,2026-08-19 02:31:35 UTC,,,,2024-03-17,,,,,J1772,US,,,,Public,,public,,,,,,,,,,,,,,,,,,,,false,,,,,,,,,false,
ELEC,COTA COTA 5,1600 Mc Kinley Avenue,Parking Lot,Columbus,OH,43222,,888-758-4389,E,,Public,24 hours daily,,,,,,2,,,ChargePoint Network,https://www.chargepoint.com,GPS,39.964985,-83.045726,2026-08-19,330731,2026-08-19 02:31:35 UTC,,,,2024-03-17,,,,,J1772,US,,,,Public,,public,,,,,,,,,,,,,,,,,,,,false,,,,,,,,,false,
ELEC,"Applied Electric, LLC - Performance CJDR",1130 Auto Mall Drive,,Columbus,OH,43228,,888-998-2546,E,,Public,24 hours daily,,,,,,2,,,Blink Network,https://blinkcharging.com,GPS,39.929374230435336,-83.12554504539168,2026-08-19,330883,2026-08-19 00:41:38 UTC,,,,2024-03-20,,,,,J1772,US,,,,Public,,public,,,,,,,,,,,,,,,,,,,,false,,,,,,,,,false,
ELEC,Tom Gill Buick GMC,6720 Gilmore Road,,Hamilton,OH,45011,,866-816-7584,E,,Public,24 hours daily,,,,,,,1,,EV Connect,https://www.evconnect.com,GPS,39.387514,-84.513617,2026-08-19,331038,2026-08-19 03:44:48 UTC,,,,2024-03-22,,,,,J1772COMBO,US,,,,Public,,public,,,,,,,,,,,,,,,,,,,,false,,,,,,,,,false,
ELEC,UD GLASS CENTER,40 W Stewart St,Performing Arts Building,Dayton,OH,45409,,888-758-4389,E,,Public,24 hours daily,,,,,,2,,,ChargePoint Network,https://www.chargepoint.com,GPS,39.739483,-84.187694,2026-08-19,331056,2026-08-19 02:25:26 UTC,,,,2024-03-23,,,,,J1772,US,,,,Public,,public,,,,,,,,,,,,,,,,,,,,false,,,,,,,,,false,
ELEC,UPPER ARLINGTON LANE AVE MOB 1,1480 W Lane Ave,NW Side of Building,Upper Arlington,OH,43221,,888-758-4389,E,,Public,24 hours daily,,,,,,2,,,ChargePoint Network,https://www.chargepoint.com,GPS,40.007276,-83.049531,2026-08-19,331227,2026-08-19 02:30:31 UTC,,,,2024-03-28,,,,,J1772,US,,,,Public,,public,,,,,,,,,,,,,,,,,,,,false,,,,,,,,,false,
ELEC,UPPER ARLINGTON LANE AVE MOB 2,1480 W Lane Ave,NW Side of Building,Upper Arlington,OH,43221,,888-758-4389,E,,Public,24 hours daily,,,,,,2,,,ChargePoint Network,https://www.chargepoint.com,GPS,40.007274,-83.049513,2026-08-19,331228,2026-08-19 02:30:31 UTC,,,,2024-03-28,,,,,J1772,US,,,,Public,,public,,,,,,,,,,,,,,,,,,,,false,,,,,,,,,false,
ELEC,FF HYUNDAI CPE250-1,5665 Dixie Hwy,Front of Showroom-north,Fairfield,OH,45014,,888-758-4389,E,,Public,24 hours daily,,,,,,,1,,ChargePoint Network,https://www.chargepoint.com,GPS,39.330922,-84.520672,2026-08-19,331244,2026-08-19 02:32:06 UTC,,,,2024-03-28,,,,,CHADEMO J1772COMBO,US,,,,Public,,public,,,,,,,,,,,,,,,,,,,,false,,,,,,,,,false,
ELEC,FF HYUNDAI CPE250-2,5665 Dixie Hwy,Inventory unit - northwest corner exiting service,Fairfield,OH,45014,,888-758-4389,E,,Public,24 hours daily,,,,,,,1,,ChargePoint Network,https://www.chargepoint.com,GPS,39.331124,-84.520645,2026-08-19,331245,2026-08-19 02:32:06 UTC,,,,2024-03-28,,,,,CHADEMO J1772COMBO,US,,,,Public,,public,,,,,,,,,,,,,,,,,,,,false,,,,,,,,,false,
ELEC,MARYSVILLE DUBLIN JEROME 1,10190 US-42,,Marysville,OH,43040,,888-758-4389,E,,Public,24 hours daily,,,,,,2,,,ChargePoint Network,https://www.chargepoint.com,GPS,40.158601,-83.232394,2026-08-19,331286,2026-08-19 02:16:54 UTC,,,,2024-03-29,,,,,J1772,US,,,,Public,,public,,,,,,,,,,,,,,,,,,,,false,,,,,,,,,false,
ELEC,MARION MARION MOB 2,278 Barks Rd W,,Marion,OH,43302,,888-758-4389,E,,Public,24 hours daily,,,,,,2,,,ChargePoint Network,https://www.chargepoint.com,GPS,40.565019,-83.126079,2026-08-19,331290,2026-08-19 02:28:13 UTC,,,,2024-03-29,,,,,J1772,US,,,,Public,,public,,,,,,,,,,,,,,,,,,,,false,,,,,,,,,false,
ELEC,MARION MARION MOB 1,278 Barks Rd W,,Marion,OH,43302,,888-758-4389,E,,Public,24 hours daily,,,,,,2,,,ChargePoint Network,https://www.chargepoint.com,GPS,40.565019,-83.126079,2026-08-19,331291,2026-08-19 02:28:14 UTC,,,,2024-03-29,,,,,J1772,US,,,,Public,,public,,,,,,,,,,,,,,,,,,,,false,,,,,,,,,false,
ELEC,MARYSVILLE DUBLIN JEROME 2,10190 US-42,,Marysville,OH,43040,,888-758-4389,E,,Public,24 hours daily,,,,,,2,,,ChargePoint Network,https://www.chargepoint.com,GPS,40.158642,-83.232211,2026-08-19,331295,2026-08-19 02:32:08 UTC,,,,2024-03-29,,,,,J1772,US,,,,Public,,public,,,,,,,,,,,,,,,,,,,,false,,,,,,,,,false,
ELEC,JEFF DRENNEN CADILLAC OF ZANESVILLE,3625 MAPLE AVE,,ZANESVILLE,OH,43701,,866-816-7584,E,,Public,24 hours daily,,,,,,,1,,EV Connect,https://www.evconnect.com,GPS,39.99078,-82.02533,2026-08-19,331329,2026-08-19 03:45:06 UTC,,,,2024-03-29,,,,,J1772COMBO,US,,,,Public,,public,,,,,,,,,,,,,,,,,,,,false,,,,,,,,,false,
ELEC,Liberty Beall Apartments Parking,365 E Liberty St,,Wooster,OH,44691,,844-798-2438,E,,Public - Credit card at all times,24 hours daily,A D Debit M V,,,,,2,,,SWTCH,https://swtchenergy.com,GPS,40.7986209618542,-81.935172999171,2024-04-14,331360,2025-02-12 00:16:32 UTC,P,,,2024-03-26,,,,,J1772,US,,,,Public - Carte de crédit en tout temps,,public,CREDIT_CARD_ALWAYS,,PARKING_LOT,,,,,,,$0.50 per kWh,,,,,,,,,,false,,,,,,,,LD,false,
ELEC,"Econo Lodge - Holland, OH",1201 East Mall Drive,,Holland,OH,43528,,888-998-2546,E,,Public,24 hours daily,,,,,,2,,,Blink Network,https://blinkcharging.com,GPS,41.61895514731181,-83.69300498690436,2026-08-19,331443,2026-08-19 00:44:06 UTC,,,,2022-07-10,,,,,J1772,US,,,,Public,,public,,,,,,,,,,,,,,,,,,,,false,,,,,,,,,false,
ELEC,Comfort Suites Miamisburg - Dayton South,42 Prestige Plaza Drive,,Miamisburg,OH,45342,,888-998-2546,E,,Public,24 hours daily,,,,,,2,,,Blink Network,https://blinkcharging.com,GPS,39.63686862443808,-84.22671865950043,2026-08-19,331445,2026-08-19 00:23:20 UTC,,,,2022-08-11,,,,,J1772,US,,,,Public,,public,,,,,,,,,,,,,,,,,,,,false,,,,,,,,,false,
ELEC,"KERRY FORD, INC FORD ISLAND #4",155 W Kemper Rd,,Cincinnati,OH,45246,,888-758-4389,E,,Public,24 hours daily,,,,,,2,,,ChargePoint Network,https://www.chargepoint.com,GPS,39.286395,-84.474117,2026-08-19,331467,2026-08-19 02:32:09 UTC,,,,2024-03-30,,,,,J1772,US,,,,Public,,public,,,,,,,,,,,,,,,,,,,,false,,,,,,,,,false,
ELEC,VANDEVERE CADILLAC,111 WEST MARKET STREET,,AKRON,OH,44303,,866-816-7584,E,,Public,24 hours daily,,,,,,,1,,EV Connect,https://www.evconnect.com,GPS,41.087418,-81.521384,2026-08-19,331470,2026-08-19 03:45:01 UTC,,,,2024-03-30,,,,,J1772COMBO,US,,,,Public,,public,,,,,,,,,,,,,,,,,,,,false,,,,,,,,,false,
ELEC,HONDA HERITAGE HHC1,24025 Honda Parkway,,Marysville,OH,43040,,888-758-4389,E,,Public,24 hours daily,,,,,,2,,,ChargePoint Network,https://www.chargepoint.com,GPS,40.270771,-83.505187,2026-08-19,331556,2026-08-19 02:31:23 UTC,,,,2024-04-03,,,,,J1772,US,,,,Public,,public,,,,,,,,,,,,,,,,,,,,false,,,,,,,,,false,
ELEC,HONDA HERITAGE HHC2,24025 Honda Parkway,,Marysville,OH,43040,,888-758-4389,E,,Public,24 hours daily,,,,,,2,,,ChargePoint Network,https://www.chargepoint.com,GPS,40.270749,-83.505237,2026-08-19,331557,2026-08-19 02:31:23 UTC,,,,2024-04-03,,,,,J1772,US,,,,Public,,public,,,,,,,,,,,,,,,,,,,,false,,,,,,,,,false,
ELEC,HONDA HERITAGE HHC4,24025 Honda Parkway,,Marysville,OH,43040,,888-758-4389,E,,Public,24 hours daily,,,,,,2,,,ChargePoint Network,https://www.chargepoint.com,GPS,40.270697,-83.505347,2026-08-19,331558,2026-08-19 02:31:23 UTC,,,,2024-04-03,,,,,J1772,US,,,,Public,,public,,,,,,,,,,,,,,,,,,,,false,,,,,,,,,false,
ELEC,COTA NEW ALBANY #1,5202 Forest Drive,,New Albany,OH,43054,,888-758-4389,E,,Public,24 hours daily,,,,,,2,,,ChargePoint Network,https://www.chargepoint.com,GPS,40.090469,-82.788418,2026-08-19,331640,2026-08-19 02:30:04 UTC,,,,2024-04-04,,,,,J1772,US,,,,Public,,public,,,,,,,,,,,,,,,,,,,,false,,,,,,,,,false,
ELEC,COTA LINDEN #2,1390 Cleveland Avenue,,Columbus,OH,43211,,888-758-4389,E,,Public,24 hours daily,,,,,,2,,,ChargePoint Network,https://www.chargepoint.com,GPS,39.993346,-82.981413,2026-08-19,331641,2026-08-19 02:30:43 UTC,,,,2024-04-04,,,,,J1772,US,,,,Public,,public,,,,,,,,,,,,,,,,,,,,false,,,,,,,,,false,
ELEC,COTA LINDEN #1,1390 Cleveland Avenue,,Columbus,OH,43211,,888-758-4389,E,,Public,24 hours daily,,,,,,2,,,ChargePoint Network,https://www.chargepoint.com,GPS,39.99331,-82.98136,2026-08-19,331642,2026-08-19 02:30:43 UTC,,,,2024-04-04,,,,,J1772,US,,,,Public,,public,,,,,,,,,,,,,,,,,,,,false,,,,,,,,,false,
ELEC,WAI PROP PIKE SQ 2A,425 E 2nd St,,Piketon,OH,45661,,888-758-4389,E,,Public,24 hours daily,,,,,,2,,,ChargePoint Network,https://www.chargepoint.com,GPS,39.067778,-83.012512,2026-08-19,331643,2026-08-19 02:31:02 UTC,,,,2024-04-04,,,,,J1772,US,,,,Public,,public,,,,,,,,,,,,,,,,,,,,false,,,,,,,,,false,
ELEC,WAI PROP PIKE SQ 1A,425 E 2nd St,,Piketon,OH,45661,,888-758-4389,E,,Public,24 hours daily,,,,,,2,,,ChargePoint Network,https://www.chargepoint.com,GPS,39.068017,-83.012542,2026-08-19,331644,2026-08-19 02:31:04 UTC,,,,2024-04-04,,,,,J1772,US,,,,Public,,public,,,,,,,,,,,,,,,,,,,,false,,,,,,,,,false,
ELEC,HONDA HERITAGE HHC3,24025 Honda Parkway,,Marysville,OH,43040,,888-758-4389,E,,Public,24 hours daily,,,,,,2,,,ChargePoint Network,https://www.chargepoint.com,GPS,40.270723,-83.505293,2026-08-19,331647,2026-08-19 02:31:23 UTC,,,,2024-04-04,,,,,J1772,US,,,,Public,,public,,,,,,,,,,,,,,,,,,,,false,,,,,,,,,false,
ELEC,NOURSE TOYOTA TOYOTA SRV,423 N Bridge St,Toyota Garage,Chillicothe,OH,45601,,888-758-4389,E,,Public,24 hours daily,,,,,,1,,,ChargePoint Network,https://www.chargepoint.com,GPS,39.347156,-82.975444,2026-08-19,331733,2026-08-19 02:16:53 UTC,,,,2024-04-05,,,,,J1772,US,,,,Public,,public,,,,,,,,,,,,,,,,,,,,false,,,,,,,,,false,
ELEC,LAZ PARKING COL AGW 3,1359 W Lane Ave,,Columbus,OH,43221,,888-758-4389,E,,Public,24 hours daily,,,,,,2,,,ChargePoint Network,https://www.chargepoint.com,GPS,40.006465,-83.046867,2026-08-19,331754,2026-08-19 02:31:49 UTC,,,,2024-04-05,,,,,J1772,US,,,,Public,,public,,,,,,,,,,,,,,,,,,,,false,,,,,,,,,false,
ELEC,LAZ PARKING COL AGW 4,1375 W Lane Ave,Inside Parking Garage First Floor Facing Away From Lane Ave,Columbus,OH,43221,,888-758-4389,E,,Public,24 hours daily,,,,,,2,,,ChargePoint Network,https://www.chargepoint.com,GPS,40.006424,-83.046835,2026-08-19,331755,2026-08-19 02:31:49 UTC,,,,2024-04-05,,,,,J1772,US,,,,Public,,public,,,,,,,,,,,,,,,,,,,,false,,,,,,,,,false,
ELEC,LAZ PARKING COL AGW 1,1359 W Lane Ave,,Columbus,OH,43221,,888-758-4389,E,,Public,24 hours daily,,,,,,2,,,ChargePoint Network,https://www.chargepoint.com,GPS,40.006654,-83.046846,2026-08-19,331756,2026-08-19 02:31:50 UTC,,,,2024-04-05,,,,,J1772,US,,,,Public,,public,,,,,,,,,,,,,,,,,,,,false,,,,,,,,,false,
ELEC,LAZ PARKING COL AGW 2,1359 W Lane Ave,,Columbus,OH,43221,,888-758-4389,E,,Public,24 hours daily,,,,,,2,,,ChargePoint Network,https://www.chargepoint.com,GPS,40.006555,-83.046846,2026-08-19,331757,2026-08-19 02:31:50 UTC,,,,2024-04-05,,,,,J1772,US,,,,Public,,public,,,,,,,,,,,,,,,,,,,,false,,,,,,,,,false,
ELEC,"North Canton, OH - Tesla Supercharger",6215 Whipple Avenue NW,,North Canton,OH,44720,,877-798-3752,E,,Public,24 hours daily. NACS partner enabled.,A D Debit M V,,,,,,8,,Tesla,https://www.tesla.com/supercharger,GPS,40.871833,-81.422337,2026-06-18,331827,2026-06-18 14:46:21 UTC,P,,,2024-03-29,,,,,TESLA,US,,,,Public,,public,,,GAS_STATION,,,,,,,,,,,,,,,,,false,,,,,,,,LD,true,
ELEC,Wooster Chrysler Jeep Dodge Ram,2626 Cleveland Road,,Wooster,OH,44691,,888-998-2546,E,,Public,24 hours daily,,,,,,,2,,Blink Network,https://blinkcharging.com,GPS,40.831890650336206,-81.93121997478056,2026-08-19,331836,2026-08-19 00:30:57 UTC,,,,2024-04-04,,,,,J1772COMBO,US,,,,Public,,public,,,,,,,,,,,,,,,,,,,,false,,,,,,,,,false,
ELEC,LAZ PARKING COL KINGSDALE 1,3181 Northwest Blvd,,Upper Arlington,OH,43221,,888-758-4389,E,,Public,24 hours daily,,,,,,2,,,ChargePoint Network,https://www.chargepoint.com,GPS,40.022832,-83.058304,2026-08-19,332007,2026-08-19 02:30:24 UTC,,,,2024-04-11,,,,,J1772,US,,,,Public,,public,,,,,,,,,,,,,,,,,,,,false,,,,,,,,,false,
ELEC,OHM MANS GENERAL 1,335 Glessner Ave,,Mansfield,OH,44903,,888-758-4389,E,,Public,24 hours daily,,,,,,2,,,ChargePoint Network,https://www.chargepoint.com,GPS,40.752904,-82.529316,2026-08-19,332016,2026-08-19 02:31:03 UTC,,,,2024-04-11,,,,,J1772,US,,,,Public,,public,,,,,,,,,,,,,,,,,,,,false,,,,,,,,,false,
ELEC,OHM MANS GENERAL 2,335 Glessner Ave,,Mansfield,OH,44903,,888-758-4389,E,,Public,24 hours daily,,,,,,2,,,ChargePoint Network,https://www.chargepoint.com,GPS,40.752904,-82.529316,2026-08-19,332017,2026-08-19 02:31:03 UTC,,,,2024-04-11,,,,,J1772,US,,,,Public,,public,,,,,,,,,,,,,,,,,,,,false,,,,,,,,,false,
ELEC,Heartland Charging Services Office,6161 Riverside Drive,,Dublin,OH,43017,,888-998-2546,E,,Public,24 hours daily,,,,,,,2,,Blink Network,https://blinkcharging.com,GPS,40.09213325958118,-83.10893244598255,2026-08-19,332175,2026-08-19 00:50:30 UTC,,,,2024-03-11,,,,,J1772COMBO,US,,,,Public,,public,,,,,,,,,,,,,,,,,,,,false,,,,,,,,,false,
ELEC,Southern Station BAE701527,826 Bowman Way,,Columbus,OH,43212,,888-998-2546,E,,Public,24 hours daily,,,,,,2,,,Blink Network,https://blinkcharging.com,GPS,39.9739087,-83.0264585,2026-08-19,332451,2026-08-19 00:53:54 UTC,,,,2022-11-02,,,,,J1772,US,,,,Public,,public,,,,,,,,,,,,,,,,,,,,false,,,,,,,,,false,
ELEC,Parking Garage Basement,1399 Delashmut Avenue,,Columbus,OH,43212,,888-998-2546,E,,Public,24 hours daily,,,,,,4,,,Blink Network,https://blinkcharging.com,GPS,39.98735530487605,-83.0310602458417,2026-08-19,332597,2026-08-19 00:30:57 UTC,,,,2024-04-18,,,,,J1772,US,,,,Public,,public,,,,,,,,,,,,,,,,,,,,false,,,,,,,,,false,
ELEC,"KERRY FORD, INC FORD ISLAND #3",155 West Kemper Road,,Cincinnati,OH,45246,,888-758-4389,E,,Public,24 hours daily,,,,,,,2,,ChargePoint Network,https://www.chargepoint.com,GPS,39.286362,-84.474103,2026-08-19,332643,2026-08-19 02:33:04 UTC,,,,2024-04-19,,,,,J1772COMBO,US,,,,Public,,public,,,,,,,,,,,,,,,,,,,,false,,,,,,,,,false,
ELEC,Heartland Charging Services Office S7,6161 Riverside Drive,,Dublin,OH,43017,,888-998-2546,E,,Public,24 hours daily,,,,,,4,,,Blink Network,https://blinkcharging.com,GPS,40.09205939055688,-83.10892171700112,2026-08-19,332678,2026-08-19 00:40:48 UTC,,,,2024-04-19,,,,,J1772,US,,,,Public,,public,,,,,,,,,,,,,,,,,,,,false,,,,,,,,,false,
ELEC,Chalets Of Hocking Hills,18905 S.R. 664 S,,Logan,OH,43138,,888-222-6618,E,,Public,,,,,,,2,,,NOODOE,https://www.noodoe.com,GPS,39.456435,-82.507149,2026-08-19,332955,2026-08-19 04:28:15 UTC,,,,2024-04-22,,,,,J1772,US,,,,Public,,public,,,,,,,,,,,,,,,,,,,,false,,,,,,,,,false,
ELEC,"KINGS FORD, INC FORD L3 PUBLIC1",9555 Kings Automall Drive,,Cincinnati,OH,45249,,888-758-4389,E,,Public,24 hours daily,,,,,,,2,,ChargePoint Network,https://www.chargepoint.com,GPS,39.295877,-84.307439,2026-08-19,333436,2026-08-19 02:33:14 UTC,,,,2024-04-24,,,,,J1772COMBO,US,,,,Public,,public,,,,,,,,,,,,,,,,,,,,false,,,,,,,,,false,
ELEC,Amazon DC AKC1,2450 Romig Rd,,Akron,OH,44320,,NA,E,,Private,24 hours daily,A ACCOUNT_BALANCE ANDROID_PAY APPLE_PAY CREDIT D M V,,,,,4,,,Non-Networked,,200-8,41.04755,-81.581,2024-05-09,333572,2025-02-12 00:16:32 UTC,P,,,2022-07-28,,,,,J1772,US,,,,Privé,,private,,,PARKING_LOT,,,,,,,,,,,,,,,,,,,,,,,,,LD,true,
ELEC,Davey Resources,3900 Kinross Lakes Pkwy,,Richfield,OH,44286,,949-945-2000,E,,Public,24 hours daily,,,,,,4,,,EVGATEWAY,https://evgateway.com,GPS,41.22129229999999,-81.6327057,2026-08-19,333818,2026-08-19 04:47:12 UTC,,,,2023-06-12,,,,,J1772,US,,,,Public,,public,,,,,,,,,,,,,,,,,,,,false,,,,,,,,,false,
ELEC,Davis Automotive Group,6135 Kruse Dr,,Solon,OH,44139,,NA,E,,Public,24 hours daily,A ACCOUNT_BALANCE ANDROID_PAY APPLE_PAY CREDIT D M V,,,,,4,,,Non-Networked,,200-8,41.39384,-81.44131,2024-05-09,334229,2025-02-12 00:16:32 UTC,P,,,2023-09-26,,,,,J1772,US,,,,Public,,public,,,PARKING_LOT,,,,,,,,,,,,,,,,,false,,,,,,,,LD,false,
ELEC,Liberty Ford Brunswick,3101 Center Rd,,Brunswick,OH,44212,,888-357-1009,E,,Public,24 hours daily,A ANDROID_PAY APPLE_PAY CREDIT D Debit M V,,,,,,6,,FORD_CHARGE,https://www.ford.com/support/category/electric-vehicle/charging/public-charging/,GPS,41.238909,-81.802217,2026-08-19,334563,2026-08-19 05:16:41 UTC,,,,2023-12-04,,,,,J1772COMBO,US,,,,Public,,public,,,PUBLIC,,,,,,,,,,,,,,,,,false,,,,,,,,,false,
ELEC,Diane Sauer Chevrolet,626 S St SE,,Warren,OH,44483,,330-647-6910,E,,Public,24 hours daily,A D Debit M V,,,,,,2,,Non-Networked,,GPS,41.2336293966823,-80.8095009630939,2026-07-15,334565,2026-07-15 18:38:56 UTC,P,,,2024-05-02,,,,,J1772COMBO,US,,,,Public,,public,,,CAR_DEALER,,,,,,,$0.38 per kWh,,,,,,,,,,false,,,,,,,,LD,false,
ELEC,Canvas,10000 Brecksville Rd,,Brecksville,OH,44141,,216-903-7315,E,,Public,Contact site for information,A ANDROID_PAY APPLE_PAY CREDIT D M,,,,,6,,,AMPUP,https://ampup.io,GPS,41.2961326,-81.6309452,2024-05-09,335288,2026-08-05 18:21:35 UTC,P,,,2023-11-13,,,,,J1772,US,,,,Public,,public,,,MULTI_UNIT_DWELLING,,,,,,,,,,,,,,,,,false,,,,,,,,LD,false,
ELEC,Cornerstone Church,1520 S Reynolds Rd,,Maumee,OH,43537,,419-725-5000,E,,Public,Contact site for information,A ANDROID_PAY APPLE_PAY CREDIT D M,,,,,2,,,AMPUP,https://ampup.io,GPS,41.5862656,-83.6618555,2024-05-09,335295,2026-08-05 18:21:35 UTC,P,,,2023-11-08,,,,,J1772,US,,,,Public,,public,,,PLACE_OF_WORSHIP,,,,,,,,,,,,,,,,,false,,,,,,,,LD,false,
ELEC,One Government Center,1 Government Center,,Toledo,OH,43604,,419-260-9994,E,,Public,Contact site for information,A ANDROID_PAY APPLE_PAY CREDIT D M,,,,,1,,,AMPUP,https://ampup.io,GPS,41.6555513,-83.5347256,2024-05-09,335323,2026-08-05 18:21:35 UTC,P,,,2024-02-12,,,,,J1772,US,,,,Public,,public,,,MUNI_GOV,,,,,,,,,,,,,,,,,false,,,,,,,,LD,false,
ELEC,Building 23,1736 E Monument Ave,,Dayton,OH,45402,,,E,,Private,Contact site for information,A ANDROID_PAY APPLE_PAY CREDIT D M,,,,,1,,,AMPUP,https://ampup.io,GPS,39.770268,-84.1667179,2024-05-09,335393,2026-08-05 18:21:35 UTC,P,,,2024-03-08,,,,,J1772,US,,,,Privé,,private,,,MUNI_GOV,,,,,,,,,,,,,,,,,,,,,,,,,LD,false,
ELEC,CLE1,12875 Corporate Dr Unit 2,,Parma,OH,44130,,,E,,Private,Contact site for information,A ANDROID_PAY APPLE_PAY CREDIT D M,,,,,4,,,AMPUP,https://ampup.io,GPS,41.4079358,-81.7799783,2024-05-09,335400,2026-08-05 18:21:35 UTC,P,,,2024-03-01,,,,,J1772,US,,,,Privé,,private,,,FACTORY,,,,,,,,,,,,,,,,,,,,,,,,,LD,false,
ELEC,Gsk 3736 Mount Vernon Blvd.,3736 Mount Vernon Blvd,,Norton,OH,44203,,,E,,Private,Contact site for information,A ANDROID_PAY APPLE_PAY CREDIT D M,,,,,1,,,AMPUP,https://ampup.io,GPS,41.0308424,-81.6306296,2024-05-09,335413,2026-08-05 18:21:35 UTC,P,,,2024-02-27,,,,,J1772,US,,,,Privé,,private,,,OFFICE_BLDG,,,,,,,,,,,,,,,,,,,,,,,,,LD,false,
ELEC,Cmh1,870 Corduroy Rd Suite 200,,Lewis Center,OH,43035,,,E,,Private,Contact site for information,A ANDROID_PAY APPLE_PAY CREDIT D M,,,,,4,,,AMPUP,https://ampup.io,GPS,40.1872738,-83.0137804,2024-05-09,335427,2026-08-05 18:21:35 UTC,P,,,2024-02-27,,,,,J1772,US,,,,Privé,,private,,,OFFICE_BLDG,,,,,,,,,,,,,,,,,,,,,,,,,LD,false,
ELEC,Fleet Management,1010 Ottawa St,,Dayton,OH,45402,,,E,,Private,Contact site for information,A ANDROID_PAY APPLE_PAY CREDIT D M,,,,,1,,,AMPUP,https://ampup.io,GPS,39.7707414,-84.1661616,2024-05-09,335441,2026-08-05 18:21:35 UTC,P,,,2024-02-15,,,,,J1772,US,,,,Privé,,private,,,MUNI_GOV,,,,,,,,,,,,,,,,,,,,,,,,,LD,false,
ELEC,Waste Collection,1010 Ottawa St,,Dayton,OH,45402,,,E,,Private,Contact site for information,A ANDROID_PAY APPLE_PAY CREDIT D M,,,,,2,,,AMPUP,https://ampup.io,GPS,39.7707414,-84.1661616,2024-05-09,335446,2026-08-05 18:21:35 UTC,P,,,2024-02-09,,,,,J1772,US,,,,Privé,,private,,,MUNI_GOV,,,,,,,,,,,,,,,,,,,,,,,,,LD,false,
ELEC,St Maintenance,911 E Monument Ave,,Dayton,OH,45402,,,E,,Private,Contact site for information,A ANDROID_PAY APPLE_PAY CREDIT D M,,,,,2,,,AMPUP,https://ampup.io,GPS,39.7667831,-84.1764008,2024-05-09,335450,2026-08-05 18:21:35 UTC,P,,,2024-02-07,,,,,J1772,US,,,,Privé,,private,,,MUNI_GOV,,,,,,,,,,,,,,,,,,,,,,,,,LD,false,
ELEC,GRAHAM TOYOTA CT4K 1,1515 W 4th St,,Mansfield,OH,44906,,888-758-4389,E,,Public,24 hours daily,,,,,,2,,,ChargePoint Network,https://www.chargepoint.com,GPS,40.767803,-82.56481,2026-08-19,335481,2026-08-19 02:20:02 UTC,,,,2024-05-04,,,,,J1772,US,,,,Public,,public,,,,,,,,,,,,,,,,,,,,false,,,,,,,,,false,
ELEC,MIAMISBURG 1,1 Water Street,Next to the playground,Miamisburg,OH,45342,,888-758-4389,E,,Public,24 hours daily,,,,,,2,,,ChargePoint Network,https://www.chargepoint.com,GPS,39.64125,-84.290331,2026-08-19,335512,2026-08-19 02:33:23 UTC,,,,2024-05-04,,,,,J1772,US,,,,Public,,public,,,,,,,,,,,,,,,,,,,,false,,,,,,,,,false,
ELEC,MIAMISBURG 2,1 Water Street,Next to the playground,Miamisburg,OH,45342,,888-758-4389,E,,Public,24 hours daily,,,,,,2,,,ChargePoint Network,https://www.chargepoint.com,GPS,39.641264,-84.290368,2026-08-19,335513,2026-08-19 02:33:23 UTC,,,,2024-05-04,,,,,J1772,US,,,,Public,,public,,,,,,,,,,,,,,,,,,,,false,,,,,,,,,false,
ELEC,FOUR SEASON APARTMENTS,26600 George Zeiger Dr,,Beachwood,OH,44122,,833-789-1400,E,,Public,24 hours daily,,,,,,1,,,CHARGEUP,https://novacharge.net/chargeup/,GPS,41.496272,-81.4898,2026-08-19,335542,2026-08-19 03:57:46 UTC,,,,2024-05-05,,,,,J1772,US,,,,Public,,public,,,,,,,,,,,,,,,,,,,,false,,,,,,,,,false,
ELEC,University of Mount Union,1972 clark ave,,Alliance,OH,44601,,888-356-8911,E,,Public,24 hours daily,,,,,,4,,,FLO,https://www.flo.com,GPS,40.901885,-81.107559,2026-08-19,335709,2026-08-19 04:05:04 UTC,,,,2024-05-07,,,,,J1772,US,,,,Public,,public,,,,,,,,,,,,,,,,,,,,false,,,,,,,,,false,
ELEC,Kettering Health Miamisburg,4000 Miamisburg Centerville Road,,Miamisburg,OH,45342,,888-998-2546,E,,Public,24 hours daily,,,,,,8,,,Blink Network,https://blinkcharging.com,GPS,39.63726,-84.24902,2026-08-19,335719,2026-08-19 00:29:05 UTC,,,,2024-05-07,,,,,J1772,US,,,,Public,,public,,,,,,,,,,,,,,,,,,,,false,,,,,,,,,false,
ELEC,SWTCH Energy Inc.,160 Wilson Bridge Rd,,Columbus,OH,43085,,844-798-2438,E,,Public,24 hours daily,A D Debit M V,,,,,1,,,SWTCH,https://swtchenergy.com,GPS,40.10960007,-83.01119995,,341787,2024-05-08 15:49:07 UTC,P,,,2024-04-04,,,,,J1772,US,,,,Public,,public,,,PARKING_LOT,,,,,,,$0.28 per kWh,,,,,,,,,,false,,,,,,,,LD,false,
ELEC,SWTCH Energy Inc.,365 E Liberty St,,Wooster,OH,44691,,,E,,Public,24 hours daily,A D Debit M V,,,,,2,,,SWTCH,https://swtchenergy.com,GPS,40.79859924,-81.93540192,,341817,2024-05-08 15:49:07 UTC,P,,,2024-03-26,,,,,J1772,US,,,,Public,,public,,,MULTI_UNIT_DWELLING,,,,,,,Free,,,,,,,,,,false,,,,,,,,LD,false,
ELEC,SWTCH Energy Inc.,409 E Monument Ave,,Dayton,OH,45402,,,E,,Public,24 hours daily,A D Debit M V,,,,,2,,,SWTCH,https://swtchenergy.com,GPS,39.76520157,-84.186203,,341822,2024-05-08 15:49:07 UTC,P,,,2024-04-04,,,,,J1772,US,,,,Public,,public,,,MULTI_UNIT_DWELLING,,,,,,,$0.9 per hour,,,,,,,,,,false,,,,,,,,LD,false,
ELEC,SWTCH Energy Inc.,69 N South St,,Wilmington,OH,45177,,,E,,Public,24 hours daily,A D Debit M V,,,,,6,,,SWTCH,https://swtchenergy.com,GPS,39.44630051,-83.82879639,,341843,2024-05-08 15:49:07 UTC,P,,,2024-04-03,,,,,J1772,US,,,,Public,,public,,,PARKING_LOT,,,,,,,Free,,,,,,,,,,false,,,,,,,,LD,false,
ELEC,SWTCH Energy Inc.,81 W Main St,,Wilmington,OH,45177,,,E,,Public,24 hours daily,A D Debit M V,,,,,4,,,SWTCH,https://swtchenergy.com,GPS,39.4455986,-83.82990265,,341856,2024-05-08 15:49:07 UTC,P,,,2024-04-03,,,,,J1772,US,,,,Public,,public,,,PARKING_LOT,,,,,,,Free,,,,,,,,,,false,,,,,,,,LD,false,
ELEC,"KERRY FORD, INC STATION 2",155 West Kemper Road,,Cincinnati,OH,45246,,888-758-4389,E,,Public,24 hours daily,,,,,,,2,,ChargePoint Network,https://www.chargepoint.com,GPS,39.286334,-84.474111,2026-08-19,346027,2026-08-19 02:33:59 UTC,,,,2024-05-10,,,,,J1772COMBO,US,,,,Public,,public,,,,,,,,,,,,,,,,,,,,false,,,,,,,,,false,
ELEC,Euclid - Kenneth J. Sims Park,23131 Lake Shore Boulevard,,Euclid,OH,44123,,888-356-8911,E,,Public,24 hours daily,,,,,,2,,,FLO,https://www.flo.com,GPS,41.615694,-81.521417,2026-08-19,346107,2026-08-19 04:05:05 UTC,,,,2024-05-11,,,,,J1772,US,,,,Public,,public,,,,,,,,,,,,,,,,,,,,false,,,,,,,,,false,
ELEC,TPS CHARGING EV LAB,3301 Upton Avenue,,Toledo,OH,43613,,888-758-4389,E,,Public,24 hours daily,,,,,,2,,,ChargePoint Network,https://www.chargepoint.com,GPS,41.681647,-83.591404,2026-08-19,346161,2026-08-19 02:34:02 UTC,,,,2024-05-14,,,,,J1772,US,,,,Public,,public,,,,,,,,,,,,,,,,,,,,false,,,,,,,,,false,
ELEC,MURPHY PARK DC #2,47 Murphy Parkway,Murphy Park - Parking Lot,Powell,OH,43065,,888-758-4389,E,,Public,24 hours daily,,,,,,,1,,ChargePoint Network,https://www.chargepoint.com,GPS,40.157114,-83.084273,2026-08-19,346214,2026-08-19 01:35:03 UTC,,,,2024-05-15,,,,,CHADEMO J1772COMBO,US,,,,Public,,public,,,,,,,,,,,,,,,,,,,,false,,,,,,,,,false,
ELEC,MURPHY PARK DC #1,47 Murphy Parkway,Murphy Park - Parking Lot,Powell,OH,43065,,888-758-4389,E,,Public,24 hours daily,,,,,,,1,,ChargePoint Network,https://www.chargepoint.com,GPS,40.157118,-83.084242,2026-08-19,346215,2026-08-19 01:35:03 UTC,,,,2024-05-15,,,,,CHADEMO J1772COMBO,US,,,,Public,,public,,,,,,,,,,,,,,,,,,,,false,,,,,,,,,false,
ELEC,ODRC ORW STATION 1,1479 Collins Ave,--,Marysville,OH,43040,,888-758-4389,E,,Public,24 hours daily,,,,,,2,,,ChargePoint Network,https://www.chargepoint.com,GPS,40.224313,-83.392994,2026-08-19,346484,2026-08-19 02:26:08 UTC,,,,2024-05-18,,,,,J1772,US,,,,Public,,public,,,,,,,,,,,,,,,,,,,,false,,,,,,,,,false,
ELEC,ODRC ORW STATION 2,1479 Collins Ave,,Marysville,OH,43040,,888-758-4389,E,,Public,24 hours daily,,,,,,2,,,ChargePoint Network,https://www.chargepoint.com,GPS,40.224132,-83.392967,2026-08-19,346486,2026-08-19 02:29:31 UTC,,,,2024-05-18,,,,,J1772,US,,,,Public,,public,,,,,,,,,,,,,,,,,,,,false,,,,,,,,,false,
ELEC,"KINGS FORD, INC FORD L2 PUBLIC2",9555 Kings Auto Mall Road,The station is in the back of parking lot,Cincinnati,OH,45249,,888-758-4389,E,,Public,24 hours daily,,,,,,2,,,ChargePoint Network,https://www.chargepoint.com,GPS,39.295824,-84.307415,2026-08-19,346562,2026-08-19 02:31:08 UTC,,,,2024-05-21,,,,,J1772,US,,,,Public,,public,,,,,,,,,,,,,,,,,,,,false,,,,,,,,,false,
ELEC,"KINGS FORD, INC FORD L2 PUBLIC1",9555 Kings Auto Mall Road,The station is in the back parking lot,Cincinnati,OH,45249,,888-758-4389,E,,Public,24 hours daily,,,,,,2,,,ChargePoint Network,https://www.chargepoint.com,GPS,39.295838,-84.307422,2026-08-19,346563,2026-08-19 02:31:09 UTC,,,,2024-05-21,,,,,J1772,US,,,,Public,,public,,,,,,,,,,,,,,,,,,,,false,,,,,,,,,false,
ELEC,EASTON EAST GAR CPE-1,117 Easton Station,,Columbus,OH,43219,,888-758-4389,T,2026-08-05,TEMPORARILY UNAVAILABLE (Public),24 hours daily,,,,,,,1,,ChargePoint Network,https://www.chargepoint.com,GPS,40.05102,-82.914222,2026-08-19,346599,2026-08-19 02:34:27 UTC,,,,2024-05-21,,,,,J1772COMBO,US,,,,TEMPORAIREMENT SUSPENDU (Public),,public,,,,,,,,,,,,,,,,,,,,false,,,,,,,,,false,
ELEC,EASTON WEST GAR CPE-1,167 Easton Town Ctr,,Columbus,OH,43219,,888-758-4389,E,,Public,24 hours daily,,,,,,,1,,ChargePoint Network,https://www.chargepoint.com,GPS,40.051231,-82.916416,2026-08-19,346606,2026-08-19 02:34:29 UTC,,,,2024-05-21,,,,,J1772COMBO,US,,,,Public,,public,,,,,,,,,,,,,,,,,,,,false,,,,,,,,,false,
ELEC,EASTON WEST GAR CPE-2,167 Easton Town Ctr,To the right of the town center building entrance,Columbus,OH,43219,,888-758-4389,E,,Public,24 hours daily,,,,,,,1,,ChargePoint Network,https://www.chargepoint.com,GPS,40.051034,-82.91616,2026-08-19,346607,2026-08-19 02:34:29 UTC,,,,2024-05-21,,,,,CHADEMO J1772COMBO,US,,,,Public,,public,,,,,,,,,,,,,,,,,,,,false,,,,,,,,,false,
ELEC,Innovatures,7428 Tylersville Rd,,West Chester Twp,OH,45069,,800-636-0986,E,,Public,,,,,,,,4,,CHARGELAB,https://chargelab.co,GPS,39.354572,-84.371022,2026-08-19,347088,2026-08-19 05:24:53 UTC,,,,2024-05-23,,,,,J1772COMBO,US,,,,Public,,public,,,,,,,,,,,,,,,,,,,,false,,,,,,,,,false,
ELEC,ED-LOT GRADYHOSPITAL2,641 W Central Ave,,Delaware,OH,43015,,888-758-4389,E,,Public,24 hours daily,,,,,,2,,,ChargePoint Network,https://www.chargepoint.com,GPS,40.306139,-83.090936,2026-08-19,347140,2026-08-19 02:34:21 UTC,,,,2024-05-31,,,,,J1772,US,,,,Public,,public,,,,,,,,,,,,,,,,,,,,false,,,,,,,,,false,
ELEC,ED-LOT GRADYHOSPITAL1,641 W Central Ave,,Delaware,OH,43015,,888-758-4389,E,,Public,24 hours daily,,,,,,2,,,ChargePoint Network,https://www.chargepoint.com,GPS,40.306139,-83.090936,2026-08-19,347141,2026-08-19 02:34:21 UTC,,,,2024-05-31,,,,,J1772,US,,,,Public,,public,,,,,,,,,,,,,,,,,,,,false,,,,,,,,,false,
ELEC,Holiday Inn Express & Suites Lima - Tesla Destination,1925 Motel Ave,,Lima,OH,45804,,877-798-3752,E,,Public,,A D Debit M V,,,,,4,,,Tesla Destination,https://www.tesla.com/destination-charging,GPS,40.726438,-84.07079,2024-07-01,347202,2025-02-12 00:16:32 UTC,P,,,2024-05-30,,,,,J1772 TESLA,US,,,,Public,,public,,,HOTEL,,,,,,,,,,,,,,,,,false,,,,,,,,LD,false,
ELEC,Holiday Inn Express And Suites Cincinnati-Mason - Tesla Destination,5100 Natorp Blvd,,Mason,OH,45040,,877-798-3752,E,,Public,,A D Debit M V,,,,,4,,,Tesla Destination,https://www.tesla.com/destination-charging,GPS,39.301644,-84.316972,2024-07-01,347203,2025-02-12 00:16:32 UTC,P,,,2024-05-30,,,,,J1772,US,,,,Public,,public,,,HOTEL,,,,,,,,,,,,,,,,,false,,,,,,,,LD,false,
ELEC,LAKEWOOD LKWD PARK SOUTH,14523 Lake Avenue,Across from the pool,Lakewood,OH,44107,,888-758-4389,E,,Public,24 hours daily,,,,,,2,,,ChargePoint Network,https://www.chargepoint.com,GPS,41.494865,-81.796982,2026-08-19,347273,2026-08-19 02:35:06 UTC,,,,2024-06-01,,,,,J1772,US,,,,Public,,public,,,,,,,,,,,,,,,,,,,,false,,,,,,,,,false,
ELEC,LAKEWOOD LKWD PARK NORTH,14532 Lake Avenue,Across from the pool,Lakewood,OH,44107,,888-758-4389,E,,Public,24 hours daily,,,,,,2,,,ChargePoint Network,https://www.chargepoint.com,GPS,41.494937,-81.797007,2026-08-19,347274,2026-08-19 02:35:06 UTC,,,,2024-06-01,,,,,J1772,US,,,,Public,,public,,,,,,,,,,,,,,,,,,,,false,,,,,,,,,false,
ELEC,M-B HUDSON MBOC FAST CHG,8727 Montgomery Road,,Cincinnati,OH,45236,,888-758-4389,E,,Public,Mon: 7:30am-8:00pm; Tue: 7:30am-8:00pm; Wed: 7:30am-8:00pm; Thu: 7:30am-8:00pm; Fri: 7:30am-8:00pm; Sat: 8:00am-5:00pm,,,,,,,1,,ChargePoint Network,https://www.chargepoint.com,GPS,39.214297,-84.35941,2026-08-19,347408,2026-08-19 02:33:48 UTC,,,,2024-06-05,,,,,CHADEMO J1772COMBO,US,,,,Public,,public,,,,,,,,,,,,,,,,,,,,false,,,,,,,,,false,
ELEC,"Cleveland, OH - W 150th Street - Tesla Supercharger",4277 W 150th St,,Cleveland,OH,44135,,877-798-3752,E,,Public,24 hours daily. NACS partner enabled.,A D Debit M V,,,,,,12,,Tesla,https://www.tesla.com/supercharger,GPS,41.437979,-81.800588,2026-06-18,347649,2026-06-18 14:46:21 UTC,P,,,2024-06-11,,,,,TESLA,US,,,,Public,,public,,,HOTEL,,,,,,,,,,,,,,,,,false,,,,,,,,LD,true,
ELEC,Flying J 697,2226 North Main Street,,Hubbard,OH,44425,,877-455-3833,E,,Public,24 hours daily,,,,,,,4,,eVgo Network,https://www.evgo.com,GPS,41.1823755,-80.568997,2026-08-18,347667,2026-08-18 23:59:50 UTC,,,,2024-06-13,,,,,J1772COMBO,US,,,,Public,,public,,,,,,,,,,,,,,,,,,,,false,,,,,,,,,false,
ELEC,Pilot Travel Center 455,488 State Route 61,,Marengo,OH,43334,,877-455-3833,E,,Public,24 hours daily,,,,,,,6,,eVgo Network,https://www.evgo.com,GPS,40.3712024,-82.8309515,2026-08-19,347668,2026-08-19 00:02:18 UTC,,,,2024-06-13,,,,,J1772COMBO,US,,,,Public,,public,,,,,,,,,,,,,,,,,,,,false,,,,,,,,,false,NEVI
ELEC,"KERRY FORD, INC FORD ISLAND #1",155 West Kemper Road,Charging Island,Cincinnati,OH,45246,,888-758-4389,E,,Public,24 hours daily,,,,,,2,,,ChargePoint Network,https://www.chargepoint.com,GPS,39.286281,-84.474136,2026-08-19,347817,2026-08-19 02:35:22 UTC,,,,2024-06-14,,,,,J1772,US,,,,Public,,public,,,,,,,,,,,,,,,,,,,,false,,,,,,,,,false,
ELEC,NCEC-ATTICA NCE DC 62,350 Stump Pike Rd,Parking Lot,Attica,OH,44807,,888-758-4389,E,,Public,24 hours daily,,,,,,,1,,ChargePoint Network,https://www.chargepoint.com,GPS,41.065811,-82.900935,2026-08-19,347818,2026-08-19 02:35:22 UTC,,,,2024-06-14,,,,,CHADEMO J1772COMBO,US,,,,Public,,public,,,,,,,,,,,,,,,,,,,,false,,,,,,,,,false,
ELEC,CLEVELAND FLEET AIPORT RED LOT,5300 Riverside Drive,,Cleveland,OH,44135,,888-758-4389,E,,Public,24 hours daily,,,,,,2,,,ChargePoint Network,https://www.chargepoint.com,GPS,41.41225,-81.835495,2026-08-19,347990,2026-08-19 02:35:33 UTC,,,,2024-06-15,,,,,J1772,US,,,,Public,,public,,,,,,,,,,,,,,,,,,,,false,,,,,,,,,false,
ELEC,1031 Cambridge Station Rd,1031 Cambridge Station Rd,,Dayton,OH,45458,,866-816-7584,E,,Public,24 hours daily,,,,,,1,,,EV Connect,https://www.evconnect.com,GPS,39.626351,-84.19162,2026-08-19,348011,2026-08-19 03:46:22 UTC,,,,2024-06-15,,,,,J1772,US,,,,Public,,public,,,,,,,,,,,,,,,,,,,,false,,,,,,,,,false,
ELEC,BROOKWOOD POINT CT 4000 #1,2687 E Livingston Ave,,Columbus,OH,43209,,888-758-4389,E,,Public,24 hours daily,,,,,,2,,,ChargePoint Network,https://www.chargepoint.com,GPS,39.946364,-82.925516,2026-08-19,348049,2026-08-19 02:33:42 UTC,,,,2024-06-18,,,,,J1772,US,,,,Public,,public,,,,,,,,,,,,,,,,,,,,false,,,,,,,,,false,
ELEC,Foster Cadillac,2504 HAYES AVE.,,SANDUSKY,OH,44870,,866-816-7584,E,,Public,24 hours daily,,,,,,,1,,EV Connect,https://www.evconnect.com,GPS,41.430631,-82.715438,2026-08-19,348139,2026-08-19 03:45:09 UTC,,,,2024-06-19,,,,,J1772COMBO,US,,,,Public,,public,,,,,,,,,,,,,,,,,,,,false,,,,,,,,,false,
ELEC,Antonio's Pizzeria LoSchiavo - Tesla Destination,1350 W Royalton Rd,,Broadview Heights,OH,44147,,877-798-3752,E,,Public,,A D Debit M V,,,,,6,,,Tesla Destination,https://www.tesla.com/destination-charging,GPS,41.314401,-81.688879,2024-07-01,348236,2025-02-12 00:16:32 UTC,P,,,2024-06-17,,,,,TESLA,US,,,,Public,,public,,,RESTAURANT,,,,,,,,,,,,,,,,,false,,,,,,,,LD,false,
ELEC,Ohio Center Garage,400 N High St,,Columbus,OH,43215,,614-420-5233,E,,Public,24 hours daily,A D Debit M V,,,,,10,,,Non-Networked,,GPS,39.971065330983,-82.999739999484,2024-07-11,348250,2026-07-10 16:32:31 UTC,P,,,2024-06-17,,,,,J1772,US,,,,Public,,public,,,PARKING_GARAGE,,,,,,,Free,,,,,,,,,,false,,,,,,,,LD,false,
ELEC,First Presbyterian Church - Granville,110 W Broadway,,Granville,OH,43023,,888-385-6671,E,,Public - Credit card at all times,24 hours daily,A ACCOUNT_BALANCE ANDROID_PAY APPLE_PAY D M V,,,,,2,,,LOOP,https://loopglobal.com,GPS,40.06882,-82.52049,2026-07-15,348775,2026-07-15 18:38:56 UTC,P,,,2022-08-03,,,,,J1772,US,,,,Public - Carte de crédit en tout temps,,public,CREDIT_CARD_ALWAYS,,PLACE_OF_WORSHIP,,,,,,,$1 activation fee; $0.15 per kWh,,,,,,,,,,false,,,,,,,,LD,false,
ELEC,BEAVERCREEK  CPF 50-1,2170 Heller Dr,,Dayton,OH,45434,,888-758-4389,E,,Public,24 hours daily,,,,,,1,,,ChargePoint Network,https://www.chargepoint.com,GPS,39.707292,-84.016452,2026-08-19,348918,2026-08-19 02:27:48 UTC,,,,2024-06-21,,,,,J1772,US,,,,Public,,public,,,,,,,,,,,,,,,,,,,,false,,,,,,,,,false,
ELEC,Casey's #3535 - Cridersville,100 S Dixie Hwy,,Cridersville,OH,45806,,800-489-1588,E,,Public,24 hours daily,,,,,,,4,,FCN,https://francisenergy.com,GPS,40.6542681,-84.1342305,2026-08-19,349147,2026-08-19 04:01:24 UTC,,,,2024-06-25,,,,,J1772COMBO,US,,,,Public,,public,,,,,,,,,,,,,,,,,,,,false,,,,,,,,,false,NEVI
ELEC,Germain Ford of Columbus - L2,7250 Sawmill Road,,Columbus,OH,43235,,888-998-2546,E,,Public,24 hours daily,,,,,,2,,,Blink Network,https://blinkcharging.com,GPS,40.11341677620027,-83.08928411714668,2026-08-19,349598,2026-08-19 00:54:00 UTC,,,,2023-10-26,,,,,J1772,US,,,,Public,,public,,,,,,,,,,,,,,,,,,,,false,,,,,,,,,false,
ELEC,Germain Ford of Columbus - DCFC,7250 Sawmill Road,,Columbus,OH,43235,,888-998-2546,E,,Public,24 hours daily,,,,,,,6,,Blink Network,https://blinkcharging.com,GPS,40.11341677620027,-83.08928411714668,2026-08-19,349599,2026-08-19 00:29:46 UTC,,,,2023-10-23,,,,,J1772COMBO,US,,,,Public,,public,,,,,,,,,,,,,,,,,,,,false,,,,,,,,,false,
ELEC,GRAHAM HYUNDAI EV 1,1515 West 4th Street,Hyundai Showroom,Mansfield,OH,44906,,888-758-4389,E,,Public,24 hours daily,,,,,,,1,,ChargePoint Network,https://www.chargepoint.com,GPS,40.767619,-82.564532,2026-08-19,349609,2026-08-19 02:34:36 UTC,,,,2024-06-28,,,,,CHADEMO J1772COMBO,US,,,,Public,,public,,,,,,,,,,,,,,,,,,,,false,,,,,,,,,false,
ELEC,GRAHAM HYUNDAI EV 2,1515 West 4th Street,Hyundai Showroom,Mansfield,OH,44906,,888-758-4389,E,,Public,24 hours daily,,,,,,,1,,ChargePoint Network,https://www.chargepoint.com,GPS,40.767669,-82.564528,2026-08-19,349610,2026-08-19 02:34:38 UTC,,,,2024-06-28,,,,,CHADEMO J1772COMBO,US,,,,Public,,public,,,,,,,,,,,,,,,,,,,,false,,,,,,,,,false,
ELEC,TPS CHARGING TPS-BOE,1609 North Summit Street,,Toledo,OH,43604,,888-758-4389,E,,Public,24 hours daily,,,,,,,1,,ChargePoint Network,https://www.chargepoint.com,GPS,41.662066,-83.517321,2026-08-19,349831,2026-08-19 02:36:17 UTC,,,,2024-07-02,,,,,CHADEMO J1772COMBO,US,,,,Public,,public,,,,,,,,,,,,,,,,,,,,false,,,,,,,,,false,
ELEC,SCC. CENTERVILE EAST,444 W Third s,,Dayton,OH,45402,,888-758-4389,E,,Public,24 hours daily,,,,,,2,,,ChargePoint Network,https://www.chargepoint.com,GPS,39.757135,-84.200218,2026-08-19,349880,2026-08-19 02:35:05 UTC,,,,2024-07-03,,,,,J1772,US,,,,Public,,public,,,,,,,,,,,,,,,,,,,,false,,,,,,,,,false,
ELEC,SCC. CENTERVILE WEST,444 East Third st,,Downtown,OH,45402,,888-758-4389,E,,Public,24 hours daily,,,,,,2,,,ChargePoint Network,https://www.chargepoint.com,GPS,39.757126,-84.200272,2026-08-19,349881,2026-08-19 02:35:05 UTC,,,,2024-07-03,,,,,J1772,US,,,,Public,,public,,,,,,,,,,,,,,,,,,,,false,,,,,,,,,false,
ELEC,Dollar General - Byesville,205 Main St,,Byesville,OH,43723,,800-489-1588,E,,Public,24 hours daily,,,,,,,4,,FCN,https://francisenergy.com,GPS,39.9699006,-81.5340577,2026-08-19,349994,2026-08-19 04:01:24 UTC,,,,2024-07-04,,,,,J1772COMBO,US,,,,Public,,public,,,,,,,,,,,,,,,,,,,,false,,,,,,,,,false,NEVI
ELEC,RICART Auto Mall DCFC,4255 South Hamilton Road,,Groveport,OH,43125,,888-998-2546,E,,Public,24 hours daily,,,,,,,4,,Blink Network,https://blinkcharging.com,GPS,39.888127,-82.888653,2026-08-19,350008,2026-08-19 00:14:56 UTC,,,,2023-11-29,,,,,J1772COMBO,US,,,,Public,,public,,,,,,,,,,,,,,,,,,,,false,,,,,,,,,false,
ELEC,Ricart Megamall,4255 South Hamilton Road,,Groveport,OH,43125,,888-998-2546,E,,Public,24 hours daily,,,,,,12,,,Blink Network,https://blinkcharging.com,GPS,39.889567564474035,-82.88748881715767,2026-08-19,350009,2026-08-19 00:16:27 UTC,,,,2022-12-10,,,,,J1772,US,,,,Public,,public,,,,,,,,,,,,,,,,,,,,false,,,,,,,,,false,
ELEC,Jon Thomas Salon.,801 Shroyer Road,,Dayton,OH,45419,,888-998-2546,T,2026-05-25,TEMPORARILY UNAVAILABLE (Public),24 hours daily,,,,,,2,,,Blink Network,https://blinkcharging.com,GPS,39.7234616,-84.1610729,2026-08-19,350035,2026-08-19 00:36:09 UTC,,,,2022-11-02,,,,,J1772,US,,,,TEMPORAIREMENT SUSPENDU (Public),,public,,,,,,,,,,,,,,,,,,,,false,,,,,,,,,false,
ELEC,"New Albany, OH - Tesla Supercharger",6229 E Dublin Granville Rd,,New Albany,OH,43054,,877-798-3752,E,,Public,24 hours daily. NACS partner enabled.,A D Debit M V,,,,,,8,,Tesla,https://www.tesla.com/supercharger,GPS,40.077721,-82.850988,2026-06-18,350093,2026-06-18 14:46:21 UTC,P,,,2024-07-03,,,,,TESLA,US,,,,Public,,public,,,GAS_STATION,,,,,,,,,,,,,,,,,false,,,,,,,,LD,true,
ELEC,Mathews Ford S7,610 East Perkins Avenue,,Sandusky,OH,44870,,888-998-2546,E,,Public,24 hours daily,,,,,,4,,,Blink Network,https://blinkcharging.com,GPS,41.43256,-82.691232,2026-08-19,350116,2026-08-19 00:35:35 UTC,,,,2024-02-08,,,,,J1772,US,,,,Public,,public,,,,,,,,,,,,,,,,,,,,false,,,,,,,,,false,
ELEC,Hinderer Honda Heath DCFC's,1515 Hebron Road,,Heath,OH,43056,,888-998-2546,E,,Public,24 hours daily,,,,,,,3,,Blink Network,https://blinkcharging.com,GPS,40.010376865866974,-82.46176797482138,2026-08-19,350118,2026-08-19 00:38:03 UTC,,,,2023-11-27,,,,,J1772COMBO,US,,,,Public,,public,,,,,,,,,,,,,,,,,,,,false,,,,,,,,,false,
ELEC,Ohio Electric Services - Series,1555 Stanley Avenue,,Dayton,OH,45404,,888-998-2546,E,,Public,24 hours daily,,,,,,4,,,Blink Network,https://blinkcharging.com,GPS,39.78645924385159,-84.19324082192422,2026-08-19,350120,2026-08-19 00:17:54 UTC,,,,2022-08-22,,,,,J1772,US,,,,Public,,public,,,,,,,,,,,,,,,,,,,,false,,,,,,,,,false,
ELEC,Germain Volkswagen of Westerville - DCFC,750 Polaris Parkway,,Westerville,OH,43082,,888-998-2546,E,,Public,24 hours daily,,,,,,,4,,Blink Network,https://blinkcharging.com,GPS,40.146789146924014,-82.95536071534164,2026-08-19,350121,2026-08-19 00:41:35 UTC,,,,2024-05-17,,,,,J1772COMBO,US,,,,Public,,public,,,,,,,,,,,,,,,,,,,,false,,,,,,,,,false,
ELEC,Bob Boyd Ford - L2,2840 North Columbus Street,,Lancaster,OH,43130,,888-998-2546,E,,Public,24 hours daily,,,,,,6,,,Blink Network,https://blinkcharging.com,GPS,39.746567110162566,-82.6475002,2026-08-19,350122,2026-08-19 00:17:26 UTC,,,,2024-04-25,,,,,J1772,US,,,,Public,,public,,,,,,,,,,,,,,,,,,,,false,,,,,,,,,false,
ELEC,Peak 10 Park Lane Garage,531 Belmonte Park North,,Dayton,OH,45405,,888-998-2546,E,,Public,24 hours daily,,,,,,4,,,Blink Network,https://blinkcharging.com,GPS,39.7671502,-84.2041258,2026-08-19,350125,2026-08-19 00:44:04 UTC,,,,2022-06-14,,,,,J1772,US,,,,Public,,public,,,,,,,,,,,,,,,,,,,,false,,,,,,,,,false,
ELEC,Baldwin Wallace University - 139 Tressel Street,139 Tressel Street,,Berea,OH,44017,,888-998-2546,E,,Public,24 hours daily,,,,,,2,,,Blink Network,https://blinkcharging.com,GPS,41.37063915795192,-81.84810075767038,2026-08-19,350126,2026-08-19 00:45:16 UTC,,,,2023-07-17,,,,,J1772,US,,,,Public,,public,,,,,,,,,,,,,,,,,,,,false,,,,,,,,,false,
ELEC,Ohio Electric Services - DCFC,1555 Stanley Avenue,,Dayton,OH,45404,,888-998-2546,E,,Public,24 hours daily,,,,,,,2,,Blink Network,https://blinkcharging.com,GPS,39.78645924385159,-84.19324082192422,2026-08-19,350127,2026-08-19 00:22:33 UTC,,,,2024-01-22,,,,,J1772COMBO,US,,,,Public,,public,,,,,,,,,,,,,,,,,,,,false,,,,,,,,,false,
ELEC,MATHEWS Ford Sandusky DCFC's,610 East Perkins Avenue,,Sandusky,OH,44870,,888-998-2546,E,,Public,24 hours daily,,,,,,,4,,Blink Network,https://blinkcharging.com,GPS,41.43256,-82.691232,2026-08-19,350130,2026-08-19 00:53:33 UTC,,,,2024-01-23,,,,,J1772COMBO,US,,,,Public,,public,,,,,,,,,,,,,,,,,,,,false,,,,,,,,,false,
ELEC,Bob Boyd Ford - DCFC,2840 North Columbus Street,,Lancaster,OH,43130,,888-998-2546,E,,Public,24 hours daily,,,,,,,4,,Blink Network,https://blinkcharging.com,GPS,39.746567081718005,-82.64753239017351,2026-08-19,350131,2026-08-19 00:53:39 UTC,,,,2024-04-25,,,,,J1772COMBO,US,,,,Public,,public,,,,,,,,,,,,,,,,,,,,false,,,,,,,,,false,
ELEC,Coughlin Ford of Heath - DCFC,500 Hebron Road,,Heath,OH,43056,,888-998-2546,E,,Public,24 hours daily,,,,,,,6,,Blink Network,https://blinkcharging.com,GPS,40.038407381270865,-82.42761604003167,2026-08-19,350132,2026-08-19 00:53:50 UTC,,,,2023-12-14,,,,,J1772COMBO,US,,,,Public,,public,,,,,,,,,,,,,,,,,,,,false,,,,,,,,,false,
ELEC,Baldwin Wallace University - 380 Front Street,380 Front Street,,Berea,OH,44017,,888-998-2546,E,,Public,24 hours daily,,,,,,2,,,Blink Network,https://blinkcharging.com,GPS,41.37515384537967,-81.85258432883519,2026-08-19,350133,2026-08-19 00:54:00 UTC,,,,2023-07-12,,,,,J1772,US,,,,Public,,public,,,,,,,,,,,,,,,,,,,,false,,,,,,,,,false,
ELEC,Peak 10 Executive House,51 Grafton Avenue,,Dayton,OH,45406,,888-998-2546,T,2026-03-31,TEMPORARILY UNAVAILABLE (Public),24 hours daily,,,,,,4,,,Blink Network,https://blinkcharging.com,GPS,39.7651477,-84.2043374,2026-08-19,350135,2026-08-19 00:28:10 UTC,,,,2022-06-14,,,,,J1772,US,,,,TEMPORAIREMENT SUSPENDU (Public),,public,,,,,,,,,,,,,,,,,,,,false,,,,,,,,,false,
ELEC,Mathews Ford - DCFC,1155 Delaware Avenue,,Marion,OH,43302,,888-998-2546,E,,Public,24 hours daily,,,,,,,4,,Blink Network,https://blinkcharging.com,GPS,40.56880974636328,-83.12301503068326,2026-08-19,350138,2026-08-19 00:30:02 UTC,,,,2024-05-03,,,,,J1772COMBO,US,,,,Public,,public,,,,,,,,,,,,,,,,,,,,false,,,,,,,,,false,
ELEC,Peak 10 Riverstone Apartments,111 Grafton Avenue,,Dayton,OH,45406,,888-998-2546,E,,Public,24 hours daily,,,,,,4,,,Blink Network,https://blinkcharging.com,GPS,39.7657716,-84.2047925,2026-08-19,350208,2026-08-19 00:10:35 UTC,,,,2022-06-14,,,,,J1772,US,,,,Public,,public,,,,,,,,,,,,,,,,,,,,false,,,,,,,,,false,
ELEC,Peak 10 Rockwood Garage,515 West Grand Avenue,,Dayton,OH,45405,,888-998-2546,E,,Public,24 hours daily,,,,,,5,,,Blink Network,https://blinkcharging.com,GPS,39.76941,-84.20681,2026-08-19,350211,2026-08-19 00:43:32 UTC,,,,2022-06-14,,,,,J1772,US,,,,Public,,public,,,,,,,,,,,,,,,,,,,,false,,,,,,,,,false,
ELEC,Coughlin Ford Pataskala - DCFC,9800 Worthington Road,,Pataskala,OH,43062,,888-998-2546,E,,Public,24 hours daily,,,,,,,6,,Blink Network,https://blinkcharging.com,GPS,40.07860847158241,-82.67333346132244,2026-08-19,350213,2026-08-19 00:51:02 UTC,,,,2024-04-01,,,,,J1772COMBO,US,,,,Public,,public,,,,,,,,,,,,,,,,,,,,false,,,,,,,,,false,
ELEC,Weekly Electric,1960 Mount Vernon Road,,Newark,OH,43055,,888-998-2546,E,,Public,24 hours daily,,,,,,2,,,Blink Network,https://blinkcharging.com,GPS,40.109826684357834,-82.4270739655706,2026-08-19,350741,2026-08-19 00:40:00 UTC,,,,2023-11-03,,,,,J1772,US,,,,Public,,public,,,,,,,,,,,,,,,,,,,,false,,,,,,,,,false,
ELEC,Trotwood City Hall,3035 Olive Rd,,Trotwood,OH,45426,,,E,,Public,24 hours daily,,,,,,2,,,Non-Networked,,GPS,39.79783852,-84.29341896,2024-08-15,351257,2026-07-09 17:51:32 UTC,P,,,2024-07-11,,,,,J1772,US,,,,Public,,public,,,MUNI_GOV,,,,,,,Free,,,,,,,,,,false,,,,,,,,LD,false,
ELEC,Cronin CDJR,951 West Main Street,,Lebanon,OH,45036,,888-998-2546,E,,Public,24 hours daily,,,,,,2,2,,Blink Network,https://blinkcharging.com,GPS,39.433963,-84.223383,2026-08-19,351447,2026-08-19 00:47:22 UTC,,,,2024-07-22,,,,,J1772 J1772COMBO,US,,,,Public,,public,,,,,,,,,,,,,,,,,,,,false,,,,,,,,,false,
ELEC,MARYSVILLECITY CITY HL PRK LT1,118 W 7th St,,Marysville,OH,43040,,888-758-4389,E,,Public,24 hours daily,,,,,,2,,,ChargePoint Network,https://www.chargepoint.com,GPS,40.23467,-83.367837,2026-08-19,351502,2026-08-19 02:37:29 UTC,,,,2024-07-25,,,,,J1772,US,,,,Public,,public,,,,,,,,,,,,,,,,,,,,false,,,,,,,,,false,
ELEC,Spitzer Auto,10535 Mahoning Ave,,North Jackson,OH,44451,,833-611-5965,E,,Public,24 hours daily,,,,,,,2,,VIALYNK,https://www.lynkwell.com,GPS,41.09988,-80.84919,2026-08-19,351664,2026-08-19 04:37:59 UTC,,,,2024-07-27,,,,,J1772COMBO,US,,,,Public,,public,,,,,,,,,,,,,,,,,,,,false,,,,,,,,,false,
ELEC,Longshore Parking Garage,6650 Longshore St,,Dublin,OH,43017,,614-333-6415,E,,Public,24 hours daily,,,,,,10,,,Non-Networked,,GPS,40.10308836,-83.1095701,2026-07-15,351674,2026-07-15 18:38:56 UTC,P,,,2024-07-19,,,,,J1772,US,,,,Public,,public,,,PARKING_GARAGE,,,,,,,Free,,,,,,,,,,false,,,,,,,,LD,false,
ELEC,Mooney Parking Garage,6568 Longshore St,,Dublin,OH,43017,,614-333-6415,E,,Public,24 hours daily,,,,,,12,,,Non-Networked,,GPS,40.10170404,-83.1093145,2024-08-15,351675,2025-02-12 00:16:32 UTC,P,,,2024-07-19,,,,,J1772,US,,,,Public,,public,,,PARKING_GARAGE,,,,,,,Free,,,,,,,,,,false,,,,,,,,LD,false,
ELEC,The Theodore Parking Garage,6640 Mooney St,,Dublin,OH,43017,,614-333-6415,E,,Public,24 hours daily,,,,,,12,,,Non-Networked,,GPS,40.10320128,-83.10786863,2024-08-15,351676,2025-02-12 00:16:32 UTC,P,,,2024-07-19,,,,,J1772,US,,,,Public,,public,,,PARKING_GARAGE,,,,,,,Free,,,,,,,,,,false,,,,,,,,LD,false,
ELEC,The Residences at Sara Crossing,3619 Adams Loop West,,Powell,OH,43065,,888-998-2546,E,,Public,24 hours daily,,,,,,2,,,Blink Network,https://blinkcharging.com,GPS,40.1583988,-83.08962099,2026-08-19,351698,2026-08-19 00:36:47 UTC,,,,2024-06-25,,,,,J1772,US,,,,Public,,public,,,,,,,,,,,,,,,,,,,,false,,,,,,,,,false,
ELEC,Estle Cadillac,1515 N. Clinton St.,,Defiance,OH,43512,,866-816-7584,E,,Public,24 hours daily,,,,,,,2,,EV Connect,https://www.evconnect.com,GPS,41.303376,-84.359924,2026-08-19,352024,2026-08-19 03:45:13 UTC,,,,2024-08-02,,,,,J1772COMBO,US,,,,Public,,public,,,,,,,,,,,,,,,,,,,,false,,,,,,,,,false,
ELEC,Brookfield Village Apartments,1950 Sandy Lake Drive,,Grove City,OH,43123,,888-998-2546,E,,Public,24 hours daily,,,,,,4,,,Blink Network,https://blinkcharging.com,GPS,39.912202056817804,-83.09802044602588,2026-08-19,352046,2026-08-19 00:38:54 UTC,,,,2024-04-19,,,,,J1772,US,,,,Public,,public,,,,,,,,,,,,,,,,,,,,false,,,,,,,,,false,
ELEC,Sheetz Store #822 - Reynoldsburg,8555 E Main St,,Reynoldsburg,OH,43068,,866-816-7584,E,,Public,24 hours daily,,,,,,2,,,EV Connect,https://www.evconnect.com,GPS,39.955481,-82.769261,2026-08-19,352172,2026-08-19 03:47:36 UTC,,,,2024-08-07,,,,,J1772,US,,,,Public,,public,,,,,,,,,,,,,,,,,,,,false,,,,,,,,,false,
ELEC,Klaben Ford Warren - DCFC Private,3853 Youngstown Road Southeast,,Warren,OH,44484,,888-998-2546,E,,Public,24 hours daily,,,,,,,2,,Blink Network,https://blinkcharging.com,GPS,41.217739,-80.773486,2026-08-19,352248,2026-08-19 00:51:57 UTC,,,,2024-08-07,,,,,J1772COMBO,US,,,,Public,,public,,,,,,,,,,,,,,,,,,,,false,,,,,,,,,false,
ELEC,Coughlin Ford of Circleville - DCFC,24001 U.S. 23,,Circleville,OH,43113,,888-998-2546,E,,Public,24 hours daily,,,,,,,6,,Blink Network,https://blinkcharging.com,GPS,39.58228391830278,-82.95452627597939,2026-08-19,352370,2026-08-19 00:31:45 UTC,,,,2023-12-14,,,,,J1772COMBO,US,,,,Public,,public,,,,,,,,,,,,,,,,,,,,false,,,,,,,,,false,
ELEC,Coughlin Ford of Circleville - S7,24001 U.S. 23,,Circleville,OH,43113,,888-998-2546,E,,Public,24 hours daily,,,,,,6,,,Blink Network,https://blinkcharging.com,GPS,39.58149049145419,-82.95353234600758,2026-08-19,352372,2026-08-19 00:35:02 UTC,,,,2023-12-20,,,,,J1772,US,,,,Public,,public,,,,,,,,,,,,,,,,,,,,false,,,,,,,,,false,
ELEC,LEE KINSTLE CHEVROLET GMC 650 W Ervin Rd,650 W Ervin Rd,,Van Wert,OH,45891,,866-816-7584,E,,Public,24 hours daily,,,,,,1,1,,EV Connect,https://www.evconnect.com,GPS,40.858447,-84.591686,2026-08-19,352432,2026-08-19 03:47:25 UTC,,,,2024-08-11,,,,,J1772 J1772COMBO,US,,,,Public,,public,,,,,,,,,,,,,,,,,,,,false,,,,,,,,,false,
ELEC,Oberlin PD lot,85 South Main St,,Oberlin,OH,44074,,888-356-8911,E,,Public,24 hours daily,,,,,,,1,,FLO,https://www.flo.com,GPS,41.28944,-82.216002,2026-08-19,352698,2026-08-19 04:05:11 UTC,,,,2024-08-15,,,,,CHADEMO J1772COMBO,US,,,,Public,,public,,,,,,,,,,,,,,,,,,,,false,,,,,,,,,false,
ELEC,MARYSVILLEFLATS STATION 1,1001 Columbus Avenue,By building 830,Marysville,OH,43040,,888-758-4389,E,,Public,24 hours daily,,,,,,2,,,ChargePoint Network,https://www.chargepoint.com,GPS,40.23173,-83.352217,2026-08-19,352980,2026-08-19 01:57:03 UTC,,,,2024-08-17,,,,,J1772,US,,,,Public,,public,,,,,,,,,,,,,,,,,,,,false,,,,,,,,,false,
ELEC,MARYSVILLEFLATS 2- CT4020,429 Homestead Rd,Near rear of the apartment complex,Marysville,OH,43040,,888-758-4389,E,,Public,Mon: 12:00am-11:59pm; Tue: 12:00am-11:59pm; Wed: 12:00am-11:59pm; Thu: 12:00am-11:59pm; Fri: 12:00am-11:59pm; Sat: 12:00am-11:59pm; Sun: 12:00am-11:59pm,,,,,,2,,,ChargePoint Network,https://www.chargepoint.com,GPS,40.230863,-83.355324,2026-08-19,352981,2026-08-19 02:03:54 UTC,,,,2024-08-17,,,,,J1772,US,,,,Public,,public,,,,,,,,,,,,,,,,,,,,false,,,,,,,,,false,
ELEC,MARYSVILLEFLATS 3-CT4020,830 Otway Road,,Marysville,OH,43040,,888-758-4389,E,,Public,Mon: 12:00am-11:59pm; Tue: 12:00am-11:59pm; Wed: 12:00am-11:59pm; Thu: 12:00am-11:59pm; Fri: 12:00am-11:59pm; Sat: 12:00am-11:59pm; Sun: 12:00am-11:59pm,,,,,,2,,,ChargePoint Network,https://www.chargepoint.com,GPS,40.231027,-83.354659,2026-08-19,352982,2026-08-19 02:03:54 UTC,,,,2024-08-17,,,,,J1772,US,,,,Public,,public,,,,,,,,,,,,,,,,,,,,false,,,,,,,,,false,
ELEC,SCC. SCC MASON SOUTH,5386 Courseview Dr,,Mason,OH,45040,,888-758-4389,E,,Public,24 hours daily,,,,,,2,,,ChargePoint Network,https://www.chargepoint.com,GPS,39.353432,-84.268641,2026-08-19,352997,2026-08-19 02:38:00 UTC,,,,2024-08-17,,,,,J1772,US,,,,Public,,public,,,,,,,,,,,,,,,,,,,,false,,,,,,,,,false,
ELEC,SCC. SCC MASON NORTH,5386 Courseview Dr,,Mason,OH,45040,,888-758-4389,E,,Public,24 hours daily,,,,,,2,,,ChargePoint Network,https://www.chargepoint.com,GPS,39.35344,-84.268651,2026-08-19,352998,2026-08-19 02:38:00 UTC,,,,2024-08-17,,,,,J1772,US,,,,Public,,public,,,,,,,,,,,,,,,,,,,,false,,,,,,,,,false,
ELEC,OBE MARRIOTT GENEVL,5327 Spire Circle,"By using this EV charger, you agree OBE Power owns and operates it, keeping all environmental attributes, including carbon credits.",Geneva,OH,44041,,888-758-4389,E,,Public,24 hours daily,,,,,,2,,,ChargePoint Network,https://www.chargepoint.com,GPS,41.773292,-80.944539,2026-08-19,353462,2026-08-19 02:38:32 UTC,,,,2024-08-22,,,,,J1772,US,,,,Public,,public,,,,,,,,,,,,,,,,,,,,false,,,,,,,,,false,
ELEC,OBE MARRIOTT GENEVR,5327 Spire Circle,"By using this EV charger, you agree OBE Power owns and operates it, keeping all environmental attributes, including carbon credits.",Geneva,OH,44041,,888-758-4389,E,,Public,24 hours daily,,,,,,2,,,ChargePoint Network,https://www.chargepoint.com,GPS,41.774005,-80.945246,2026-08-19,353463,2026-08-19 02:38:32 UTC,,,,2024-08-22,,,,,J1772,US,,,,Public,,public,,,,,,,,,,,,,,,,,,,,false,,,,,,,,,false,
ELEC,MITSUBISHI 7C MITSUBISHI MAIN,14 N Anderson Ave,,Youngstown,OH,44515,,888-758-4389,E,,Public,Mon: 6:30am-10:00pm; Tue: 6:30am-10:00pm; Wed: 6:30am-10:00pm; Thu: 6:30am-10:00pm; Fri: 6:30am-10:00pm; Sat: 6:30am-10:00pm; Sun: 6:30am-10:00pm,,,,,,2,,,ChargePoint Network,https://www.chargepoint.com,GPS,41.100719,-80.747637,2026-08-19,353510,2026-08-19 02:28:23 UTC,,,,2024-08-23,,,,,J1772,US,,,,Public,,public,,,,,,,,,,,,,,,,,,,,false,,,,,,,,,false,
ELEC,DOAE JATC DAYTON JATC,6550 Poe Ave,-Far North East End of Building,Dayton,OH,45414,,888-758-4389,E,,Public,24 hours daily,,,,,,2,,,ChargePoint Network,https://www.chargepoint.com,GPS,39.844885,-84.187036,2026-08-19,353529,2026-08-19 02:38:40 UTC,,,,2024-08-23,,,,,J1772,US,,,,Public,,public,,,,,,,,,,,,,,,,,,,,false,,,,,,,,,false,
ELEC,CLASSICTOYOTA CPE250 #1,8510 Tyler Boulevard,,Mentor,OH,44060,,888-758-4389,E,,Public,24 hours daily,,,,,,,1,,ChargePoint Network,https://www.chargepoint.com,GPS,41.684502,-81.334286,2026-08-19,353884,2026-08-19 02:36:37 UTC,,,,2024-08-24,,,,,CHADEMO J1772COMBO,US,,,,Public,,public,,,,,,,,,,,,,,,,,,,,false,,,,,,,,,false,
ELEC,Pilot Travel Center 15,5820 Hagman Road,,Toledo,OH,43612,,877-455-3833,T,2026-06-05,TEMPORARILY UNAVAILABLE (Public),24 hours daily,,,,,,,4,,eVgo Network,https://www.evgo.com,GPS,41.724512,-83.508371,2026-08-18,354301,2026-08-19 00:00:19 UTC,,,,2024-08-29,,,,,J1772COMBO,US,,,,TEMPORAIREMENT SUSPENDU (Public),,public,,,,,,,,,,,,,,,,,,,,false,,,,,,,,,false,NEVI
ELEC,Flying J 695,420 East Main Street,,Beaverdam,OH,45808,,877-455-3833,E,,Public,24 hours daily,,,,,,,4,,eVgo Network,https://www.evgo.com,GPS,40.832697,-83.965987,2026-08-18,354302,2026-08-19 00:00:35 UTC,,,,2024-08-29,,,,,J1772COMBO,US,,,,Public,,public,,,,,,,,,,,,,,,,,,,,false,,,,,,,,,false,NEVI
ELEC,GM DELIVERY DELIVERY BAY,2594 W Michigan St,,Sidney,OH,45365,,888-758-4389,T,2026-07-07,TEMPORARILY UNAVAILABLE (Public),24 hours daily,,,,,,1,,,ChargePoint Network,https://www.chargepoint.com,GPS,40.288649,-84.194279,2026-08-19,354315,2026-08-19 02:16:23 UTC,,,,2024-08-29,,,,,J1772,US,,,,TEMPORAIREMENT SUSPENDU (Public),,public,,,,,,,,,,,,,,,,,,,,false,,,,,,,,,false,
ELEC,HOLOWICKI STATION 1-1,5239 Riggins Rd,,Dublin,OH,43016,,888-758-4389,E,,Public,24 hours daily,,,,,,2,,,ChargePoint Network,https://www.chargepoint.com,GPS,40.06329,-83.159433,2026-08-19,354319,2026-08-19 02:35:59 UTC,,,,2024-08-29,,,,,J1772,US,,,,Public,,public,,,,,,,,,,,,,,,,,,,,false,,,,,,,,,false,
ELEC,OBE THE TOWER,30 South Park Place,"By using this EV charger, you agree OBE Power owns and operates it, keeping all environmental attributes, including carbon credits.",Painesville,OH,44077,,888-758-4389,E,,Public,24 hours daily,,,,,,2,,,ChargePoint Network,https://www.chargepoint.com,GPS,41.723438,-81.244176,2026-08-19,354357,2026-08-19 02:38:58 UTC,,,,2024-08-29,,,,,J1772,US,,,,Public,,public,,,,,,,,,,,,,,,,,,,,false,,,,,,,,,false,
ELEC,Jim Schmidt Chevrolet Of Delphos x,1725 E 5th St,,Delphos,OH,45833,,866-816-7584,E,,Public,24 hours daily,,,,,,,2,,EV Connect,https://www.evconnect.com,GPS,40.845849,-84.319387,2026-08-19,354373,2026-08-19 03:47:37 UTC,,,,2024-08-29,,,,,J1772COMBO,US,,,,Public,,public,,,,,,,,,,,,,,,,,,,,false,,,,,,,,,false,
ELEC,CDJR CHARGE CP6000CUST1,1290 Hebron Road,Front of dealership,Heath,OH,43056,,888-758-4389,E,,Public,24 hours daily,,,,,,2,,,ChargePoint Network,https://www.chargepoint.com,GPS,40.016244,-82.451626,2026-08-19,354424,2026-08-19 02:23:59 UTC,,,,2024-08-30,,,,,J1772,US,,,,Public,,public,,,,,,,,,,,,,,,,,,,,false,,,,,,,,,false,
ELEC,TOMKO POWER LINK 1,33725 Walker Rd,,Avon Lake,OH,44012,,888-758-4389,E,,Public,24 hours daily,,,,,,,1,,ChargePoint Network,https://www.chargepoint.com,GPS,41.492272,-82.060706,2026-08-19,354431,2026-08-19 02:33:33 UTC,,,,2024-08-30,,,,,CHADEMO J1772COMBO,US,,,,Public,,public,,,,,,,,,,,,,,,,,,,,false,,,,,,,,,false,
ELEC,TOMKO POWER LINK 2,33725 Walker Rd,,Avon Lake,OH,44012,,888-758-4389,E,,Public,24 hours daily,,,,,,,1,,ChargePoint Network,https://www.chargepoint.com,GPS,41.492318,-82.060701,2026-08-19,354701,2026-08-19 02:33:33 UTC,,,,2024-08-31,,,,,CHADEMO J1772COMBO,US,,,,Public,,public,,,,,,,,,,,,,,,,,,,,false,,,,,,,,,false,
ELEC,Schneider Park,2130 Astor Ave,,Columbus,OH,43209,,614-559-4200,E,,Public,24 hours daily,A D Debit M V,,,,,2,,,Non-Networked,,GPS,39.95267645,-82.94266577,2026-07-15,355060,2026-07-15 18:38:56 UTC,P,,,2024-09-03,,,,,J1772,US,,,,Public,,public,,,PARK,,,,,,,Free,,,,,,,,,,false,,,,,,,,LD,false,
ELEC,Jeffrey Park,165 N Parkview Ave,,Bexley,OH,43209,,614-559-4200,E,,Public,24 hours daily,A D Debit M V,,,,,2,,,Non-Networked,,GPS,39.97182378,-82.94384117,2026-07-15,355061,2026-07-15 18:38:56 UTC,P,,,2024-09-03,,,,,J1772,US,,,,Public,,public,,,PARK,,,,,,,,,,,,,,,,,false,,,,,,,,LD,false,
ELEC,Duck Island - S7,1920 Abbey Avenue,,Cleveland,OH,44113,,888-998-2546,E,,Public,24 hours daily,,,,,,4,,,Blink Network,https://blinkcharging.com,GPS,41.484743865180384,-81.6986464,2026-08-19,355068,2026-08-19 00:46:47 UTC,,,,2024-02-14,,,,,J1772,US,,,,Public,,public,,,,,,,,,,,,,,,,,,,,false,,,,,,,,,false,
ELEC,JEFF WYLER POWER LINK,1501 Hillcrest Avenue,,Springfield,OH,45504,,888-758-4389,E,,Public,24 hours daily,,,,,,,1,,ChargePoint Network,https://www.chargepoint.com,GPS,39.942357,-83.833992,2026-08-19,355166,2026-08-19 02:39:29 UTC,,,,2024-09-07,,,,,CHADEMO J1772COMBO,US,,,,Public,,public,,,,,,,,,,,,,,,,,,,,false,,,,,,,,,false,
ELEC,CDJR JEFF WYLER EXPRESS PLUS PL,1117 State Rte 32,Customer Facing- Located in one of the existing customer dedicated parking spaces near and just north of the Showroom.,Batavia,OH,45103,,888-758-4389,E,,Public,24 hours daily,,,,,,,1,,ChargePoint Network,https://www.chargepoint.com,GPS,39.090672,-84.250093,2026-08-19,355229,2026-08-19 02:39:32 UTC,,,,2024-09-10,,,,,CHADEMO J1772COMBO,US,,,,Public,,public,,,,,,,,,,,,,,,,,,,,false,,,,,,,,,false,
ELEC,Akron General Medical Center - Akron,1 Akron General Ave,,Akron,OH,44307,,888-998-2546,E,,Public,24 hours daily,,,,,,6,,,Blink Network,https://blinkcharging.com,GPS,41.07827247239359,-81.53257256217839,2026-08-19,355489,2026-08-19 00:45:58 UTC,,,,2024-09-11,,,,,J1772,US,,,,Public,,public,,,,,,,,,,,,,,,,,,,,false,,,,,,,,,false,
ELEC,JEFF WYLER EXPR PLUS PL,5881 Gender Road,Customer Facing- Located in one of the existing customer dedicated parking spaces near and just south of the Showroom.,Canal Winchester,OH,43110,,888-758-4389,E,,Public,24 hours daily,,,,,,,1,,ChargePoint Network,https://www.chargepoint.com,GPS,39.860594,-82.831534,2026-08-19,355584,2026-08-19 02:39:42 UTC,,,,2024-09-13,,,,,CHADEMO J1772COMBO,US,,,,Public,,public,,,,,,,,,,,,,,,,,,,,false,,,,,,,,,false,
ELEC,SUPERIOR KIA CP6000,268 W Mitchell Ave,Back of the Main entrance,Cincinnati,OH,45232,,888-758-4389,E,,Public,24 hours daily,,,,,,2,,,ChargePoint Network,https://www.chargepoint.com,GPS,39.166805,-84.51035,2026-08-19,355772,2026-08-19 02:38:01 UTC,,,,2024-09-17,,,,,J1772,US,,,,Public,,public,,,,,,,,,,,,,,,,,,,,false,,,,,,,,,false,
ELEC,STOW CITY CNTR STOW,3870 Darrow Road,Amphitheater Parking Lot,Stow,OH,44224,,888-758-4389,E,,Public,24 hours daily,,,,,,2,,,ChargePoint Network,https://www.chargepoint.com,GPS,41.169685,-81.442989,2026-08-19,355775,2026-08-19 02:38:09 UTC,,,,2024-09-17,,,,,J1772,US,,,,Public,,public,,,,,,,,,,,,,,,,,,,,false,,,,,,,,,false,
ELEC,Lorain Family Health & Surgery Center,5700 Cooper Foster Park Rd,,Lorain,OH,44053,,888-998-2546,E,,Public,24 hours daily,,,,,,6,,,Blink Network,https://blinkcharging.com,GPS,41.4126374,-82.2354095,2026-08-19,355823,2026-08-19 00:39:33 UTC,,,,2024-09-17,,,,,J1772,US,,,,Public,,public,,,,,,,,,,,,,,,,,,,,false,,,,,,,,,false,
ELEC,Beachwood Family Health & Surgery Center,26900 Cedar Rd,,Beachwood,OH,44122,,888-998-2546,E,,Public,24 hours daily,,,,,,6,,,Blink Network,https://blinkcharging.com,GPS,41.500562,-81.489082,2026-08-19,355824,2026-08-19 00:46:24 UTC,,,,2024-09-17,,,,,J1772,US,,,,Public,,public,,,,,,,,,,,,,,,,,,,,false,,,,,,,,,false,
ELEC,Strongville Family Health & Surgery Center,16761 South Park Center,,Strongville,OH,44136,,888-998-2546,E,,Public,24 hours daily,,,,,,6,,,Blink Network,https://blinkcharging.com,GPS,41.3117704,-81.8175686,2026-08-19,355887,2026-08-19 00:39:32 UTC,,,,2024-09-11,,,,,J1772,US,,,,Public,,public,,,,,,,,,,,,,,,,,,,,false,,,,,,,,,false,
ELEC,McDonalds #4700 Manhattan,567 Manhattan Blvd,,Toledo,OH,43608,,877-455-3833,E,,Public,24 hours daily,,,,,,,4,,eVgo Network,https://www.evgo.com,GPS,41.6868993,-83.5323342,2026-08-19,355992,2026-08-19 00:02:21 UTC,,,,2024-09-20,,,,,CHADEMO J1772COMBO,US,,,,Public,,public,,,,,,,,,,,,,,,,,,,,false,,,,,,,,,false,
ELEC,Klaben Chrysler Jeep Dodge Ram DCFC,1106 West Main Street,,Kent,OH,44240,,888-998-2546,E,,Public,24 hours daily,,,,,,,2,,Blink Network,https://blinkcharging.com,GPS,41.15137671707084,-81.38144980345456,2026-08-19,355997,2026-08-19 00:50:50 UTC,,,,2024-09-18,,,,,J1772COMBO,US,,,,Public,,public,,,,,,,,,,,,,,,,,,,,false,,,,,,,,,false,
ELEC,"North Ridgeville, OH - Tesla Supercharger",32435 Cook Rd,,North Ridgeville,OH,44039,,877-798-3752,E,,Public,24 hours daily. NACS partner enabled.,A D Debit M V,,,,,,8,,Tesla,https://www.tesla.com/supercharger,GPS,41.384191,-81.976979,2026-06-18,356060,2026-06-18 14:46:21 UTC,P,,,2024-09-12,,,,,TESLA,US,,,,Public,,public,,,RESTAURANT,,,,,,,,,,,,,,,,,false,,,,,,,,LD,true,
ELEC,"Dayton, OH - North Springboro Pike - Tesla Supercharger",5858 North Springboro Pike,,Dayton,OH,45449,,877-798-3752,E,,Public,24 hours daily. NACS partner enabled.,A D Debit M V,,,,,,12,,Tesla,https://www.tesla.com/supercharger,GPS,39.670048,-84.220914,2026-06-18,356062,2026-06-18 14:46:21 UTC,P,,,2024-09-13,,,,,TESLA,US,,,,Public,,public,,,GROCERY,,,,,,,,,,,,,,,,,false,,,,,,,,LD,true,
ELEC,Euclid Hospital,18901 Lake Shore Blvd,,Euclid,OH,44119,,888-998-2546,E,,Public,24 hours daily,,,,,,6,,,Blink Network,https://blinkcharging.com,GPS,41.5991521,-81.5483641,2026-08-19,356130,2026-08-19 00:39:33 UTC,,,,2024-07-09,,,,,J1772,US,,,,Public,,public,,,,,,,,,,,,,,,,,,,,false,,,,,,,,,false,
ELEC,Chevrolet of Troy,1375 S Market St,,Troy,OH,45373,,866-816-7584,E,,Public,24 hours daily,,,,,,,1,,EV Connect,https://www.evconnect.com,GPS,40.02159,-84.200128,2026-08-19,356171,2026-08-19 03:47:03 UTC,,,,2024-09-22,,,,,J1772COMBO,US,,,,Public,,public,,,,,,,,,,,,,,,,,,,,false,,,,,,,,,false,
ELEC,Medina General,1000 E Washington St,,Medina,OH,44256,,888-998-2546,E,,Public,24 hours daily,,,,,,6,,,Blink Network,https://blinkcharging.com,GPS,41.137528,-81.8376065,2026-08-19,356233,2026-08-19 00:39:31 UTC,,,,2024-05-30,,,,,J1772,US,,,,Public,,public,,,,,,,,,,,,,,,,,,,,false,,,,,,,,,false,
ELEC,NCEC-ATTICA NW- VETLIBRARY,106 West Mansfield Street,,New Washington,OH,44854,,888-758-4389,E,,Public,24 hours daily,,,,,,2,,,ChargePoint Network,https://www.chargepoint.com,GPS,40.962715,-82.854061,2026-08-19,356268,2026-08-19 02:40:09 UTC,,,,2024-09-24,,,,,J1772,US,,,,Public,,public,,,,,,,,,,,,,,,,,,,,false,,,,,,,,,false,
ELEC,Civic Center - Fast Charger,21016 Hilliard Blvd,,Rocky River,OH,44116,,888-356-8911,E,,Public,24 hours daily,,,,,,,1,,FLO,https://www.flo.com,GPS,41.468106,-81.855258,2026-08-19,356286,2026-08-19 04:05:15 UTC,,,,2024-09-24,,,,,CHADEMO J1772COMBO,US,,,,Public,,public,,,,,,,,,,,,,,,,,,,,false,,,,,,,,,false,
ELEC,Civic Center,21016 Hilliard Blvd,,Rocky River,OH,44116,,888-356-8911,E,,Public,24 hours daily,,,,,,2,,,FLO,https://www.flo.com,GPS,41.468106,-81.855258,2026-08-19,356287,2026-08-19 04:05:15 UTC,,,,2024-09-24,,,,,J1772,US,,,,Public,,public,,,,,,,,,,,,,,,,,,,,false,,,,,,,,,false,
ELEC,Elyria Family Health & Surgery Center,303 Chestnut Commons Dr,,Elryia,OH,44035,,888-998-2546,E,,Public,24 hours daily,,,,,,6,,,Blink Network,https://blinkcharging.com,GPS,41.3455526,-82.0658244,2026-08-19,356390,2026-08-19 00:39:32 UTC,,,,2024-09-25,,,,,J1772,US,,,,Public,,public,,,,,,,,,,,,,,,,,,,,false,,,,,,,,,false,
ELEC,Klaben Ford Warren - Level II (Public),3853 Youngstown Road Southeast,,Warren,OH,44484,,888-998-2546,E,,Public,24 hours daily,,,,,,2,,,Blink Network,https://blinkcharging.com,GPS,41.21757540291245,-80.77321831893525,2026-08-19,357422,2026-08-19 00:42:39 UTC,,,,2024-10-02,,,,,J1772,US,,,,Public,,public,,,,,,,,,,,,,,,,,,,,false,,,,,,,,,false,
ELEC,Klaben Ford Warren - DCFC Public,3853 Youngstown Road Southeast,,Warren,OH,44484,,888-998-2546,E,,Public,24 hours daily,,,,,,,2,,Blink Network,https://blinkcharging.com,GPS,41.217424,-80.773529,2026-08-19,357423,2026-08-19 00:41:38 UTC,,,,2024-08-07,,,,,J1772COMBO,US,,,,Public,,public,,,,,,,,,,,,,,,,,,,,false,,,,,,,,,false,
ELEC,Frank J. Polivka Transit Center at Lakeland Community College,7700 Clocktower Dr,,Kirtland,OH,44094,,888-356-8911,E,,Public,24 hours daily,,,,,,2,,,FLO,https://www.flo.com,GPS,41.6380446,-81.3696479,2026-08-19,357593,2026-08-19 04:05:17 UTC,,,,2024-10-05,,,,,J1772,US,,,,Public,,public,,,,,,,,,,,,,,,,,,,,false,,,,,,,,,false,
ELEC,Rec Center Soccer Fields,1151 Stonequarry Road,,Vandalia,OH,45377,,888-998-2546,E,,Public,Mon: 7:00am-10:00pm; Tue: 7:00am-10:00pm; Wed: 7:00am-10:00pm; Thu: 7:00am-10:00pm; Fri: 7:00am-10:00pm; Sat: 7:00am-10:00pm; Sun: 7:00am-10:00pm,,,,,,4,,,Blink Network,https://blinkcharging.com,GPS,39.87809394087406,-84.22369526293635,2026-08-19,357687,2026-08-19 00:17:42 UTC,,,,2024-09-26,,,,,J1772,US,,,,Public,,public,,,,,,,,,,,,,,,,,,,,false,,,,,,,,,false,
ELEC,PNC CENTER GARG E-SPCS 129&130,750 Vincent Ave.,Spaces 129 & 130,Cleveland,OH,44114,,888-758-4389,E,,Public,24 hours daily,,,,,,2,,,ChargePoint Network,https://www.chargepoint.com,GPS,41.500666,-81.68838,2026-08-19,357712,2026-08-19 02:40:49 UTC,,,,2024-10-09,,,,,J1772,US,,,,Public,,public,,,,,,,,,,,,,,,,,,,,false,,,,,,,,,false,
ELEC,PNC CENTER GARG W-SPCS-131&132,750 Vincent Ave.,Spaces 131 &132,Cleveland,OH,44114,,888-758-4389,E,,Public,24 hours daily,,,,,,2,,,ChargePoint Network,https://www.chargepoint.com,GPS,41.50069,-81.68842,2026-08-19,357713,2026-08-19 02:40:49 UTC,,,,2024-10-09,,,,,J1772,US,,,,Public,,public,,,,,,,,,,,,,,,,,,,,false,,,,,,,,,false,
ELEC,Acacia Reservation,26899 Cedar Road,,Beachwood,OH,44144,,888-356-8911,E,,Public,24 hours daily,,,,,,2,,,FLO,https://www.flo.com,GPS,41.501749,-81.489131,2026-08-19,357812,2026-08-19 04:05:17 UTC,,,,2024-10-10,,,,,J1772,US,,,,Public,,public,,,,,,,,,,,,,,,,,,,,false,,,,,,,,,false,
ELEC,Edgewater Park,7600 Memorial Shoreway,,Cleveland,OH,44144,,888-356-8911,E,,Public,24 hours daily,,,,,,2,,,FLO,https://www.flo.com,GPS,41.48648,-81.744643,2026-08-19,357883,2026-08-19 04:05:18 UTC,,,,2024-10-11,,,,,J1772,US,,,,Public,,public,,,,,,,,,,,,,,,,,,,,false,,,,,,,,,false,
ELEC,Mike Bass Ford L2 Public,5050 Detroit Road,,Sheffield,OH,44035,,888-998-2546,E,,Public,24 hours daily,,,,,,2,,,Blink Network,https://blinkcharging.com,GPS,41.42047409979956,-82.08661243227641,2026-08-19,357917,2026-08-19 00:54:03 UTC,,,,2024-10-11,,,,,J1772,US,,,,Public,,public,,,,,,,,,,,,,,,,,,,,false,,,,,,,,,false,
ELEC,Tri-C East Campus,4250 Richmond Rd,,Highland Hills,OH,44122,,888-356-8911,E,,Public,24 hours daily,,,,,,2,,,FLO,https://www.flo.com,GPS,41.44458,-81.500679,2026-08-19,357998,2026-08-19 04:05:18 UTC,,,,2024-10-15,,,,,J1772,US,,,,Public,,public,,,,,,,,,,,,,,,,,,,,false,,,,,,,,,false,
ELEC,Dutro Ford,132 S 5th St,,Zanesville,OH,43701,,888-357-1009,E,,Public,24 hours daily,A ANDROID_PAY APPLE_PAY CREDIT D Debit M V,,,,,,2,,FORD_CHARGE,https://www.ford.com/support/category/electric-vehicle/charging/public-charging/,GPS,39.937405,-82.005736,2026-08-19,358337,2026-08-19 05:16:46 UTC,,,,2024-03-01,,,,,J1772COMBO,US,,,,Public,,public,,,PUBLIC,,,,,,,,,,,,,,,,,false,,,,,,,,,false,
ELEC,Preston Ford,13580 W Center St,,Burton,OH,44021,,888-357-1009,E,,Public,"Mon: 12:01am-7:59am, 8:00am-9:00am, 9:01am-6:59pm, 7:00pm-8:30pm, 8:31pm-11:59pm; Tue: 12:01am-7:59am, 8:00am-9:00am, 9:01am-5:00pm, 5:01pm-6:30pm, 6:31pm-11:59pm; Wed: 12:01am-7:59am, 8:00am-9:00am, 9:01am-5:00pm, 5:01pm-6:30pm, 6:31pm-11:59pm; Thu: 12:01am-7:59am, 8:00am-9:00am, 9:01am-6:59pm, 7:00pm-8:30pm, 8:31pm-11:59pm; Fri: 12:01am-7:59am, 8:00am-9:00am, 9:01am-5:00pm, 5:01pm-6:30pm, 6:31pm-11:59pm; Sat: 12:01am-7:59am, 8:00am-9:00am, 9:01am-3:00pm, 3:01pm-4:30pm, 4:31pm-11:59pm; Sun: 12:00am-11:59pm",A ANDROID_PAY APPLE_PAY CREDIT D Debit M V,,,,,,4,,FORD_CHARGE,https://www.ford.com/support/category/electric-vehicle/charging/public-charging/,GPS,41.47114,-81.154268,2026-08-19,358338,2026-08-19 05:17:05 UTC,,,,2024-02-29,,,,,J1772COMBO,US,,,,Public,,public,,,PUBLIC,,,,,,,,,,,,,,,,,false,,,,,,,,,false,
ELEC,Classic Ford of Madison,6251 N Ridge Rd,,Madison,OH,44057,,888-357-1009,E,,Public,24 hours daily,A ANDROID_PAY APPLE_PAY CREDIT D Debit M V,,,,,,2,,FORD_CHARGE,https://www.ford.com/support/category/electric-vehicle/charging/public-charging/,GPS,41.80328,-81.06564,2026-08-19,358339,2026-08-19 05:16:52 UTC,,,,2024-04-30,,,,,J1772COMBO,US,,,,Public,,public,,,PUBLIC,,,,,,,,,,,,,,,,,false,,,,,,,,,false,
ELEC,Classic Ford,8540 Tyler Blvd,,Mentor,OH,44060,,888-357-1009,E,,Public,Mon: 7:00am-8:00pm; Tue: 7:00am-8:00pm; Wed: 7:00am-8:00pm; Thu: 7:00am-8:00pm; Fri: 7:00am-8:00pm; Sat: 7:00am-8:00pm; Sun: 7:00am-8:00pm,A ANDROID_PAY APPLE_PAY CREDIT D Debit M V,,,,,,4,,FORD_CHARGE,https://www.ford.com/support/category/electric-vehicle/charging/public-charging/,GPS,41.68495,-81.33297,2026-08-19,358340,2026-08-19 05:16:48 UTC,,,,2024-02-07,,,,,J1772COMBO,US,,,,Public,,public,,,PUBLIC,,,,,,,,,,,,,,,,,false,,,,,,,,,false,
ELEC,Mark Porter Ford,1362 Mayhew Rd,,Jackson,OH,45640,,888-357-1009,E,,Public,24 hours daily,A ANDROID_PAY APPLE_PAY CREDIT D Debit M V,,,,,,4,,FORD_CHARGE,https://www.ford.com/support/category/electric-vehicle/charging/public-charging/,GPS,39.02291,-82.64459,2026-08-19,358341,2026-08-19 05:17:00 UTC,,,,2024-07-11,,,,,J1772COMBO,US,,,,Public,,public,,,PUBLIC,,,,,,,,,,,,,,,,,false,,,,,,,,,false,
ELEC,Reineke Ford of Findlay,12000 County Rd 99,,Findlay,OH,45840,,888-357-1009,E,,Public,24 hours daily,A ANDROID_PAY APPLE_PAY CREDIT D Debit M V,,,,,,4,,FORD_CHARGE,https://www.ford.com/support/category/electric-vehicle/charging/public-charging/,GPS,41.088564,-83.652332,2026-08-19,358343,2026-08-19 05:16:49 UTC,,,,2024-02-26,,,,,J1772COMBO,US,,,,Public,,public,,,PUBLIC,,,,,,,,,,,,,,,,,false,,,,,,,,,false,
ELEC,ESRW ESRW-MELROSE,2840 Melrose Avenue,,Cincinnati,OH,45206,,888-758-4389,E,,Public,24 hours daily,,,,,,2,,,ChargePoint Network,https://www.chargepoint.com,GPS,39.131574,-84.48989,2026-08-19,358460,2026-08-19 02:38:50 UTC,,,,2024-10-16,,,,,J1772,US,,,,Public,,public,,,,,,,,,,,,,,,,,,,,false,,,,,,,,,false,
ELEC,Leisure Time Winery - Tesla Destination,16982 County Rd M2,,Napoleon,OH,43545,,877-798-3752,E,,Public,,,,,,,2,,,Tesla Destination,https://www.tesla.com/destination-charging,GPS,41.350438,-84.188674,2024-07-01,358519,2025-02-12 00:16:32 UTC,P,,,2024-07-01,,,,,J1772 TESLA,US,,,,Public,,public,,,,,,,,,,,,,,,,,,,,,,,,,,,,,false,
ELEC,Hertz Local Edition #5452 - Tesla Destination,1545 Brittain Rd,,Akron,OH,44310,,877-798-3752,E,,Private,,,,,,,2,,,Tesla Destination,https://www.tesla.com/destination-charging,GPS,41.104912,-81.465618,2024-07-01,358583,2025-02-12 00:16:32 UTC,P,,,2024-07-01,,,,,TESLA,US,,,,Privé,,private,,,,,,,,,,,,,,,,,,,,,,,,,,,,,false,
ELEC,Hertz Local Edition #5470 - Tesla Destination,1610 E Kemper Rd,,Cincinnati,OH,45246,,877-798-3752,E,,Private,,,,,,,2,,,Tesla Destination,https://www.tesla.com/destination-charging,GPS,39.285697,-84.445443,2024-07-01,358689,2025-02-12 00:16:32 UTC,P,,,2024-07-01,,,,,TESLA,US,,,,Privé,,private,,,,,,,,,,,,,,,,,,,,,,,,,,,,,false,
ELEC,Hampton Inn Ashtabula - Tesla Destination,2900 Gh Drive,,Austinburg,OH,44010,,877-798-3752,E,,Public,,,,,,,1,,,Tesla Destination,https://www.tesla.com/destination-charging,GPS,41.78382,-80.857544,2024-07-01,358725,2025-02-12 00:16:32 UTC,P,,,2024-07-01,,,,,TESLA,US,,,,Public,,public,,,,,,,,,,,,,,,,,,,,,,,,,,,,,false,
ELEC,Hertz Local Edition #5466 - Tesla Destination,5411 Brookpark Rd,,Parma,OH,44129,,877-798-3752,E,,Private,,,,,,,2,,,Tesla Destination,https://www.tesla.com/destination-charging,GPS,41.418434,-81.723537,2024-07-01,358736,2025-02-12 00:16:32 UTC,P,,,2024-07-01,,,,,TESLA,US,,,,Privé,,private,,,,,,,,,,,,,,,,,,,,,,,,,,,,,false,
ELEC,EVentures Rentals - Tesla Destination,5207 Madison Rd,,Cincinnati,OH,45227,,877-798-3752,E,,Public,,,,,,,3,,,Tesla Destination,https://www.tesla.com/destination-charging,GPS,39.161133,-84.405392,2024-07-01,358776,2025-02-12 00:16:32 UTC,P,,,2024-07-01,,,,,TESLA,US,,,,Public,,public,,,,,,,,,,,,,,,,,,,,,,,,,,,,,false,
ELEC,Hertz Local Edition #5464 - Tesla Destination,23196 Miles Rd,,Bedford Heights,OH,44128,,877-798-3752,E,,Private,,,,,,,4,,,Tesla Destination,https://www.tesla.com/destination-charging,GPS,41.423799,-81.516011,2024-07-01,358850,2025-02-12 00:16:32 UTC,P,,,2024-07-01,,,,,TESLA,US,,,,Privé,,private,,,,,,,,,,,,,,,,,,,,,,,,,,,,,false,
ELEC,Hertz Local Edition #5478 - Tesla Destination,609 Elm St,,Cincinnati,OH,45202,,877-798-3752,E,,Private,,,,,,,3,,,Tesla Destination,https://www.tesla.com/destination-charging,GPS,39.102118,-84.518098,2024-07-01,358857,2025-02-12 00:16:32 UTC,P,,,2024-07-01,,,,,TESLA,US,,,,Privé,,private,,,,,,,,,,,,,,,,,,,,,,,,,,,,,false,
ELEC,Steel Equipment Specialists - Tesla Destination,1507 Beeson St NE,,Alliance,OH,44601,,877-798-3752,E,,Public,,,,,,,6,,,Tesla Destination,https://www.tesla.com/destination-charging,GPS,40.923661,-81.130553,2024-07-01,358914,2025-02-12 00:16:32 UTC,P,,,2024-07-01,,,,,TESLA,US,,,,Public,,public,,,,,,,,,,,,,,,,,,,,,,,,,,,,,false,
ELEC,Magnext Data Recovery - Tesla Destination,7100  Huntley Rd,,Columbus,OH,43229,,877-798-3752,E,,Public,,,,,,,3,,,Tesla Destination,https://www.tesla.com/destination-charging,GPS,40.107928,-82.996794,2024-07-01,358932,2025-02-12 00:16:32 UTC,P,,,2024-07-01,,,,,TESLA,US,,,,Public,,public,,,,,,,,,,,,,,,,,,,,,,,,,,,,,false,
ELEC,Hertz Local Edition #5451 - Tesla Destination,4400 Youngstown Warren Rd,,Warren,OH,44484,,877-798-3752,E,,Private,,,,,,,2,,,Tesla Destination,https://www.tesla.com/destination-charging,GPS,41.212919,-80.765658,2024-07-01,358954,2025-02-12 00:16:32 UTC,P,,,2024-07-01,,,,,TESLA,US,,,,Privé,,private,,,,,,,,,,,,,,,,,,,,,,,,,,,,,false,
ELEC,Hertz Local Edition #5450 - Tesla Destination,7735 Market St,,Boardman,OH,44512,,877-798-3752,E,,Private,,,,,,,3,,,Tesla Destination,https://www.tesla.com/destination-charging,GPS,41.012676,-80.662235,2024-07-01,359131,2025-02-12 00:16:32 UTC,P,,,2024-07-01,,,,,TESLA,US,,,,Privé,,private,,,,,,,,,,,,,,,,,,,,,,,,,,,,,false,
ELEC,"Columbus, OH (Wall Connector) - Tesla Destination",70 East Goodale Street,,Columbus,OH,43215,,877-798-3752,E,,Public,,,,,,,10,,,Tesla Destination,https://www.tesla.com/destination-charging,GPS,39.97424,-83.00077,2024-07-01,359305,2025-05-06 21:10:23 UTC,P,,,,,,,,J1772 TESLA,US,,,,Public,,public,,,,,,,,,,,,,,,,,,,,,,,,,,,,,false,
ELEC,Holiday Inn & Alfredo's at the Inn - Tesla Destination,780 Beta Dr,,Mayfield,OH,44143,,877-798-3752,E,,Public,,,,,,,2,,,Tesla Destination,https://www.tesla.com/destination-charging,GPS,41.540161,-81.446453,2024-07-01,359392,2025-02-12 00:16:32 UTC,P,,,2024-07-01,,,,,TESLA,US,,,,Public,,public,,,,,,,,,,,,,,,,,,,,,,,,,,,,,false,
ELEC,Hertz Local Edition #5460 - Tesla Destination,9670 Mentor Ave,,Mentor,OH,44060,,877-798-3752,E,,Private,,,,,,,2,,,Tesla Destination,https://www.tesla.com/destination-charging,GPS,41.683196,-81.292462,2024-07-01,359410,2025-02-12 00:16:32 UTC,P,,,2024-07-01,,,,,TESLA,US,,,,Privé,,private,,,,,,,,,,,,,,,,,,,,,,,,,,,,,false,
ELEC,Hertz Local Edition #5482 - Tesla Destination,2544 N Reynolds Rd,,Toledo,OH,43615,,877-798-3752,E,,Private,,,,,,,3,,,Tesla Destination,https://www.tesla.com/destination-charging,GPS,41.669028,-83.667506,2024-07-01,359723,2025-02-12 00:16:32 UTC,P,,,2024-07-01,,,,,TESLA,US,,,,Privé,,private,,,,,,,,,,,,,,,,,,,,,,,,,,,,,false,
ELEC,Hertz Local Edition #5477 - Tesla Destination,4616 Aicholtz Rd,,Cincinnati,OH,45244,,877-798-3752,E,,Private,,,,,,,3,,,Tesla Destination,https://www.tesla.com/destination-charging,GPS,39.103739,-84.29171,2024-07-01,359865,2025-02-12 00:16:32 UTC,P,,,2024-07-01,,,,,TESLA,US,,,,Privé,,private,,,,,,,,,,,,,,,,,,,,,,,,,,,,,false,
ELEC,Golf Course Parking lot,200 Clubhouse Way,,Vandalia,OH,45377,,888-998-2546,E,,Public,Mon: 7:00am-10:00pm; Tue: 7:00am-10:00pm; Wed: 7:00am-10:00pm; Thu: 7:00am-10:00pm; Fri: 7:00am-10:00pm; Sat: 7:00am-10:00pm; Sun: 7:00am-10:00pm,,,,,,4,,,Blink Network,https://blinkcharging.com,GPS,39.89101630475806,-84.17191263192989,2026-08-19,359907,2026-08-19 00:36:28 UTC,,,,2024-10-16,,,,,J1772,US,,,,Public,,public,,,,,,,,,,,,,,,,,,,,false,,,,,,,,,false,
ELEC,HAMILTON OHIO 325 MAIN ST,325 Main Street,Parking Lot,Hamilton,OH,45013,,888-758-4389,E,,Public,24 hours daily,,,,,,2,,,ChargePoint Network,https://www.chargepoint.com,GPS,39.404082,-84.570375,2026-08-19,360328,2026-08-19 02:41:33 UTC,,,,2024-10-19,,,,,J1772,US,,,,Public,,public,,,,,,,,,,,,,,,,,,,,false,,,,,,,,,false,
ELEC,Byers Chrysler - DCFC,465 South Hamilton Road,,Columbus,OH,43213,,888-998-2546,T,2026-08-15,TEMPORARILY UNAVAILABLE (Public),24 hours daily,,,,,,,2,,Blink Network,https://blinkcharging.com,GPS,39.965466,-82.87667,2026-08-19,360356,2026-08-19 00:52:28 UTC,,,,2024-10-15,,,,,J1772COMBO,US,,,,TEMPORAIREMENT SUSPENDU (Public),,public,,,,,,,,,,,,,,,,,,,,false,,,,,,,,,false,
ELEC,La Quinta Inn & Suites by Wyndham Cleveland Airport West,25105 Country Club Blvd,,North Olmsted,OH,44070,,866-350-2738,E,,Public - Credit card at all times,24 Hours Daily,A CREDIT D M V,,,,,,6,,UNIVERSAL,https://universalevcharging.com,GPS,41.4135506667001,-81.905223478154,2024-11-06,360409,2025-12-17 18:19:35 UTC,P,,,2024-09-25,,,,,J1772COMBO,US,,,,Public - Carte de crédit en tout temps,,public,CREDIT_CARD_ALWAYS,,HOTEL,,,,,,,,,,,,,,,,,false,,,,,,,,MD,false,
ELEC,City of Fairview Park - City Hall,20777 Lorain Rd,,Fairview Park,OH,44126,,888-356-8911,E,,Public,24 hours daily,,,,,,2,,,FLO,https://www.flo.com,GPS,41.446975,-81.849814,2026-08-19,360593,2026-08-19 04:05:19 UTC,,,,2024-10-23,,,,,J1772,US,,,,Public,,public,,,,,,,,,,,,,,,,,,,,false,,,,,,,,,false,
ELEC,Akron General Medical Center - Lodi,225 Elyria St,,Lodi,OH,44254,,888-998-2546,E,,Public,24 hours daily,,,,,,6,,,Blink Network,https://blinkcharging.com,GPS,41.03607677960677,-82.01433258996661,2026-08-19,360696,2026-08-19 00:41:23 UTC,,,,2024-10-24,,,,,J1772,US,,,,Public,,public,,,,,,,,,,,,,,,,,,,,false,,,,,,,,,false,
ELEC,SHS STEM ACADEM STEM EV,320 N. 4th St,Alley way between Naples spaghetti house and stem building,Steubenville,OH,43952,,888-758-4389,E,,Public,24 hours daily,,,,,,1,,,ChargePoint Network,https://www.chargepoint.com,GPS,40.363809,-80.612422,2026-08-19,360711,2026-08-19 02:41:39 UTC,,,,2024-10-25,,,,,J1772,US,,,,Public,,public,,,,,,,,,,,,,,,,,,,,false,,,,,,,,,false,
ELEC,RE AT MV - PH1 PHASE 1,11810 Upper Gilchrist Rd,This station is set between buildings 3 and 4,Mount Vernon,OH,43050,,888-758-4389,E,,Public,24 hours daily,,,,,,2,,,ChargePoint Network,https://www.chargepoint.com,GPS,40.407202,-82.435333,2026-08-19,360819,2026-08-19 02:41:37 UTC,,,,2024-10-26,,,,,J1772,US,,,,Public,,public,,,,,,,,,,,,,,,,,,,,false,,,,,,,,,false,
ELEC,SOUTH EUCLID CENTER #2,1370 Victory Dr,,South Euclid,OH,44121,,888-758-4389,E,,Public,24 hours daily,,,,,,2,,,ChargePoint Network,https://www.chargepoint.com,GPS,41.522435,-81.52132,2026-08-19,360892,2026-08-19 02:36:24 UTC,,,,2024-10-29,,,,,J1772,US,,,,Public,,public,,,,,,,,,,,,,,,,,,,,false,,,,,,,,,false,
ELEC,Tri-C Metro Campus Lot 6,2900 Community College Ave,,Cleveland,OH,44115,,888-356-8911,E,,Public,24 hours daily,,,,,,2,,,FLO,https://www.flo.com,GPS,41.49261,-81.67001,2026-08-19,360928,2026-08-19 04:05:18 UTC,,,,2024-10-29,,,,,J1772,US,,,,Public,,public,,,,,,,,,,,,,,,,,,,,false,,,,,,,,,false,
ELEC,TRU - E BROAD TRU EAST BROAD,6440 East Broad Street,,Columbus,OH,43213,,888-758-4389,E,,Public,24 hours daily,,,,,,2,,,ChargePoint Network,https://www.chargepoint.com,GPS,39.981959,-82.830494,2026-08-19,361094,2026-08-19 02:42:12 UTC,,,,2024-10-31,,,,,J1772,US,,,,Public,,public,,,,,,,,,,,,,,,,,,,,false,,,,,,,,,false,
ELEC,LAKEWOOD RECYCLING 1,12920 Berea Road,,Lakewood,OH,44107,,888-758-4389,E,,Public,24 hours daily,,,,,,1,,,ChargePoint Network,https://www.chargepoint.com,GPS,41.470333,-81.779084,2026-08-19,361178,2026-08-19 02:42:19 UTC,,,,2024-11-01,,,,,J1772,US,,,,Public,,public,,,,,,,,,,,,,,,,,,,,false,,,,,,,,,false,
ELEC,LAKEWOOD RECYCLING 2,12920 Berea Road,,Lakewood,OH,44107,,888-758-4389,E,,Public,24 hours daily,,,,,,1,,,ChargePoint Network,https://www.chargepoint.com,GPS,41.470259,-81.779032,2026-08-19,361179,2026-08-19 02:42:19 UTC,,,,2024-11-01,,,,,J1772,US,,,,Public,,public,,,,,,,,,,,,,,,,,,,,false,,,,,,,,,false,
ELEC,"Mentor, OH - Tesla Supercharger",7750 Reynolds Road,,Mentor,OH,44060,,877-798-3752,E,,Public,24 hours daily. NACS partner enabled.,A D Debit M V,,,,,,8,,Tesla,https://www.tesla.com/supercharger,GPS,41.660078,-81.379189,2026-06-18,361252,2026-06-18 14:46:21 UTC,P,,,2024-10-29,,,,,TESLA,US,,,,Public,,public,,,GAS_STATION,,,,,,,,,,,,,,,,,false,,,,,,,,LD,true,
ELEC,Parkway Honda,855 Commercial Parkway,,Dover,OH,44622,,888-998-2546,E,,Public,24 hours daily,,,,,,1,,,Blink Network,https://blinkcharging.com,GPS,40.5214753,-81.4884384,2026-08-19,361695,2026-08-19 00:29:10 UTC,,,,2023-08-29,,,,,J1772,US,,,,Public,,public,,,,,,,,,,,,,,,,,,,,false,,,,,,,,,false,
ELEC,Municipal Bldg,341 James Bohanan Drive,,Vandalia,OH,45377,,888-998-2546,E,,Public,Mon: 7:00am-11:00pm; Tue: 7:00am-11:00pm; Wed: 7:00am-11:00pm; Thu: 7:00am-11:00pm; Fri: 7:00am-11:00pm; Sat: 7:00am-11:00pm; Sun: 7:00am-11:00pm,,,,,,6,,,Blink Network,https://blinkcharging.com,GPS,39.89287659219445,-84.19299286456835,2026-08-19,361763,2026-08-19 00:53:34 UTC,,,,2024-11-05,,,,,J1772,US,,,,Public,,public,,,,,,,,,,,,,,,,,,,,false,,,,,,,,,false,
ELEC,COCHRANAUTO BOARDMANFORDL,7955 Market Street,,Youngstown,OH,44512,,888-758-4389,E,,Public,24 hours daily,,,,,,,2,,ChargePoint Network,https://www.chargepoint.com,GPS,41.008244,-80.661903,2026-08-19,367711,2026-08-19 02:42:43 UTC,,,,2024-11-08,,,,,J1772COMBO,US,,,,Public,,public,,,,,,,,,,,,,,,,,,,,false,,,,,,,,,false,
ELEC,Pilot Travel Center 286,6141 US 127 North,,Eaton,OH,45320,,877-455-3833,T,2026-07-27,TEMPORARILY UNAVAILABLE (Public),24 hours daily,,,,,,,4,,eVgo Network,https://www.evgo.com,GPS,39.83162,-84.63008,2026-08-18,367758,2026-08-18 23:57:51 UTC,,,,2024-11-08,,,,,J1772COMBO,US,,,,TEMPORAIREMENT SUSPENDU (Public),,public,,,,,,,,,,,,,,,,,,,,false,,,,,,,,,false,NEVI
ELEC,Pilot Travel Center 469,2320 Faircrest St,,Canton,OH,44706,,877-455-3833,E,,Public,24 hours daily,,,,,,,4,,eVgo Network,https://www.evgo.com,GPS,40.750023,-81.403825,2026-08-18,367762,2026-08-19 00:01:11 UTC,,,,2024-11-09,,,,,J1772COMBO,US,,,,Public,,public,,,,,,,,,,,,,,,,,,,,false,,,,,,,,,false,NEVI
ELEC,TEI TEI - 1,49 Northmoreland Avenue,,Munroe Falls,OH,44262,,888-758-4389,E,,Public,"Mon: 12:00am-5:00am, 6:00pm-11:59pm; Tue: 12:00am-5:00am, 6:00pm-11:59pm; Wed: 12:00am-5:00am, 6:00pm-11:59pm; Thu: 12:00am-5:00am, 6:00pm-11:59pm; Fri: 12:00am-5:00am, 6:00pm-11:59pm; Sat: 12:00am-11:59pm; Sun: 12:00am-11:59pm",,,,,,2,,,ChargePoint Network,https://www.chargepoint.com,GPS,41.131231,-81.441975,2026-08-19,367784,2026-08-19 02:42:19 UTC,,,,2024-11-09,,,,,J1772,US,,,,Public,,public,,,,,,,,,,,,,,,,,,,,false,,,,,,,,,false,
ELEC,Flying J 694,2349 Center Road,,Austinburg,OH,44010,,877-455-3833,E,,Public,24 hours daily,,,,,,,4,,eVgo Network,https://www.evgo.com,GPS,41.78887,-80.855553,2026-08-18,367820,2026-08-19 00:00:20 UTC,,,,2024-11-10,,,,,J1772COMBO,US,,,,Public,,public,,,,,,,,,,,,,,,,,,,,false,,,,,,,,,false,NEVI
ELEC,Rec Center,1111 Stonequarry Road,,Dayton,OH,45414,,888-998-2546,E,,Public,Mon: 7:00am-11:00pm; Tue: 7:00am-11:00pm; Wed: 7:00am-11:00pm; Thu: 7:00am-11:00pm; Fri: 7:00am-11:00pm; Sat: 7:00am-11:00pm; Sun: 7:00am-11:00pm,,,,,,6,,,Blink Network,https://blinkcharging.com,GPS,39.87205039489557,-84.2189365957135,2026-08-19,367860,2026-08-19 00:36:07 UTC,,,,2024-11-12,,,,,J1772,US,,,,Public,,public,,,,,,,,,,,,,,,,,,,,false,,,,,,,,,false,
ELEC,Justice Center Parking Lot,210 James Bohanan Drive,,Vandalia,OH,45377,,888-998-2546,E,,Public,Mon: 7:00am-11:00pm; Tue: 7:00am-11:00pm; Wed: 7:00am-11:00pm; Thu: 7:00am-11:00pm; Fri: 7:00am-11:00pm; Sat: 7:00am-11:00pm; Sun: 7:00am-11:00pm,,,,,,4,,,Blink Network,https://blinkcharging.com,GPS,39.892555061166426,-84.1952576296991,2026-08-19,367861,2026-08-19 00:36:44 UTC,,,,2024-11-12,,,,,J1772,US,,,,Public,,public,,,,,,,,,,,,,,,,,,,,false,,,,,,,,,false,
ELEC,Pilot Travel Center 360,11471 State Route 613W,,Findlay,OH,45840,,877-455-3833,E,,Public,24 hours daily,,,,,,,4,,eVgo Network,https://www.evgo.com,GPS,41.13724,-83.66061,2026-08-18,371375,2026-08-19 00:00:47 UTC,,,,2024-11-16,,,,,J1772COMBO,US,,,,Public,,public,,,,,,,,,,,,,,,,,,,,false,,,,,,,,,false,NEVI
ELEC,Pilot Flying J Store 287,10048 Avon Lake Road,,Burbank,OH,44214,,877-455-3833,E,,Public,24 hours daily,,,,,,,4,,eVgo Network,https://www.evgo.com,GPS,40.999223,-81.997734,2026-08-19,371377,2026-08-19 00:02:18 UTC,,,,2024-11-16,,,,,J1772COMBO,US,,,,Public,,public,,,,,,,,,,,,,,,,,,,,false,,,,,,,,,false,NEVI
ELEC,Kendal at Oberlin,600 Kendal Drive,,Oberlin,OH,44074,,888-998-2546,E,,Public,24 hours daily,,,,,,2,,,Blink Network,https://blinkcharging.com,GPS,41.302821,-82.211526,2026-08-19,371381,2026-08-19 00:20:50 UTC,,,,2024-11-14,,,,,J1772,US,,,,Public,,public,,,,,,,,,,,,,,,,,,,,false,,,,,,,,,false,
ELEC,MARYSVILLEFLATS STATION 4,1001 Columbus Ave,Near 2nd building,Marysville,OH,43040,,888-758-4389,E,,Public,24 hours daily,,,,,,2,,,ChargePoint Network,https://www.chargepoint.com,GPS,40.231771,-83.352292,2026-08-19,371385,2026-08-19 01:57:02 UTC,,,,2024-11-16,,,,,J1772,US,,,,Public,,public,,,,,,,,,,,,,,,,,,,,false,,,,,,,,,false,
ELEC,Coughlin Chevrolet of Pataskala,9000 East Broad St SW,,Pataskala,OH,43062,,866-816-7584,E,,Public,24 hours daily,,,,,,1,1,,EV Connect,https://www.evconnect.com,GPS,40.004565,-82.66126,2026-08-19,371464,2026-08-19 03:46:35 UTC,,,,2024-11-16,,,,,J1772 J1772COMBO,US,,,,Public,,public,,,,,,,,,,,,,,,,,,,,false,,,,,,,,,false,
ELEC,Mike Bass Ford L3 Public,5050 Detroit Road,,Sheffield,OH,44035,,888-998-2546,E,,Public,24 hours daily,,,,,,,2,,Blink Network,https://blinkcharging.com,GPS,41.42047409979956,-82.08661243227641,2026-08-19,371513,2026-08-19 00:20:59 UTC,,,,2024-11-18,,,,,J1772COMBO,US,,,,Public,,public,,,,,,,,,,,,,,,,,,,,false,,,,,,,,,false,
ELEC,Brondes Ford Toledo - Series,5545 Secor Road,,Toledo,OH,43623,,888-998-2546,E,,Public,24 hours daily,,,,,,6,,,Blink Network,https://blinkcharging.com,GPS,41.717145,-83.624522,2026-08-19,371709,2026-08-19 00:35:18 UTC,,,,2024-08-01,,,,,J1772,US,,,,Public,,public,,,,,,,,,,,,,,,,,,,,false,,,,,,,,,false,
ELEC,COCHRANAUTO BOARDMANFORD L2,7955 Market St,,Youngstown,OH,44512,,888-758-4389,E,,Public,24 hours daily,,,,,,2,,,ChargePoint Network,https://www.chargepoint.com,GPS,41.008236,-80.661954,2026-08-19,371748,2026-08-19 02:43:25 UTC,,,,2024-11-21,,,,,J1772,US,,,,Public,,public,,,,,,,,,,,,,,,,,,,,false,,,,,,,,,false,
ELEC,Pilot Travel Center 449,66377 Belmont-Morristown Rd,,Belmont,OH,43718,,877-455-3833,E,,Public,24 hours daily,,,,,,,4,,eVgo Network,https://www.evgo.com,GPS,40.0584392,-81.0516427,2026-08-18,371850,2026-08-18 23:58:02 UTC,,,,2024-11-22,,,,,J1772COMBO,US,,,,Public,,public,,,,,,,,,,,,,,,,,,,,false,,,,,,,,,false,NEVI
ELEC,Flying J 699,10480 Baltimore,,Millersport,OH,43046,,877-455-3833,T,2026-03-23,TEMPORARILY UNAVAILABLE (Public),24 hours daily,,,,,,,4,,eVgo Network,https://www.evgo.com,GPS,39.942384,-82.599217,2026-08-18,371898,2026-08-18 23:58:13 UTC,,,,2024-11-24,,,,,J1772COMBO,US,,,,TEMPORAIREMENT SUSPENDU (Public),,public,,,,,,,,,,,,,,,,,,,,false,,,,,,,,,false,NEVI
ELEC,Lunken Airport,4265 Airport Rd,Intersection of Wilmer Ave and Airport Rd,Cincinnati,OH,45226,,513-352-5344,E,,Public,24 hours daily,,,,,,4,,,AMPUP,https://ampup.io,200-8,39.10492,-84.43022,2024-12-10,371915,2026-08-06 15:05:34 UTC,P,,,2024-06-24,,,,,J1772,US,,,,Public,,public,,,PARKING_LOT,,,,,,,$0.33 per kWh,,,,,,,,,,false,,,,,,,,LD,false,
ELEC,Brondes Ford Maumee - Series,1475 Arrowhead Drive,,Maumee,OH,43537,,888-998-2546,E,,Public,24 hours daily,,,,,,6,,,Blink Network,https://blinkcharging.com,GPS,41.583505,-83.687,2026-08-19,371971,2026-08-19 00:54:16 UTC,,,,2024-09-13,,,,,J1772,US,,,,Public,,public,,,,,,,,,,,,,,,,,,,,false,,,,,,,,,false,
ELEC,Shoppes on Bluebell - New Philadelphia,125 Bluebell Drive SW,,New Philadelphia,OH,44663,,800-489-1588,E,,Public,24 hours daily,,,,,,,4,,FCN,https://francisenergy.com,GPS,40.4926634,-81.4718826,2026-08-19,372033,2026-08-19 04:01:24 UTC,,,,2024-11-27,,,,,J1772COMBO,US,,,,Public,,public,,,,,,,,,,,,,,,,,,,,false,,,,,,,,,false,NEVI
ELEC,Best Western - Zanesville,4929 E Pike,,Zanesville,OH,43701,,800-489-1588,E,,Public,24 hours daily,,,,,,,4,,FCN,https://francisenergy.com,GPS,39.9659167,-81.8991822,2026-08-19,372034,2026-08-19 04:01:24 UTC,,,,2024-11-27,,,,,J1772COMBO,US,,,,Public,,public,,,,,,,,,,,,,,,,,,,,false,,,,,,,,,false,NEVI
ELEC,CCPLBKL STATION - 1,7619 Memphis Ave,Back of Building,Brooklyn,OH,44144,,888-758-4389,E,,Public,24 hours daily,,,,,,2,,,ChargePoint Network,https://www.chargepoint.com,GPS,41.439579,-81.738688,2026-08-19,372086,2026-08-19 02:42:27 UTC,,,,2024-11-28,,,,,J1772,US,,,,Public,,public,,,,,,,,,,,,,,,,,,,,false,,,,,,,,,false,
ELEC,Pilot Travel Center 9,6830 Franklin-Lebanon Road,,Franklin,OH,45005,,877-455-3833,E,,Public,24 hours daily,,,,,,,6,,eVgo Network,https://www.evgo.com,GPS,39.54207,-84.29126,2026-08-18,372118,2026-08-19 00:01:25 UTC,,,,2024-11-29,,,,,J1772COMBO,US,,,,Public,,public,,,,,,,,,,,,,,,,,,,,false,,,,,,,,,false,NEVI
ELEC,Pilot Travel Center 309,44133 Fairground Road,,Caldwell,OH,43724,,877-455-3833,E,,Public,24 hours daily,,,,,,,4,,eVgo Network,https://www.evgo.com,GPS,39.73777,-81.52811,2026-08-19,372119,2026-08-19 00:01:54 UTC,,,,2024-11-29,,,,,J1772COMBO,US,,,,Public,,public,,,,,,,,,,,,,,,,,,,,false,,,,,,,,,false,NEVI
ELEC,Bedford City Hall Parking Lot,165 Center Road,,Bedford,OH,44146,,888-356-8911,E,,Public,24 hours daily,,,,,,2,,,FLO,https://www.flo.com,GPS,41.39726,-81.53819,2026-08-19,372127,2026-08-19 04:05:23 UTC,,,,2024-11-29,,,,,J1772,US,,,,Public,,public,,,,,,,,,,,,,,,,,,,,false,,,,,,,,,false,
ELEC,MAPLE MANOR MKV STATION 1,11120 Springfield Pike,,Springdale,OH,45246,,888-758-4389,E,,Public,24 hours daily,,,,,,1,,,ChargePoint Network,https://www.chargepoint.com,GPS,39.277679,-84.479355,2026-08-19,372412,2026-08-19 02:40:42 UTC,,,,2024-12-05,,,,,J1772,US,,,,Public,,public,,,,,,,,,,,,,,,,,,,,false,,,,,,,,,false,
ELEC,MAPLE MANOR MKV STATION 2,11120 Springfield Pike,,Springdale,OH,45246,,888-758-4389,E,,Public,24 hours daily,,,,,,1,,,ChargePoint Network,https://www.chargepoint.com,GPS,39.277695,-84.479248,2026-08-19,372413,2026-08-19 02:40:43 UTC,,,,2024-12-05,,,,,J1772,US,,,,Public,,public,,,,,,,,,,,,,,,,,,,,false,,,,,,,,,false,
ELEC,Brondes Ford Maumee - DCFC,1475 Arrowhead Drive,,Maumee,OH,43537,,888-998-2546,E,,Public,24 hours daily,,,,,,,4,,Blink Network,https://blinkcharging.com,GPS,41.583505,-83.6869,2026-08-19,372512,2026-08-19 00:23:18 UTC,,,,2024-09-13,,,,,J1772COMBO,US,,,,Public,,public,,,,,,,,,,,,,,,,,,,,false,,,,,,,,,false,
ELEC,Brondes Ford Toledo - DCFC,5545 Secor Road,,Toledo,OH,43623,,888-998-2546,E,,Public,24 hours daily,,,,,,,4,,Blink Network,https://blinkcharging.com,GPS,41.716729253686864,-83.62541864774481,2026-08-19,372514,2026-08-19 00:46:56 UTC,,,,2024-08-01,,,,,J1772COMBO,US,,,,Public,,public,,,,,,,,,,,,,,,,,,,,false,,,,,,,,,false,
ELEC,South Ridge Inn,32801 Lorain Rd,,North Ridgeville,OH,44039,,866-350-2738,E,,Public,24 hours daily,A CREDIT D M V,,,,,,6,,UNIVERSAL,https://universalevcharging.com,200-8,41.38077,-81.98084,2024-12-10,372670,2025-12-17 18:19:35 UTC,P,,,2024-11-02,,,,,J1772COMBO,US,,,,Public,,public,,,HOTEL,,,,,,,,,,,,,,,,,false,,,,,,,,MD,false,
ELEC,Radisson Hotel Akron/Fairlawn,200 Montrose W Ave,,Akron,OH,44321,,866-350-2738,E,,Public,24 hours daily,A CREDIT D M V,,,,,,6,,UNIVERSAL,https://universalevcharging.com,200-8,41.12823,-81.65492,2024-12-10,372671,2025-12-17 18:19:35 UTC,P,,,2024-11-06,,,,,J1772COMBO,US,,,,Public,,public,,,HOTEL,,,,,,,,,,,,,,,,,false,,,,,,,,MD,false,
ELEC,Sycamore Suites,621 Midway Blvd,,Elyria,OH,44035,,866-350-2738,E,,Public,24 hours daily,A CREDIT D M V,,,,,,6,,UNIVERSAL,https://universalevcharging.com,200-8,41.39897,-82.11797,2024-12-10,372672,2025-12-17 18:19:35 UTC,P,,,2024-11-04,,,,,J1772COMBO,US,,,,Public,,public,,,HOTEL,,,,,,,,,,,,,,,,,false,,,,,,,,MD,false,
ELEC,ELYRIA FORD EXPRESS 1,1115 East Broad Street,,Elyria,OH,44035,,888-758-4389,E,,Public,24 hours daily,,,,,,,2,,ChargePoint Network,https://www.chargepoint.com,GPS,41.36019,-82.074442,2026-08-19,372674,2026-08-19 02:34:22 UTC,,,,2024-12-10,,,,,J1772COMBO,US,,,,Public,,public,,,,,,,,,,,,,,,,,,,,false,,,,,,,,,false,
ELEC,University of Mount Union HPCC,1972 Clark Ave,,Alliance,OH,44601,,888-356-8911,E,,Public,24 hours daily,,,,,,2,,,FLO,https://www.flo.com,GPS,40.9054755,-81.1117386,2026-08-19,372847,2026-08-19 04:05:22 UTC,,,,2024-12-12,,,,,J1772,US,,,,Public,,public,,,,,,,,,,,,,,,,,,,,false,,,,,,,,,false,
ELEC,Quick Lane Tire & Auto Center DCFC,1080 West Main Street,,Kent,OH,44240,,888-998-2546,E,,Public,24 hours daily,,,,,,,2,,Blink Network,https://blinkcharging.com,GPS,41.15115892481055,-81.38015164592981,2026-08-19,372868,2026-08-19 00:20:53 UTC,,,,2024-09-18,,,,,J1772COMBO,US,,,,Public,,public,,,,,,,,,,,,,,,,,,,,false,,,,,,,,,false,
ELEC,Kroger Brewers Yard,150 W Sycamore St,,Columbus,OH,43215,,877-455-3833,E,,Public,24 hours daily,,,,,,,4,,eVgo Network,https://www.evgo.com,GPS,39.948896,-83.000891,2026-08-18,373030,2026-08-18 23:57:31 UTC,,,,2024-12-14,,,,,CHADEMO J1772COMBO,US,,,,Public,,public,,,,,,,,,,,,,,,,,,,,false,,,,,,,,,false,
ELEC,McDonald's 40 Triggs Rd,40 Triggs Rd.,,Brookville,OH,45309,,877-455-3833,E,,Public,24 hours daily,,,,,,,4,,eVgo Network,https://www.evgo.com,GPS,39.845841,-84.427227,2026-08-18,373049,2026-08-18 23:57:37 UTC,,,,2024-12-14,,,,,CHADEMO J1772COMBO,US,,,,Public,,public,,,,,,,,,,,,,,,,,,,,false,,,,,,,,,false,
ELEC,Brentwood Plaza,939 Hempstead Dr,,Cincinnati,OH,45231,,877-455-3833,E,,Public,24 hours daily,,,,,,,4,,eVgo Network,https://www.evgo.com,GPS,39.223654,-84.51823,2026-08-18,373109,2026-08-18 23:57:59 UTC,,,,2024-12-14,,,,,CHADEMO J1772COMBO,US,,,,Public,,public,,,,,,,,,,,,,,,,,,,,false,,,,,,,,,false,
ELEC,Western Hills Plaza,6000 Glenway Ave,,Cincinnati,OH,45211,,877-455-3833,E,,Public,24 hours daily,,,,,,,4,,eVgo Network,https://www.evgo.com,GPS,39.14455,-84.62214,2026-08-18,373122,2026-08-18 23:58:03 UTC,,,,2024-12-14,,,,,CHADEMO J1772COMBO,US,,,,Public,,public,,,,,,,,,,,,,,,,,,,,false,,,,,,,,,false,
ELEC,Target Hilliard #T1969,4211 Trueman Blvd,,Hilliard,OH,43026,,877-455-3833,E,,Public,24 hours daily,,,,,,,6,,eVgo Network,https://www.evgo.com,GPS,40.0391184,-83.1229529,2026-08-18,373131,2026-08-18 23:58:07 UTC,,,,2024-12-14,,,,,J1772COMBO TESLA,US,,,,Public,,public,,,,,,,,,,,,,,,,,,,,false,,,,,,,,,false,
ELEC,Shoppes at Stonecreek,1500 Stonecreek Dr S,,Pickerington,OH,43147,,877-455-3833,E,,Public,24 hours daily,,,,,,,4,,eVgo Network,https://www.evgo.com,GPS,39.915117,-82.782059,2026-08-18,373140,2026-08-18 23:58:51 UTC,,,,2024-12-14,,,,,CHADEMO J1772COMBO,US,,,,Public,,public,,,,,,,,,,,,,,,,,,,,false,,,,,,,,,false,
ELEC,Google,1101 Beech Rd SW,,New Albany,OH,43054,,,E,,Private,Employee use only,,,,,,30,,,ChargePoint Network,https://www.chargepoint.com,GPS,40.0611861670831,-82.7695630086873,2025-01-13,373786,2026-02-27 22:07:57 UTC,P,,,2023-03-07,,,,,J1772,US,,,,Privé,,private,,,OFFICE_BLDG,,,,,,,,,,,,,,,,,,,,,,,,,LD,true,
ELEC,Google,225 Rathmell Rd,,Columbus,OH,43207,,,E,,Private,Employee use only,,,,,,12,,,ChargePoint Network,https://www.chargepoint.com,GPS,39.8502918894341,-82.9925608509813,2025-01-13,373857,2026-02-27 22:07:57 UTC,P,,,2024-06-03,,,,,J1772,US,,,,Privé,,private,,,OFFICE_BLDG,,,,,,,,,,,,,,,,,,,,,,,,,LD,true,
ELEC,Google,231 Whiley Rd,,Lancaster,OH,43130,,,E,,Private,Employee and fleet use only,,,,,,2,,,ChargePoint Network,https://www.chargepoint.com,GPS,39.7237885,-82.6835842,2025-01-13,373859,2026-02-27 22:07:57 UTC,P,,,2023-12-01,,,,,J1772,US,,,,Privé,,private,,,OFFICE_BLDG,,,,,,,,,,,,,,,,,,,,,,,,,LD,true,
ELEC,6161 Engle Road,6161 Engle Road,,Brook Park,OH,44142,,888-356-8911,E,,Public,24 hours daily,,,,,,,1,,FLO,https://www.flo.com,GPS,41.395619,-81.818076,2026-08-19,374182,2026-08-19 04:05:25 UTC,,,,2024-12-19,,,,,CHADEMO J1772COMBO,US,,,,Public,,public,,,,,,,,,,,,,,,,,,,,false,,,,,,,,,false,
ELEC,Tri-C Western Campus Lot B,11000 Pleasant Valley Rd,,Parma,OH,44130,,888-356-8911,E,,Public,24 hours daily,,,,,,2,,,FLO,https://www.flo.com,GPS,41.366989,-81.766507,2026-08-19,374184,2026-08-19 04:05:25 UTC,,,,2024-12-19,,,,,J1772,US,,,,Public,,public,,,,,,,,,,,,,,,,,,,,false,,,,,,,,,false,
ELEC,OHC-CCC #1 CCC #1,800 East 17th Avenue,Collections Care Center,Columbus,OH,43211,,888-758-4389,E,,Public,24 hours daily,,,,,,2,,,ChargePoint Network,https://www.chargepoint.com,GPS,40.006804,-82.986053,2026-08-19,374205,2026-08-19 02:34:43 UTC,,,,2024-12-20,,,,,J1772,US,,,,Public,,public,,,,,,,,,,,,,,,,,,,,false,,,,,,,,,false,
ELEC,UCI LOT 22 UCI MAGNOLIA HQ,10831 Magnolia Drive,University Circle Inc. Headquarters,Cleveland,OH,44106,,888-758-4389,E,,Public,24 hours daily,,,,,,2,,,ChargePoint Network,https://www.chargepoint.com,GPS,41.515114,-81.610512,2026-08-19,374210,2026-08-19 02:42:51 UTC,,,,2024-12-20,,,,,J1772,US,,,,Public,,public,,,,,,,,,,,,,,,,,,,,false,,,,,,,,,false,
ELEC,MEMORIAL HEALTH CSN-01804240,500 London Ave,,Marysville,OH,43040,,888-758-4389,E,,Public,24 hours daily,,,,,,2,,,ChargePoint Network,https://www.chargepoint.com,GPS,40.230681,-83.368982,2026-08-19,374228,2026-08-19 02:44:05 UTC,,,,2024-12-20,,,,,J1772,US,,,,Public,,public,,,,,,,,,,,,,,,,,,,,false,,,,,,,,,false,
ELEC,Klaben Ford Sales Building - Series,1089 West Main Street,,Kent,OH,44240,,888-998-2546,E,,Public,24 hours daily,,,,,,4,,,Blink Network,https://blinkcharging.com,GPS,41.151912023093786,-81.38063493243416,2026-08-19,374361,2026-08-19 00:35:14 UTC,,,,2024-12-20,,,,,J1772,US,,,,Public,,public,,,,,,,,,,,,,,,,,,,,false,,,,,,,,,false,
ELEC,Klaben Ford Island,1091 West Main Street,,Kent,OH,44240,,888-998-2546,E,,Public,24 hours daily,,,,,,4,,,Blink Network,https://blinkcharging.com,GPS,41.152314,-81.38064,2026-08-19,374365,2026-08-19 00:20:05 UTC,,,,2024-12-20,,,,,J1772,US,,,,Public,,public,,,,,,,,,,,,,,,,,,,,false,,,,,,,,,false,
ELEC,Flying J 698,9935 Sr 41,,Jeffersonville,OH,43128,,877-455-3833,E,,Public,24 hours daily,,,,,,,4,,eVgo Network,https://www.evgo.com,GPS,39.646085,-83.537722,2026-08-18,374480,2026-08-18 23:58:15 UTC,,,,2024-12-21,,,,,J1772COMBO,US,,,,Public,,public,,,,,,,,,,,,,,,,,,,,false,,,,,,,,,false,NEVI
ELEC,Klaben Chrysler Jeep Dodge Ram,1106 West Main Street,,Kent,OH,44240,,888-998-2546,E,,Public,24 hours daily,,,,,,4,,,Blink Network,https://blinkcharging.com,GPS,41.15137671707084,-81.38144980345456,2026-08-19,374568,2026-08-19 00:30:28 UTC,,,,2024-09-18,,,,,J1772,US,,,,Public,,public,,,,,,,,,,,,,,,,,,,,false,,,,,,,,,false,
ELEC,Quicklane Tire & Auto Center,1080 West Main Street,,Kent,OH,44240,,888-998-2546,E,,Public,24 hours daily,,,,,,2,,,Blink Network,https://blinkcharging.com,GPS,41.15115892481055,-81.3801623746192,2026-08-19,374569,2026-08-19 00:12:42 UTC,,,,2024-08-23,,,,,J1772,US,,,,Public,,public,,,,,,,,,,,,,,,,,,,,false,,,,,,,,,false,
ELEC,Klaben CJDR Service Building,1338 West Main Street,,Kent,OH,44240,,888-998-2546,E,,Public,24 hours daily,,,,,,2,,,Blink Network,https://blinkcharging.com,GPS,41.1524507,-81.3900355,2026-08-19,374616,2026-08-19 00:51:05 UTC,,,,2024-11-20,,,,,J1772,US,,,,Public,,public,,,,,,,,,,,,,,,,,,,,false,,,,,,,,,false,
ELEC,Byers Ford - Series,1101 Columbus Pike,,Delaware,OH,43015,,888-998-2546,E,,Public,24 hours daily,,,,,,6,,,Blink Network,https://blinkcharging.com,GPS,40.276569989893154,-83.06933545083243,2026-08-19,374816,2026-08-19 00:25:25 UTC,,,,2024-04-01,,,,,J1772,US,,,,Public,,public,,,,,,,,,,,,,,,,,,,,false,,,,,,,,,false,
ELEC,The Residences at Lucy Ridge,35 Lucy Ridge Road,,Delaware,OH,43015,,888-998-2546,E,,Public,24 hours daily,,,,,,2,,,Blink Network,https://blinkcharging.com,GPS,40.32282969272779,-83.09680493451133,2026-08-19,374878,2026-08-19 00:53:30 UTC,,,,2025-01-03,,,,,J1772,US,,,,Public,,public,,,,,,,,,,,,,,,,,,,,false,,,,,,,,,false,
ELEC,Byers Ford - DCFC,1101 Columbus Pike,,Delaware,OH,43015,,888-998-2546,E,,Public,24 hours daily,,,,,,,6,,Blink Network,https://blinkcharging.com,GPS,40.276569989893154,-83.06933545083243,2026-08-19,375097,2026-08-19 00:17:44 UTC,,,,2024-04-01,,,,,J1772COMBO,US,,,,Public,,public,,,,,,,,,,,,,,,,,,,,false,,,,,,,,,false,
ELEC,VCCENTER VC CENTER 1,1135 Spring Street,,Marysville,OH,43040,,888-758-4389,E,,Public,24 hours daily,,,,,,2,,,ChargePoint Network,https://www.chargepoint.com,GPS,40.239378,-83.387662,2026-08-19,375132,2026-08-19 02:45:16 UTC,,,,2025-01-07,,,,,J1772,US,,,,Public,,public,,,,,,,,,,,,,,,,,,,,false,,,,,,,,,false,
ELEC,VCCENTER VC CENTER 2,1135 Spring Street,,Marysville,OH,43040,,888-758-4389,E,,Public,24 hours daily,,,,,,2,,,ChargePoint Network,https://www.chargepoint.com,GPS,40.239305,-83.38739,2026-08-19,375133,2026-08-19 02:45:17 UTC,,,,2025-01-07,,,,,J1772,US,,,,Public,,public,,,,,,,,,,,,,,,,,,,,false,,,,,,,,,false,
ELEC,Stow-Munroe Falls Public Library,3512 Darrow Road,,Stow,OH,44224,,888-998-2546,E,,Public,24 hours daily,,,,,,2,,,Blink Network,https://blinkcharging.com,GPS,41.16098017978446,-81.44077627455887,2026-08-19,375350,2026-08-19 00:49:28 UTC,,,,2025-01-09,,,,,J1772,US,,,,Public,,public,,,,,,,,,,,,,,,,,,,,false,,,,,,,,,false,
ELEC,Klaben Ford Island - DCFC,1091 West Main Street,,Kent,OH,44240,,888-998-2546,E,,Public,24 hours daily,,,,,,,4,,Blink Network,https://blinkcharging.com,GPS,41.152608756701106,-81.3802990459114,2026-08-19,375496,2026-08-19 00:12:04 UTC,,,,2025-01-13,,,,,J1772COMBO,US,,,,Public,,public,,,,,,,,,,,,,,,,,,,,false,,,,,,,,,false,
ELEC,110 Southwest St.,110 Southwest St.,,Bellevue,OH,44811,,866-816-7584,E,,Public,24 hours daily,,,,,,,4,,EV Connect,https://www.evconnect.com,GPS,41.272561,-82.841663,2026-08-19,375544,2026-08-19 03:46:09 UTC,,,,2025-01-14,,,,,CHADEMO J1772COMBO,US,,,,Public,,public,,,,,,,,,,,,,,,,,,,,false,,,,,,,,,false,
ELEC,Belden Park Crossings,5496 Dressler Road,,North Canton,OH,44720,,877-455-3833,E,,Public,24 hours daily,,,,,,,6,,eVgo Network,https://www.evgo.com,GPS,40.8622333,-81.433564,2026-08-18,375553,2026-08-18 23:58:11 UTC,,,,2025-01-14,,,,,J1772COMBO,US,,,,Public,,public,,,,,,,,,,,,,,,,,,,,false,,,,,,,,,false,NEVI
ELEC,Lakewood High School (Civic Auditorium),14101 Franklin Blvd,,Lakewood,OH,44107,,888-356-8911,E,,Public,24 hours daily,,,,,,2,,,FLO,https://www.flo.com,GPS,41.4818078,-81.7909675,2026-08-19,375630,2026-08-19 04:05:29 UTC,,,,2025-01-15,,,,,J1772,US,,,,Public,,public,,,,,,,,,,,,,,,,,,,,false,,,,,,,,,false,
ELEC,Mettler Polaris,1900 Polaris Parkway,,Columbus,OH,43240,,888-998-2546,E,,Public,24 hours daily,,,,,,2,,,Blink Network,https://blinkcharging.com,GPS,40.14405290751455,-82.96913457645917,2026-08-19,375756,2026-08-19 00:20:24 UTC,,,,2025-01-16,,,,,J1772,US,,,,Public,,public,,,,,,,,,,,,,,,,,,,,false,,,,,,,,,false,
ELEC,Digeronimo Companies,10004 Brecksville Road,,Brecksville,OH,44141,,888-998-2546,E,,Public,24 hours daily,,,,,,8,,,Blink Network,https://blinkcharging.com,GPS,41.28985100819183,-81.62756187455238,2026-08-19,375858,2026-08-19 00:18:37 UTC,,,,2025-01-16,,,,,J1772,US,,,,Public,,public,,,,,,,,,,,,,,,,,,,,false,,,,,,,,,false,
ELEC,"Kings Dodge, Inc.",4486 Kings Water Drive,,Cincinnati,OH,45249,,888-998-2546,E,,Public,24 hours daily,,,,,,2,,,Blink Network,https://blinkcharging.com,GPS,39.29863483819491,-84.30440964153533,2026-08-19,375965,2026-08-19 00:37:43 UTC,,,,2025-01-02,,,,,J1772,US,,,,Public,,public,,,,,,,,,,,,,,,,,,,,false,,,,,,,,,false,
ELEC,VW SHOWROOM VW AUDI SHOP,401 N Hamilton Rd,Audi/Volkswagen Service North Exterior,Columbus,OH,43213,,888-758-4389,E,,Public,24 hours daily,,,,,,,1,,ChargePoint Network,https://www.chargepoint.com,GPS,39.985134,-82.872069,2026-08-19,375980,2026-08-19 02:07:19 UTC,,,,2025-01-22,,,,,CHADEMO J1772COMBO,US,,,,Public,,public,,,,,,,,,,,,,,,,,,,,false,,,,,,,,,false,
ELEC,Jim Schmidt Chevrolet-Buick Inc.,575 West High St,,Hicksville,OH,43526,,866-816-7584,E,,Public,24 hours daily,,,,,,1,2,,EV Connect,https://www.evconnect.com,GPS,41.286384,-84.774809,2026-08-19,376064,2026-08-19 03:47:52 UTC,,,,2025-01-22,,,,,J1772 J1772COMBO,US,,,,Public,,public,,,,,,,,,,,,,,,,,,,,false,,,,,,,,,false,
ELEC,Falls at Settlers walk,10 Falls Blvd,,Springboro,OH,45066,,917-274-7217,E,,Public,24 hours daily,,,,,,12,,,EVIUM,https://www.eviumcharging.com,GPS,39.5825328,-84.202516,2026-08-19,376545,2026-08-19 04:47:48 UTC,,,,2025-01-28,,,,,J1772,US,,,,Public,,public,,,,,,,,,,,,,,,,,,,,false,,,,,,,,,false,
ELEC,TRINITY BLOCK 19.2KW,16400 Detroit Avenue,main parking lot,Lakewood,OH,44107,,888-758-4389,E,,Public,24 hours daily,,,,,,2,,,ChargePoint Network,https://www.chargepoint.com,GPS,41.48558,-81.811509,2026-08-19,377453,2026-08-19 02:46:53 UTC,,,,2025-01-30,,,,,J1772,US,,,,Public,,public,,,,,,,,,,,,,,,,,,,,false,,,,,,,,,false,
ELEC,Glockner Honda Toyota,2867 U.S. 23,,Portsmouth,OH,45662,,888-998-2546,E,,Public,24 hours daily,,,,,,2,,,Blink Network,https://blinkcharging.com,GPS,38.7684365,-82.9867159,2026-08-19,377589,2026-08-19 00:32:01 UTC,,,,2023-08-17,,,,,J1772,US,,,,Public,,public,,,,,,,,,,,,,,,,,,,,false,,,,,,,,,false,
ELEC,Green Road Station,2800 South Green Road,,Shaker Height,OH,44122,,888-356-8911,E,,Public,24 hours daily,,,,,,2,,,FLO,https://www.flo.com,GPS,41.478803,-81.517643,2026-08-19,377975,2026-08-19 04:05:30 UTC,,,,2025-02-05,,,,,J1772,US,,,,Public,,public,,,,,,,,,,,,,,,,,,,,false,,,,,,,,,false,
ELEC,Northgate CDJR,8536 Colerain Avenue,,Cincinnati,OH,45239,,888-998-2546,E,,Public,24 hours daily,,,,,,2,2,,Blink Network,https://blinkcharging.com,GPS,39.22699757066778,-84.58764321718999,2026-08-19,379442,2026-08-19 00:15:29 UTC,,,,2025-02-05,,,,,J1772 J1772COMBO,US,,,,Public,,public,,,,,,,,,,,,,,,,,,,,false,,,,,,,,,false,
ELEC,Greg Sweet Ford,4011 East Center Street,,North Kingsville,OH,44068,,888-998-2546,E,,Public,24 hours daily,,,,,,1,,,Blink Network,https://blinkcharging.com,GPS,41.92354,-80.642426,2026-08-19,380315,2026-08-19 00:22:16 UTC,,,,2024-04-02,,,,,J1772,US,,,,Public,,public,,,,,,,,,,,,,,,,,,,,false,,,,,,,,,false,
ELEC,Jay Honda,175 Broadway Avenue,,Bedford,OH,44146,,888-998-2546,E,,Public,24 hours daily,,,,,,1,1,,Blink Network,https://blinkcharging.com,GPS,41.40218543166746,-81.55096617473373,2026-08-19,381588,2026-08-19 00:35:00 UTC,,,,2023-08-17,,,,,J1772 J1772COMBO,US,,,,Public,,public,,,,,,,,,,,,,,,,,,,,false,,,,,,,,,false,
ELEC,Amherst Family Health Center,5172 Leavitt Rd,,Lorain,OH,44053,,888-998-2546,E,,Public,24 hours daily,,,,,,6,,,Blink Network,https://blinkcharging.com,GPS,41.4212617,-82.2100188,2026-08-19,381969,2026-08-19 00:39:32 UTC,,,,2024-07-09,,,,,J1772,US,,,,Public,,public,,,,,,,,,,,,,,,,,,,,false,,,,,,,,,false,
ELEC,Daystar Ford of Garrettsville,10301 Liberty St,,Garrettsville,OH,44231,,888-998-2546,E,,Public,24 hours daily,,,,,,2,,,Blink Network,https://blinkcharging.com,GPS,41.2729577,-81.0977984,2026-08-19,382166,2026-08-19 00:39:40 UTC,,,,2025-02-07,,,,,J1772,US,,,,Public,,public,,,,,,,,,,,,,,,,,,,,false,,,,,,,,,false,
ELEC,MVRPC(EV#33),2385 State Route 41,,Troy,OH,45373,,888-998-2546,E,,Public,24 hours daily,,,,,,2,,,Blink Network,https://blinkcharging.com,GPS,40.02196365061883,-84.1599273171512,2026-08-19,383913,2026-08-19 00:10:59 UTC,,,,2025-02-10,,,,,J1772,US,,,,Public,,public,,,,,,,,,,,,,,,,,,,,false,,,,,,,,,false,
ELEC,MVRPC(EV#11),2366 Glenarm Avenue,,Dayton,OH,45420,,888-998-2546,T,2026-07-11,TEMPORARILY UNAVAILABLE (Public),24 hours daily,,,,,,2,,,Blink Network,https://blinkcharging.com,GPS,39.73326841277261,-84.13854467483496,2026-08-19,383914,2026-08-19 00:12:41 UTC,,,,2025-02-10,,,,,J1772,US,,,,TEMPORAIREMENT SUSPENDU (Public),,public,,,,,,,,,,,,,,,,,,,,false,,,,,,,,,false,
ELEC,MVRPC(EV#35),3147 North County Road 25A,,Troy,OH,45373,,888-998-2546,E,,Public,24 hours daily,,,,,,2,,,Blink Network,https://blinkcharging.com,GPS,40.0898670185203,-84.22404047481743,2026-08-19,383915,2026-08-19 00:14:14 UTC,,,,2025-02-10,,,,,J1772,US,,,,Public,,public,,,,,,,,,,,,,,,,,,,,false,,,,,,,,,false,
ELEC,MVRPC(EV#25),4790 Frytown Road,,Dayton,OH,45417,,888-998-2546,E,,Public,24 hours daily,,,,,,2,,,Blink Network,https://blinkcharging.com,GPS,39.71676515326358,-84.26625424600098,2026-08-19,383916,2026-08-19 00:16:58 UTC,,,,2025-02-10,,,,,J1772,US,,,,Public,,public,,,,,,,,,,,,,,,,,,,,false,,,,,,,,,false,
ELEC,MVRPC(EV#28),1301 East Siebenthaler Avenue,,Dayton,OH,45414,,888-998-2546,E,,Public,24 hours daily,,,,,,2,,,Blink Network,https://blinkcharging.com,GPS,39.80467040642663,-84.20394298832706,2026-08-19,383917,2026-08-19 00:17:48 UTC,,,,2025-02-10,,,,,J1772,US,,,,Public,,public,,,,,,,,,,,,,,,,,,,,false,,,,,,,,,false,
ELEC,MVRPC(EV#2),57 West Franklin Street,,Bellbrook,OH,45305,,888-998-2546,E,,Public,24 hours daily,,,,,,2,,,Blink Network,https://blinkcharging.com,GPS,39.6359742391205,-84.07286226134414,2026-08-19,383918,2026-08-19 00:20:26 UTC,,,,2025-02-10,,,,,J1772,US,,,,Public,,public,,,,,,,,,,,,,,,,,,,,false,,,,,,,,,false,
ELEC,MVRPC(EV#17),330 South Dixie Drive,,Vandalia,OH,45377,,888-998-2546,E,,Public,24 hours daily,,,,,,2,,,Blink Network,https://blinkcharging.com,GPS,39.887307101828306,-84.19703224599265,2026-08-19,383919,2026-08-19 00:19:29 UTC,,,,2025-02-10,,,,,J1772,US,,,,Public,,public,,,,,,,,,,,,,,,,,,,,false,,,,,,,,,false,
ELEC,MVRPC(EV#14),2718 Lyons Road,,Miamisburg,OH,45342,,888-998-2546,E,,Public,24 hours daily,,,,,,2,,,Blink Network,https://blinkcharging.com,GPS,39.62768293501097,-84.22099775950089,2026-08-19,383920,2026-08-19 00:23:04 UTC,,,,2025-02-10,,,,,J1772,US,,,,Public,,public,,,,,,,,,,,,,,,,,,,,false,,,,,,,,,false,
ELEC,MVRPC(EV#29),3600 Shroyer Road,,Dayton,OH,45429,,888-998-2546,E,,Public,24 hours daily,,,,,,2,,,Blink Network,https://blinkcharging.com,GPS,39.696007904171765,-84.1619858478456,2026-08-19,383921,2026-08-19 00:23:33 UTC,,,,2025-02-10,,,,,J1772,US,,,,Public,,public,,,,,,,,,,,,,,,,,,,,false,,,,,,,,,false,
ELEC,MVRPC(EV#21),6733 North Springboro Pike,,Dayton,OH,45449,,888-998-2546,E,,Public,24 hours daily,,,,,,2,,,Blink Network,https://blinkcharging.com,GPS,39.65423367450364,-84.22453602608364,2026-08-19,383922,2026-08-19 00:25:55 UTC,,,,2025-02-10,,,,,J1772,US,,,,Public,,public,,,,,,,,,,,,,,,,,,,,false,,,,,,,,,false,
ELEC,MVRPC(EV#7),2100 East Centerville Station Road,,Centerville,OH,45458,,888-998-2546,E,,Public,24 hours daily,,,,,,2,,,Blink Network,https://blinkcharging.com,GPS,39.6236470814667,-84.12109560367504,2026-08-19,383923,2026-08-19 00:26:33 UTC,,,,2025-02-10,,,,,J1772,US,,,,Public,,public,,,,,,,,,,,,,,,,,,,,false,,,,,,,,,false,
ELEC,MVRPC(EV#20),7800 Shull Road,,Dayton,OH,45424,,888-998-2546,E,,Public,24 hours daily,,,,,,2,,,Blink Network,https://blinkcharging.com,GPS,39.875476733346865,-84.09349963249765,2026-08-19,383924,2026-08-19 00:28:00 UTC,,,,2025-02-10,,,,,J1772,US,,,,Public,,public,,,,,,,,,,,,,,,,,,,,false,,,,,,,,,false,
ELEC,MVRPC(EV#8),1790 East Social Row Road,,Dayton,OH,45458,,888-998-2546,T,2026-07-19,TEMPORARILY UNAVAILABLE (Public),24 hours daily,,,,,,2,,,Blink Network,https://blinkcharging.com,GPS,39.584680408271,-84.13030181901624,2026-08-19,383925,2026-08-19 00:28:04 UTC,,,,2025-02-10,,,,,J1772,US,,,,TEMPORAIREMENT SUSPENDU (Public),,public,,,,,,,,,,,,,,,,,,,,false,,,,,,,,,false,
ELEC,MVRPC(EV#30),1400 West Dorothy Lane,,Dayton,OH,45409,,888-998-2546,E,,Public,24 hours daily,,,,,,2,,,Blink Network,https://blinkcharging.com,GPS,39.707852328968386,-84.1989444901754,2026-08-19,383926,2026-08-19 00:30:55 UTC,,,,2025-02-10,,,,,J1772,US,,,,Public,,public,,,,,,,,,,,,,,,,,,,,false,,,,,,,,,false,
ELEC,MVRPC(EV#10),2021 West Third Street,,Dayton,OH,45417,,888-998-2546,E,,Public,24 hours daily,,,,,,2,,,Blink Network,https://blinkcharging.com,GPS,39.75439946436654,-84.22758520366864,2026-08-19,383927,2026-08-19 00:31:07 UTC,,,,2025-02-10,,,,,J1772,US,,,,Public,,public,,,,,,,,,,,,,,,,,,,,false,,,,,,,,,false,
ELEC,MVRPC(EV#15),21 Watervliet Avenue,,Dayton,OH,45420,,888-998-2546,E,,Public,24 hours daily,,,,,,2,,,Blink Network,https://blinkcharging.com,GPS,39.73876319928802,-84.1526348748347,2026-08-19,383928,2026-08-19 00:33:30 UTC,,,,2025-02-10,,,,,J1772,US,,,,Public,,public,,,,,,,,,,,,,,,,,,,,false,,,,,,,,,false,
ELEC,MVRPC(EV#27),6910 Boomershine Road,,Germantown,OH,45327,,888-998-2546,E,,Public,24 hours daily,,,,,,2,,,Blink Network,https://blinkcharging.com,GPS,39.64308593386514,-84.42388498833493,2026-08-19,383929,2026-08-19 00:34:53 UTC,,,,2025-02-10,,,,,J1772,US,,,,Public,,public,,,,,,,,,,,,,,,,,,,,false,,,,,,,,,false,
ELEC,MVRPC(EV#16),855 East Main Street,,Trotwood,OH,45426,,888-998-2546,E,,Public,24 hours daily,,,,,,2,,,Blink Network,https://blinkcharging.com,GPS,39.79815769645973,-84.2965677036666,2026-08-19,383931,2026-08-19 00:37:26 UTC,,,,2025-02-10,,,,,J1772,US,,,,Public,,public,,,,,,,,,,,,,,,,,,,,false,,,,,,,,,false,
ELEC,MVRPC(EV#23),955 Aullwood Road,,Dayton,OH,45414,,888-998-2546,E,,Public,24 hours daily,,,,,,2,,,Blink Network,https://blinkcharging.com,GPS,39.87525147672478,-84.26857521250433,2026-08-19,383934,2026-08-19 00:41:19 UTC,,,,2025-02-10,,,,,J1772,US,,,,Public,,public,,,,,,,,,,,,,,,,,,,,false,,,,,,,,,false,
ELEC,MVRPC(EV#26),4178 Conference Road,,Bellbrook,OH,45305,,888-998-2546,E,,Public,24 hours daily,,,,,,2,,,Blink Network,https://blinkcharging.com,GPS,39.617056426991546,-84.09620410367545,2026-08-19,383935,2026-08-19 00:47:57 UTC,,,,2025-02-10,,,,,J1772,US,,,,Public,,public,,,,,,,,,,,,,,,,,,,,false,,,,,,,,,false,
ELEC,MVRPC(EV#22),Old Harshman Road,,Dayton,OH,45431,,888-998-2546,E,,Public,24 hours daily,,,,,,2,,,Blink Network,https://blinkcharging.com,GPS,39.7797188796928,-84.1218874171631,2026-08-19,383936,2026-08-19 00:50:29 UTC,,,,2025-02-10,,,,,J1772,US,,,,Public,,public,,,,,,,,,,,,,,,,,,,,false,,,,,,,,,false,
ELEC,MVRPC(EV#3),East Upper Lewisburg Salem Road,,Brookville,OH,45309,,888-998-2546,E,,Public,24 hours daily,,,,,,2,,,Blink Network,https://blinkcharging.com,GPS,39.84608529831896,-84.41283821715986,2026-08-19,383937,2026-08-19 00:53:35 UTC,,,,2025-02-10,,,,,J1772,US,,,,Public,,public,,,,,,,,,,,,,,,,,,,,false,,,,,,,,,false,
ELEC,MVRPC(EV#4),166 North Main Street,,Centerville,OH,45459,,888-998-2546,E,,Public,24 hours daily,,,,,,2,,,Blink Network,https://blinkcharging.com,GPS,39.62394938391651,-84.15880137538812,2026-08-19,383939,2026-08-19 00:54:03 UTC,,,,2025-02-10,,,,,J1772,US,,,,Public,,public,,,,,,,,,,,,,,,,,,,,false,,,,,,,,,false,
ELEC,MVRPC(EV#19),2222 North James H McGee Boulevard,,Dayton,OH,45417,,888-998-2546,E,,Public,24 hours daily,,,,,,2,,,Blink Network,https://blinkcharging.com,GPS,39.7702166220691,-84.24828738832873,2026-08-19,383940,2026-08-19 00:54:23 UTC,,,,2025-02-10,,,,,J1772,US,,,,Public,,public,,,,,,,,,,,,,,,,,,,,false,,,,,,,,,false,
ELEC,Cleveland Public Library Hough Campus,6530 Lexington Ave.,,Cleveland,OH,44103,,888-356-8911,E,,Public,24 hours daily,,,,,,2,,,FLO,https://www.flo.com,GPS,41.51079,-81.6451875,2026-08-19,384026,2026-08-19 04:05:30 UTC,,,,2025-02-11,,,,,J1772,US,,,,Public,,public,,,,,,,,,,,,,,,,,,,,false,,,,,,,,,false,
ELEC,CCFE AT HOFV,2014 Blake Ave NW,,Canton,OH,44708,,888-758-4389,E,,Public,24 hours daily,,,,,,2,,,ChargePoint Network,https://www.chargepoint.com,GPS,40.82109,-81.399371,2026-08-19,384045,2026-08-19 02:02:39 UTC,,,,2025-02-12,,,,,J1772,US,,,,Public,,public,,,,,,,,,,,,,,,,,,,,false,,,,,,,,,false,
ELEC,LMH 2000 TAMARACK 1,2000 Tamarack Road,,Newark,OH,43055,,888-758-4389,E,,Public,24 hours daily,,,,,,2,,,ChargePoint Network,https://www.chargepoint.com,GPS,40.041986,-82.464579,2026-08-19,384636,2026-08-19 02:47:49 UTC,,,,2025-02-20,,,,,J1772,US,,,,Public,,public,,,,,,,,,,,,,,,,,,,,false,,,,,,,,,false,
ELEC,CMH AIRPORT EV RED EV-1,3795 International Gateway,HANDICAP,Columbus,OH,43219,,888-758-4389,E,,Public,24 hours daily,,,,,,2,,,ChargePoint Network,https://www.chargepoint.com,GPS,39.997764,-82.906654,2026-08-19,384913,2026-08-19 02:48:14 UTC,,,,2025-02-25,,,,,J1772,US,,,,Public,,public,,,,,,,,,,,,,,,,,,,,false,,,,,,,,,false,
ELEC,CMH AIRPORT EV RED EV-2,3795 International Gateway,,Columbus,OH,43219,,888-758-4389,E,,Public,24 hours daily,,,,,,2,,,ChargePoint Network,https://www.chargepoint.com,GPS,39.99779,-82.906649,2026-08-19,384914,2026-08-19 02:48:15 UTC,,,,2025-02-25,,,,,J1772,US,,,,Public,,public,,,,,,,,,,,,,,,,,,,,false,,,,,,,,,false,
ELEC,CMH AIRPORT EV RED EV-3,3795 International Gateway,,Columbus,OH,43219,,888-758-4389,E,,Public,24 hours daily,,,,,,2,,,ChargePoint Network,https://www.chargepoint.com,GPS,39.997799,-82.906648,2026-08-19,384915,2026-08-19 02:48:15 UTC,,,,2025-02-25,,,,,J1772,US,,,,Public,,public,,,,,,,,,,,,,,,,,,,,false,,,,,,,,,false,
ELEC,CMH AIRPORT EV RED EV-4,3795 International Gateway,,Columbus,OH,43219,,888-758-4389,E,,Public,24 hours daily,,,,,,2,,,ChargePoint Network,https://www.chargepoint.com,GPS,39.997829,-82.906642,2026-08-19,384916,2026-08-19 02:48:15 UTC,,,,2025-02-25,,,,,J1772,US,,,,Public,,public,,,,,,,,,,,,,,,,,,,,false,,,,,,,,,false,
ELEC,CMH AIRPORT EV RED EV-5,3795 International Gateway,,Columbus,OH,43219,,888-758-4389,E,,Public,24 hours daily,,,,,,2,,,ChargePoint Network,https://www.chargepoint.com,GPS,39.997874,-82.906639,2026-08-19,384917,2026-08-19 02:48:16 UTC,,,,2025-02-25,,,,,J1772,US,,,,Public,,public,,,,,,,,,,,,,,,,,,,,false,,,,,,,,,false,
ELEC,CMH AIRPORT EV RED EV-6,3795 International Gateway,,Columbus,OH,43219,,888-758-4389,E,,Public,24 hours daily,,,,,,2,,,ChargePoint Network,https://www.chargepoint.com,GPS,39.997949,-82.906633,2026-08-19,384918,2026-08-19 02:48:16 UTC,,,,2025-02-25,,,,,J1772,US,,,,Public,,public,,,,,,,,,,,,,,,,,,,,false,,,,,,,,,false,
ELEC,CMH AIRPORT EV RED EV-7,3795 International Gateway,,Columbus,OH,43219,,888-758-4389,E,,Public,24 hours daily,,,,,,2,,,ChargePoint Network,https://www.chargepoint.com,GPS,39.998004,-82.906624,2026-08-19,384919,2026-08-19 02:48:16 UTC,,,,2025-02-25,,,,,J1772,US,,,,Public,,public,,,,,,,,,,,,,,,,,,,,false,,,,,,,,,false,
ELEC,CMH AIRPORT EV RED EV-8,3795 International Gateway,,Columbus,OH,43219,,888-758-4389,E,,Public,24 hours daily,,,,,,2,,,ChargePoint Network,https://www.chargepoint.com,GPS,39.998041,-82.906613,2026-08-19,384920,2026-08-19 02:48:16 UTC,,,,2025-02-25,,,,,J1772,US,,,,Public,,public,,,,,,,,,,,,,,,,,,,,false,,,,,,,,,false,
ELEC,CMH AIRPORT EV RED EV-9,3795 International Gateway,,Columbus,OH,43219,,888-758-4389,E,,Public,24 hours daily,,,,,,2,,,ChargePoint Network,https://www.chargepoint.com,GPS,39.998074,-82.906615,2026-08-19,384921,2026-08-19 02:48:16 UTC,,,,2025-02-25,,,,,J1772,US,,,,Public,,public,,,,,,,,,,,,,,,,,,,,false,,,,,,,,,false,
ELEC,CMH AIRPORT EV RED EV-10,3795 International Gateway,,Columbus,OH,43219,,888-758-4389,E,,Public,24 hours daily,,,,,,2,,,ChargePoint Network,https://www.chargepoint.com,GPS,39.998129,-82.906616,2026-08-19,384922,2026-08-19 02:48:17 UTC,,,,2025-02-25,,,,,J1772,US,,,,Public,,public,,,,,,,,,,,,,,,,,,,,false,,,,,,,,,false,
ELEC,JEFF WYLER ESTGTE CPE250 1,1117 State Rte 32,,Batavia,OH,45103,,888-758-4389,E,,Public,24 hours daily,,,,,,,1,,ChargePoint Network,https://www.chargepoint.com,GPS,39.091724,-84.255024,2026-08-19,386913,2026-08-19 02:19:32 UTC,,,,2025-02-27,,,,,J1772COMBO TESLA,US,,,,Public,,public,,,,,,,,,,,,,,,,,,,,false,,,,,,,,,false,
ELEC,JEFF WYLER ESTGTE CPE250 2,1117 State Rte 32,,Batavia,OH,45103,,888-758-4389,E,,Public,24 hours daily,,,,,,,1,,ChargePoint Network,https://www.chargepoint.com,GPS,39.09205,-84.254819,2026-08-19,386965,2026-08-19 02:46:59 UTC,,,,2025-02-27,,,,,J1772COMBO TESLA,US,,,,Public,,public,,,,,,,,,,,,,,,,,,,,false,,,,,,,,,false,
ELEC,City of Parma - City Hall,6611 Ridge Rd.,,Parma,OH,44129,,888-356-8911,E,,Public,24 hours daily,,,,,,2,1,,FLO,https://www.flo.com,GPS,41.384397,-81.733355,2026-08-19,387002,2026-08-19 04:05:32 UTC,,,,2025-02-27,,,,,CHADEMO J1772 J1772COMBO,US,,,,Public,,public,,,,,,,,,,,,,,,,,,,,false,,,,,,,,,false,
ELEC,Columbus Zoo and Aquarium,4850 West Powell Road,,Powell,OH,43065,,888-998-2546,E,,Public,24 hours daily,,,,,,12,,,Blink Network,https://blinkcharging.com,GPS,40.15626425733421,-83.11735697775113,2026-08-19,387215,2026-08-19 00:07:14 UTC,,,,2025-03-04,,,,,J1772,US,,,,Public,,public,,,,,,,,,,,,,,,,,,,,false,,,,,,,,,false,EVC-RAA
ELEC,ELYRIA FORD CPK CHARGER 1,1115 E Broad St,,Elyria,OH,44035,,888-758-4389,E,,Public,24 hours daily,,,,,,2,,,ChargePoint Network,https://www.chargepoint.com,GPS,41.360872,-82.074504,2026-08-19,387223,2026-08-19 02:31:17 UTC,,,,2025-03-05,,,,,J1772,US,,,,Public,,public,,,,,,,,,,,,,,,,,,,,false,,,,,,,,,false,
ELEC,RICART KIA CUST PARKIN,4245 South Hamilton Road,,Groveport,OH,43125,,888-758-4389,E,,Public,24 hours daily,,,,,,2,,,ChargePoint Network,https://www.chargepoint.com,GPS,39.891741,-82.887792,2026-08-19,387632,2026-08-19 02:43:47 UTC,,,,2025-03-12,,,,,J1772,US,,,,Public,,public,,,,,,,,,,,,,,,,,,,,false,,,,,,,,,false,
ELEC,CLEVEFDN MCC 2,1975 E 65th St,,Cleveland,OH,44103,,888-758-4389,E,,Public,24 hours daily,,,,,,2,,,ChargePoint Network,https://www.chargepoint.com,GPS,41.504852,-81.64515,2026-08-19,387772,2026-08-19 02:49:05 UTC,,,,2025-03-14,,,,,J1772,US,,,,Public,,public,,,,,,,,,,,,,,,,,,,,false,,,,,,,,,false,
ELEC,CLEVEFDN MCC 1,1975 E 65th St,,Cleveland,OH,44103,,888-758-4389,E,,Public,24 hours daily,,,,,,2,,,ChargePoint Network,https://www.chargepoint.com,GPS,41.504798,-81.645386,2026-08-19,387773,2026-08-19 02:49:05 UTC,,,,2025-03-14,,,,,J1772,US,,,,Public,,public,,,,,,,,,,,,,,,,,,,,false,,,,,,,,,false,
ELEC,Baumann Ford Oregon - DCFC,2811 Navarre Avenue,,Oregon,OH,43616,,888-998-2546,E,,Public,24 hours daily,,,,,,,4,,Blink Network,https://blinkcharging.com,GPS,41.63736116306384,-83.48133592136611,2026-08-19,387891,2026-08-19 00:52:21 UTC,,,,2025-03-14,,,,,J1772COMBO,US,,,,Public,,public,,,,,,,,,,,,,,,,,,,,false,,,,,,,,,false,
ELEC,OFFICE-LMRE #2 LMRE HQ,495 N Main St,,Spencer,OH,44275,,888-758-4389,E,,Public,24 hours daily,,,,,,2,,,ChargePoint Network,https://www.chargepoint.com,GPS,41.109099,-82.12401,2026-08-19,387935,2026-08-19 02:49:17 UTC,,,,2025-03-18,,,,,J1772,US,,,,Public,,public,,,,,,,,,,,,,,,,,,,,false,,,,,,,,,false,
ELEC,OFFICE-LMRE #1 LMRE HQ,495 N Main St,,Spencer,OH,44275,,888-758-4389,E,,Public,24 hours daily,,,,,,2,,,ChargePoint Network,https://www.chargepoint.com,GPS,41.109049,-82.123975,2026-08-19,387936,2026-08-19 02:49:17 UTC,,,,2025-03-18,,,,,J1772,US,,,,Public,,public,,,,,,,,,,,,,,,,,,,,false,,,,,,,,,false,
ELEC,CAKAP BMW CHARGING,5251 Landmark Blvd,,North Canton,OH,44720,,888-758-4389,E,,Public,24 hours daily,,,,,,1,,,ChargePoint Network,https://www.chargepoint.com,GPS,40.911065,-81.428635,2026-08-19,388016,2026-08-19 02:48:35 UTC,,,,2025-03-19,,,,,J1772,US,,,,Public,,public,,,,,,,,,,,,,,,,,,,,false,,,,,,,,,false,
ELEC,CDJR CHARGE EXPRESS PLUS,1290 Hebron Road,,Heath,OH,43056,,888-758-4389,E,,Public,24 hours daily,,,,,,,1,,ChargePoint Network,https://www.chargepoint.com,GPS,40.016733,-82.451788,2026-08-19,388328,2026-08-19 02:45:48 UTC,,,,2025-03-23,,,,,CHADEMO J1772COMBO,US,,,,Public,,public,,,,,,,,,,,,,,,,,,,,false,,,,,,,,,false,
ELEC,Delhi Towne Square,5025 Delhi Pike,,Cincinnati,OH,45238,,888-222-6618,E,,Public,,,,,,,3,,,NOODOE,https://www.noodoe.com,GPS,39.0936111,-84.6105212,2026-08-19,388486,2026-08-19 04:31:22 UTC,,,,2025-03-24,,,,,J1772,US,,,,Public,,public,,,,,,,,,,,,,,,,,,,,false,,,,,,,,,false,
ELEC,UDF Bauer Rd,2222 Winemiller Lane,,Batavia,OH,45103,,888-222-6618,E,,Public,,,,,,,,4,,NOODOE,https://www.noodoe.com,GPS,39.083087,-84.151875,2026-08-19,388494,2026-08-19 04:31:24 UTC,,,,2025-03-24,,,,,J1772COMBO,US,,,,Public,,public,,,,,,,,,,,,,,,,,,,,false,,,,,,,,,false,
ELEC,Go Share High Street Mobility Hub,1161 N High St,,Columbus,OH,43201,,888-222-6618,E,,Public,,,,,,,4,,,NOODOE,https://www.noodoe.com,GPS,39.986165,-83.00562,2026-08-19,388504,2026-08-19 04:31:27 UTC,,,,2025-03-24,,,,,J1772,US,,,,Public,,public,,,,,,,,,,,,,,,,,,,,false,,,,,,,,,false,
ELEC,"TA US-42, London, OH",940 US-42,,London,OH,43140,,833-277-8573,E,,Public,24 hours daily,,,,,,,12,,BP_PULSE,https://www.bp.com/en_us/united-states/home/what-we-do/customers-and-products/bp-pulse/bp-pulse-products.html,GPS,39.953261,-83.379607,2026-08-19,388708,2026-08-19 04:25:18 UTC,,,,2025-03-26,,,,,J1772COMBO TESLA,US,,,,Public,,public,,,,,,,,,,,,,,,,,,,,false,,,,,,,,,false,
ELEC,CAKAP STATION - 1,5251 Landmark Blvd,,North Canton,OH,44720,,888-758-4389,E,,Public,24 hours daily,,,,,,1,,,ChargePoint Network,https://www.chargepoint.com,GPS,40.911065,-81.428635,2026-08-19,388732,2026-08-19 02:48:36 UTC,,,,2025-03-27,,,,,J1772,US,,,,Public,,public,,,,,,,,,,,,,,,,,,,,false,,,,,,,,,false,
ELEC,Westlake Recreation Center,28955 Hilliard BLVD.,,Westlake,OH,44145,,888-356-8911,E,,Public,24 hours daily,,,,,,2,,,FLO,https://www.flo.com,GPS,41.445891,-81.938635,2026-08-19,388763,2026-08-19 04:05:35 UTC,,,,2025-03-27,,,,,J1772,US,,,,Public,,public,,,,,,,,,,,,,,,,,,,,false,,,,,,,,,false,
ELEC,"Conifers Investors, LLC",2555 Lonesome Pine Drive,,Miamisburg,OH,45342,,888-998-2546,T,2026-07-08,TEMPORARILY UNAVAILABLE (Public),24 hours daily,,,,,,4,,,Blink Network,https://blinkcharging.com,GPS,39.6154796,-84.2199752,2026-08-19,388812,2026-08-19 00:42:07 UTC,,,,2022-12-12,,,,,J1772,US,,,,TEMPORAIREMENT SUSPENDU (Public),,public,,,,,,,,,,,,,,,,,,,,false,,,,,,,,,false,
ELEC,OFFICE-LMRE #3 LMRE HQ,1 Cooperative Way,North Side of the Building,Spencer,OH,44275,,888-758-4389,E,,Public,24 hours daily,,,,,,2,,,ChargePoint Network,https://www.chargepoint.com,GPS,41.108991,-82.124036,2026-08-19,388830,2026-08-19 02:49:16 UTC,,,,2025-03-28,,,,,J1772,US,,,,Public,,public,,,,,,,,,,,,,,,,,,,,false,,,,,,,,,false,
ELEC,Pilot Travel Center 303,905 American Road,,Napoleon,OH,43545,,877-455-3833,E,,Public,24 hours daily,,,,,,,4,,eVgo Network,https://www.evgo.com,GPS,41.41677,-84.10512,2026-08-19,388954,2026-08-19 00:02:18 UTC,,,,2025-03-30,,,,,J1772COMBO,US,,,,Public,,public,,,,,,,,,,,,,,,,,,,,false,,,,,,,,,false,
ELEC,195 E. Broad Street Garage,206 E. Capital St.,,Columbus,OH,43215,,855-223-5351,E,,Public,24 hours daily,A D M V,,,,,13,,,FLASH,https://www.flashparking.com/products/diversify-parking-revenue/ev-charging-as-a-revenue-stream/,GPS,39.96209641746519,-82.99471397139409,2026-08-19,388957,2026-08-19 03:53:49 UTC,,,,2025-03-30,,,,,J1772,US,,,,Public,,public,,,PUBLIC,,,,,,,,,,,,,,,,,false,,,,,,,,,false,
ELEC,King Street Parking Lot - Level 2 (Standard) Chargers,129 King Street,,Wadsworth,OH,44281,,888-356-8911,E,,Public,24 hours daily,,,,,,2,,,FLO,https://www.flo.com,GPS,41.026498,-81.730749,2026-08-19,389093,2026-08-19 04:05:35 UTC,,,,2025-04-02,,,,,J1772,US,,,,Public,,public,,,,,,,,,,,,,,,,,,,,false,,,,,,,,,false,
ELEC,RMH RED RED 6,3535 Olentangy River Rd,Red Garage Level 3,Columbus,OH,43214,,888-758-4389,E,,Public,24 hours daily,,,,,,2,,,ChargePoint Network,https://www.chargepoint.com,GPS,40.031157,-83.03581,2026-08-19,389117,2026-08-19 02:48:48 UTC,,,,2025-04-03,,,,,J1772,US,,,,Public,,public,,,,,,,,,,,,,,,,,,,,false,,,,,,,,,false,
ELEC,RMH RED RED 1,3535 Olentangy River Rd,Red Garage Level 3,Columbus,OH,43214,,888-758-4389,E,,Public,24 hours daily,,,,,,2,,,ChargePoint Network,https://www.chargepoint.com,GPS,40.031157,-83.03581,2026-08-19,389118,2026-08-19 02:48:57 UTC,,,,2025-04-03,,,,,J1772,US,,,,Public,,public,,,,,,,,,,,,,,,,,,,,false,,,,,,,,,false,
ELEC,RMH RED RED 4,3535 Olentangy River Rd,Red Garage Level 3,Columbus,OH,43214,,888-758-4389,E,,Public,24 hours daily,,,,,,2,,,ChargePoint Network,https://www.chargepoint.com,GPS,40.031157,-83.03581,2026-08-19,389119,2026-08-19 02:48:57 UTC,,,,2025-04-03,,,,,J1772,US,,,,Public,,public,,,,,,,,,,,,,,,,,,,,false,,,,,,,,,false,
ELEC,RMH RED RED 8,3535 Olentangy River Rd,Red Garage Level 3,Columbus,OH,43214,,888-758-4389,E,,Public,24 hours daily,,,,,,2,,,ChargePoint Network,https://www.chargepoint.com,GPS,40.031157,-83.03581,2026-08-19,389120,2026-08-19 02:48:57 UTC,,,,2025-04-03,,,,,J1772,US,,,,Public,,public,,,,,,,,,,,,,,,,,,,,false,,,,,,,,,false,
ELEC,RMH RED RED 7,3535 Olentangy River Rd,Red Garage Level 3,Columbus,OH,43214,,888-758-4389,E,,Public,24 hours daily,,,,,,2,,,ChargePoint Network,https://www.chargepoint.com,GPS,40.031157,-83.03581,2026-08-19,389121,2026-08-19 02:48:57 UTC,,,,2025-04-03,,,,,J1772,US,,,,Public,,public,,,,,,,,,,,,,,,,,,,,false,,,,,,,,,false,
ELEC,RMH RED RED 5,3535 Olentangy River Rd,Red Garage Level 3,Columbus,OH,43214,,888-758-4389,E,,Public,24 hours daily,,,,,,2,,,ChargePoint Network,https://www.chargepoint.com,GPS,40.031157,-83.03581,2026-08-19,389122,2026-08-19 02:48:58 UTC,,,,2025-04-03,,,,,J1772,US,,,,Public,,public,,,,,,,,,,,,,,,,,,,,false,,,,,,,,,false,
ELEC,RMH RED RED 3,3535 Olentangy River Rd,Red Garage Level 3,Columbus,OH,43214,,888-758-4389,E,,Public,24 hours daily,,,,,,2,,,ChargePoint Network,https://www.chargepoint.com,GPS,40.031157,-83.03581,2026-08-19,389123,2026-08-19 02:48:59 UTC,,,,2025-04-03,,,,,J1772,US,,,,Public,,public,,,,,,,,,,,,,,,,,,,,false,,,,,,,,,false,
ELEC,RMH RED RED 2,3535 Olentangy River Rd,Adjacent to ramp,Columbus,OH,43214,,888-758-4389,E,,Public,24 hours daily,,,,,,2,,,ChargePoint Network,https://www.chargepoint.com,GPS,40.031157,-83.03581,2026-08-19,389124,2026-08-19 02:48:59 UTC,,,,2025-04-03,,,,,J1772,US,,,,Public,,public,,,,,,,,,,,,,,,,,,,,false,,,,,,,,,false,
ELEC,RMH RED RED 10,3535 Olentangy River Rd,Red Garage Level 3,Columbus,OH,43214,,888-758-4389,E,,Public,24 hours daily,,,,,,2,,,ChargePoint Network,https://www.chargepoint.com,GPS,40.031157,-83.03581,2026-08-19,389125,2026-08-19 02:49:04 UTC,,,,2025-04-03,,,,,J1772,US,,,,Public,,public,,,,,,,,,,,,,,,,,,,,false,,,,,,,,,false,
ELEC,RMH RED RED 9,3535 Olentangy River Rd,Red Garage Level 3,Columbus,OH,43214,,888-758-4389,E,,Public,24 hours daily,,,,,,2,,,ChargePoint Network,https://www.chargepoint.com,GPS,40.031157,-83.03581,2026-08-19,389126,2026-08-19 02:49:05 UTC,,,,2025-04-03,,,,,J1772,US,,,,Public,,public,,,,,,,,,,,,,,,,,,,,false,,,,,,,,,false,
ELEC,"Distillery III, LLC",1812 Bourbon Street,,Ashville,OH,43103,,888-998-2546,E,,Public,24 hours daily,,,,,,4,,,Blink Network,https://blinkcharging.com,GPS,39.7226620991619,-82.95886997483545,2026-08-19,389320,2026-08-19 00:24:07 UTC,,,,2024-02-15,,,,,J1772,US,,,,Public,,public,,,,,,,,,,,,,,,,,,,,false,,,,,,,,,false,
ELEC,CRW3 CENTRAL STATION 2B,38501 Mentor Ave,,Willoughby,OH,44094,,888-758-4389,E,,Public,24 hours daily,,,,,,1,,,ChargePoint Network,https://www.chargepoint.com,GPS,41.643799,-81.396795,2026-08-19,389352,2026-08-19 02:49:44 UTC,,,,2025-04-04,,,,,J1772,US,,,,Public,,public,,,,,,,,,,,,,,,,,,,,false,,,,,,,,,false,
ELEC,CRW3 CENTRAL STATION 2A,38501 Mentor Ave,,Willoughby,OH,44094,,888-758-4389,E,,Public,24 hours daily,,,,,,1,,,ChargePoint Network,https://www.chargepoint.com,GPS,41.643814,-81.396795,2026-08-19,389355,2026-08-19 02:50:07 UTC,,,,2025-04-04,,,,,J1772,US,,,,Public,,public,,,,,,,,,,,,,,,,,,,,false,,,,,,,,,false,
ELEC,CRW3 CENTRAL STATION 1A,38401 Mentor Ave,,Willoughby,OH,44094,,888-758-4389,E,,Public,24 hours daily,,,,,,1,,,ChargePoint Network,https://www.chargepoint.com,GPS,41.643501,-81.397978,2026-08-19,389356,2026-08-19 02:50:09 UTC,,,,2025-04-04,,,,,J1772,US,,,,Public,,public,,,,,,,,,,,,,,,,,,,,false,,,,,,,,,false,
ELEC,CRW3 CENTRAL STATION 1B,38401 Mentor Ave,,Willoughby,OH,44094,,888-758-4389,E,,Public,24 hours daily,,,,,,1,,,ChargePoint Network,https://www.chargepoint.com,GPS,41.643506,-81.397971,2026-08-19,389357,2026-08-19 02:50:09 UTC,,,,2025-04-04,,,,,J1772,US,,,,Public,,public,,,,,,,,,,,,,,,,,,,,false,,,,,,,,,false,
ELEC,CRW3 CENTRAL STATION 3B,38501 Mentor Ave,,Willoughby,OH,44094,,888-758-4389,E,,Public,24 hours daily,,,,,,1,,,ChargePoint Network,https://www.chargepoint.com,GPS,41.64408,-81.39687,2026-08-19,389358,2026-08-19 02:50:10 UTC,,,,2025-04-04,,,,,J1772,US,,,,Public,,public,,,,,,,,,,,,,,,,,,,,false,,,,,,,,,false,
ELEC,CRW3 CENTRAL STATION 3A,38501 Mentor Ave,,Willoughby,OH,44094,,888-758-4389,E,,Public,24 hours daily,,,,,,1,,,ChargePoint Network,https://www.chargepoint.com,GPS,41.644072,-81.396875,2026-08-19,389359,2026-08-19 02:50:10 UTC,,,,2025-04-04,,,,,J1772,US,,,,Public,,public,,,,,,,,,,,,,,,,,,,,false,,,,,,,,,false,
ELEC,TOM AHL HYUNDAI UNIT 5,2701 Allentown Rd,,Lima,OH,45805,,888-758-4389,E,,Public,24 hours daily,,,,,,,1,,ChargePoint Network,https://www.chargepoint.com,GPS,40.750544,-84.156846,2026-08-19,389363,2026-08-19 02:50:23 UTC,,,,2025-04-04,,,,,CHADEMO J1772COMBO,US,,,,Public,,public,,,,,,,,,,,,,,,,,,,,false,,,,,,,,,false,
ELEC,Twinsburgh Family Health & Surgery Center,8701 Darrow Rd,,Twinsburg,OH,44087,,888-998-2546,E,,Public,24 hours daily,,,,,,6,,,Blink Network,https://blinkcharging.com,GPS,41.302630801438404,-81.43946464055936,2026-08-19,389394,2026-08-19 00:39:50 UTC,,,,2025-04-04,,,,,J1772,US,,,,Public,,public,,,,,,,,,,,,,,,,,,,,false,,,,,,,,,false,
ELEC,LCCC - Parking Lot 8,1005 North Abbe Road,,Elyria,OH,44035,,888-356-8911,E,,Public,24 hours daily,,,,,,2,1,,FLO,https://www.flo.com,GPS,41.41559,-82.075053,2026-08-19,389556,2026-08-19 04:05:35 UTC,,,,2025-04-08,,,,,CHADEMO J1772 J1772COMBO,US,,,,Public,,public,,,,,,,,,,,,,,,,,,,,false,,,,,,,,,false,
ELEC,Baumann Ford Genoa S7,22110 Ohio 51,,Genoa,OH,43430,,888-998-2546,E,,Public,24 hours daily,,,,,,4,,,Blink Network,https://blinkcharging.com,GPS,41.53173388410048,-83.3606126790582,2026-08-19,390033,2026-08-19 00:40:48 UTC,,,,2025-04-16,,,,,J1772,US,,,,Public,,public,,,,,,,,,,,,,,,,,,,,false,,,,,,,,,false,
ELEC,"Willoughby, OH Rechargery @ Sheetz - OH 306",4145 OH 306,,Willoughby,OH,44094,,833-466-2474,E,,Public,24 hours daily,,,,,,,10,,IONNA,https://www.ionna.com,GPS,41.639127,-81.372604,2026-08-19,390098,2026-08-19 05:05:25 UTC,,,,2025-04-17,,,,,J1772COMBO TESLA,US,,,,Public,,public,,,,,,,,,,,,,,,,,,,,false,,,,,,,,,false,
ELEC,"Springfield, OH Rechargery @ Sheetz - Titus Rd",1751 Titus Rd,,Springfield,OH,45502,,833-466-2474,E,,Public,24 hours daily,,,,,,,10,,IONNA,https://www.ionna.com,GPS,39.894766,-83.720639,2026-08-19,390099,2026-08-19 05:05:25 UTC,,,,2025-04-17,,,,,J1772COMBO TESLA,US,,,,Public,,public,,,,,,,,,,,,,,,,,,,,false,,,,,,,,,false,
ELEC,"Reynoldsburg, OH Rechargery - Brice Rd",2727 Brice Road,,Reynoldsburg,OH,43232,,833-466-2474,E,,Public,24 hours daily,,,,,,,12,,IONNA,https://www.ionna.com,GPS,39.925626,-82.832087,2026-08-19,390196,2026-08-19 05:05:29 UTC,,,,2025-04-18,,,,,J1772COMBO TESLA,US,,,,Public,,public,,,,,,,,,,,,,,,,,,,,false,,,,,,,,,false,
ELEC,Central House of Brews,2213 Central Ave,,Middletown,OH,45044,,513-594-6841,E,,Public,24 hours daily,A D Debit M V,,,,,1,,,AUTEL,https://autelenergy.us,GPS,39.51277,-84.385535,2025-05-12,390253,2026-02-02 23:16:24 UTC,P,,,2025-01-29,,,,,J1772,US,,,,Public,,public,,,BREWERY_DISTILLERY_WINERY,,,,,,,$0.30 per kWh,,,,,,,,,,false,,,,,,,,LD,false,
ELEC,Raabe Ford,11260 Elida Rd,,Delphos,OH,45833,,888-357-1009,E,,Public,Mon: 7:00am-8:00pm; Tue: 7:00am-8:00pm; Wed: 7:00am-8:00pm; Thu: 7:00am-8:00pm; Fri: 7:00am-8:00pm; Sat: 7:00am-8:00pm; Sun: 7:00am-8:00pm,A ANDROID_PAY APPLE_PAY CREDIT D Debit M V,,,,,,2,,FORD_CHARGE,https://www.ford.com/support/category/electric-vehicle/charging/public-charging/,GPS,40.839568,-84.319252,2026-08-19,390342,2026-08-19 05:17:14 UTC,,,,2024-08-15,,,,,J1772COMBO,US,,,,Public,,public,,,PUBLIC,,,,,,,,,,,,,,,,,false,,,,,,,,,false,
ELEC,Reineke Ford of Lima,1360 Greely Chapel Rd,,Lima,OH,45804,,888-357-1009,E,,Public,24 hours daily,A ANDROID_PAY APPLE_PAY CREDIT D Debit M V,,,,,,2,,FORD_CHARGE,https://www.ford.com/support/category/electric-vehicle/charging/public-charging/,GPS,40.721082,-84.071797,2026-08-19,390343,2026-08-19 05:17:00 UTC,,,,2024-04-30,,,,,J1772COMBO,US,,,,Public,,public,,,PUBLIC,,,,,,,,,,,,,,,,,false,,,,,,,,,false,
ELEC,Graham Ford,1515 W 4th St,,Mansfield,OH,44903,,888-357-1009,E,,Public,24 hours daily,A ANDROID_PAY APPLE_PAY CREDIT D Debit M V,,,,,,6,,FORD_CHARGE,https://www.ford.com/support/category/electric-vehicle/charging/public-charging/,GPS,40.767987,-82.566605,2026-08-19,390401,2026-08-19 05:17:17 UTC,,,,2024-10-11,,,,,J1772COMBO,US,,,,Public,,public,,,PUBLIC,,,,,,,,,,,,,,,,,false,,,,,,,,,false,
ELEC,"Parma, OH - Tesla Supercharger",7526 Broadview Rd,,Parma,OH,44134,,877-798-3752,E,,Public,24 hours daily. NACS partner enabled.,A D Debit M V,,,,,,12,,Tesla,https://www.tesla.com/supercharger,GPS,41.360806,-81.685573,2026-06-18,390494,2026-06-18 14:46:21 UTC,P,,,2025-03-18,,,,,TESLA,US,,,,Public,,public,,,SHOPPING_CENTER,,,,,,,,,,,,,,,,,false,,,,,,,,LD,true,
ELEC,CITY OF KENT CITY HALL 1 N,319 S Water St,,Kent,OH,44240,,888-758-4389,E,,Public,24 hours daily,,,,,,2,,,ChargePoint Network,https://www.chargepoint.com,GPS,41.151004,-81.357551,2026-08-19,390800,2026-08-19 02:47:52 UTC,,,,2025-04-25,,,,,J1772,US,,,,Public,,public,,,,,,,,,,,,,,,,,,,,false,,,,,,,,,false,
ELEC,CITY OF KENT CITY HALL 2 S,319 South Water Street,City Hall Parking Lot,Kent,OH,44240,,888-758-4389,E,,Public,24 hours daily,,,,,,2,,,ChargePoint Network,https://www.chargepoint.com,GPS,41.150807,-81.357556,2026-08-19,390801,2026-08-19 02:47:52 UTC,,,,2025-04-25,,,,,J1772,US,,,,Public,,public,,,,,,,,,,,,,,,,,,,,false,,,,,,,,,false,
ELEC,"Findlay, OH - West Main Cross Street - Tesla Supercharger",1215 W Main Cross St,,Findlay,OH,45840,,877-798-3752,E,,Public,24 hours daily. NACS partner enabled.,A D Debit M V,,,,,,12,,Tesla,https://www.tesla.com/supercharger,GPS,41.040752,-83.668451,2026-06-18,391088,2026-06-18 14:46:21 UTC,P,,,2025-04-22,,,,,TESLA,US,,,,Public,,public,,,GAS_STATION,,,,,,,,,,,,,,,,,false,,,,,,,,LD,true,
ELEC,"Maumee, OH - Meijer",1391 Conant Street,,Maumee,OH,43537,,866-576-1495,E,,Public,24 hours daily,A ACCOUNT_BALANCE D M V,,,,,2,,,RIVIAN_WAYPOINTS,https://rivian.com/experience/charging,GPS,41.5788959,-83.6654099,2026-08-19,391142,2026-08-19 03:51:01 UTC,,,,2023-11-18,,,,,J1772,US,,,,Public,,public,,,PUBLIC,,,,,,,,,,,,,,,,,false,,,,,,,,,false,
ELEC,Morgan Swamp Preserve,3973 Callender Road,,Rock Creek,OH,44084,,866-576-1495,E,,Public,24 hours daily,A ACCOUNT_BALANCE D M V,,,,,2,,,RIVIAN_WAYPOINTS,https://rivian.com/experience/charging,GPS,41.63726,-80.89151,2026-08-19,391177,2026-08-19 03:51:10 UTC,,,,2022-11-04,,,,,J1772,US,,,,Public,,public,,,PUBLIC,,,,,,,,,,,,,,,,,false,,,,,,,,,false,
ELEC,"Maumee, OH",1391 Conant Street,,Maumee,OH,43537,,866-576-1495,E,,Public,24 hours daily,A ACCOUNT_BALANCE D M V,,,,,,6,,RIVIAN_ADVENTURE,https://rivian.com/experience/charging,GPS,41.5789,-83.66528,2026-08-19,391241,2026-08-19 03:51:26 UTC,,,,2025-04-24,,,,,J1772COMBO TESLA,US,,,,Public,,public,,,PUBLIC,,,,,,,,,,,,,,,,,false,,,,,,,,,false,
ELEC,"Strongsville, OH",8913 Pearl Road,,Strongsville,OH,44136,,866-576-1495,E,,Public,24 hours daily,A ACCOUNT_BALANCE D M V,,,,,,6,,RIVIAN_ADVENTURE,https://rivian.com/experience/charging,GPS,41.34414,-81.82397,2026-08-19,391314,2026-08-19 03:51:43 UTC,,,,2025-04-23,,,,,TESLA,US,,,,Public,,public,,,PUBLIC,,,,,,,,,,,,,,,,,false,,,,,,,,,false,
ELEC,SOUTH EUCLID QUARRY PARK S2,711 South Belvoir Boulevard,Quarry Park North,South Euclid,OH,44121,,888-758-4389,E,,Public,24 hours daily,,,,,,2,,,ChargePoint Network,https://www.chargepoint.com,GPS,41.537901,-81.533345,2026-08-19,391508,2026-08-19 02:50:53 UTC,,,,2025-05-01,,,,,J1772,US,,,,Public,,public,,,,,,,,,,,,,,,,,,,,false,,,,,,,,,false,
ELEC,Dave Arbogast Buick-GMC,3540 S COUNTY RD 25A,,TROY,OH,45373,,866-816-7584,E,,Public,24 hours daily,,,,,,1,1,,EV Connect,https://www.evconnect.com,GPS,39.98736,-84.202363,2026-08-19,391560,2026-08-19 03:45:31 UTC,,,,2025-05-01,,,,,J1772 J1772COMBO,US,,,,Public,,public,,,,,,,,,,,,,,,,,,,,false,,,,,,,,,false,
ELEC,Beau Townsend S7,1020 West National Road,,Vandalia,OH,45377,,888-998-2546,E,,Public,24 hours daily,,,,,,12,,,Blink Network,https://blinkcharging.com,GPS,39.888535898950856,-84.21707651695081,2026-08-19,391604,2026-08-19 00:38:55 UTC,,,,2025-05-01,,,,,J1772,US,,,,Public,,public,,,,,,,,,,,,,,,,,,,,false,,,,,,,,,false,
ELEC,Beau Townsend DCFC,1020 West National Road,,Vandalia,OH,45377,,888-998-2546,E,,Public,24 hours daily,,,,,,,4,,Blink Network,https://blinkcharging.com,GPS,39.889056,-84.217563,2026-08-19,391687,2026-08-19 00:18:28 UTC,,,,2025-05-02,,,,,J1772COMBO,US,,,,Public,,public,,,,,,,,,,,,,,,,,,,,false,,,,,,,,,false,
ELEC,"Cortland, OH - Tesla Supercharger",2160 Millennium Blvd,,Cortland,OH,44410,,877-798-3752,E,,Public,24 hours daily. NACS partner enabled.,A D Debit M V,,,,,,12,,Tesla,https://www.tesla.com/supercharger,GPS,41.2768465,-80.7736494,2026-06-18,391770,2026-06-18 14:46:21 UTC,P,,,2025-05-02,,,,,TESLA,US,,,,Public,,public,,,SHOPPING_CENTER,,,,,,,,,,,,,,,,,false,,,,,,,,LD,true,
ELEC,VCPARK VC PARK 2,7340 Ferris St,,Aurora,OH,44202,,888-758-4389,E,,Public,24 hours daily,,,,,,2,,,ChargePoint Network,https://www.chargepoint.com,GPS,41.349508,-81.377474,2026-08-19,391786,2026-08-19 02:50:23 UTC,,,,2025-05-06,,,,,J1772,US,,,,Public,,public,,,,,,,,,,,,,,,,,,,,false,,,,,,,,,false,
ELEC,VCPARK VC PARK 1,7340 Ferris St,,Aurora,OH,44202,,888-758-4389,E,,Public,24 hours daily,,,,,,2,,,ChargePoint Network,https://www.chargepoint.com,GPS,41.349506,-81.377473,2026-08-19,391787,2026-08-19 02:50:23 UTC,,,,2025-05-06,,,,,J1772,US,,,,Public,,public,,,,,,,,,,,,,,,,,,,,false,,,,,,,,,false,
ELEC,LAKEWOOD KAUFFMAN PARK,15450 Detroit Avenue,Kauffman Park (City of Lakewood),Lakewood,OH,44107,,888-758-4389,E,,Public,24 hours daily,,,,,,,1,,ChargePoint Network,https://www.chargepoint.com,GPS,41.486123,-81.805035,2026-08-19,394129,2026-08-19 02:51:58 UTC,,,,2025-05-07,,,,,CHADEMO J1772COMBO,US,,,,Public,,public,,,,,,,,,,,,,,,,,,,,false,,,,,,,,,false,
ELEC,"IKEA Store 175 (West Chester Township, OH)",9500 Ikea Way,,West Chester Township,OH,45069,,833-632-2778,E,,Public,24 hours daily,,,,,,,6,,Electrify America,https://www.electrifyamerica.com,GPS,39.3156,-84.4325,2026-08-19,395245,2026-08-19 03:35:58 UTC,,,,2025-05-08,,,,,J1772COMBO,US,,,,Public,,public,,,,,,,,,,,,,,,,,,,,false,,,,,,,,,false,
ELEC,Progressive Chevrolet - Series,8000 Hills and Dales Road,,Massillon,OH,44646,,888-998-2546,E,,Public,Mon: 12:00am-12:00am; Tue: 12:00am-12:00am; Wed: 12:00am-12:00am; Thu: 12:00am-12:00am; Fri: 12:00am-12:00am; Sat: 12:00am-12:00am; Sun: 12:00am-12:00am,,,,,,2,,,Blink Network,https://blinkcharging.com,GPS,40.81956435546112,-81.50229278562065,2026-08-19,395507,2026-08-19 00:18:24 UTC,,,,2025-05-13,,,,,J1772,US,,,,Public,,public,,,,,,,,,,,,,,,,,,,,false,,,,,,,,,false,
ELEC,ROCKY BRANDS 1,39 E Canal St,,Nelsonville,OH,45764,,888-758-4389,E,,Public,24 hours daily,,,,,,1,,,ChargePoint Network,https://www.chargepoint.com,GPS,39.458262,-82.232297,2026-08-19,395553,2026-08-19 02:52:44 UTC,,,,2025-05-14,,,,,J1772,US,,,,Public,,public,,,,,,,,,,,,,,,,,,,,false,,,,,,,,,false,
ELEC,ROCKY BRANDS 2,39 E Canal St,,Nelsonville,OH,45764,,888-758-4389,E,,Public,24 hours daily,,,,,,1,,,ChargePoint Network,https://www.chargepoint.com,GPS,39.458245,-82.232278,2026-08-19,395554,2026-08-19 02:52:44 UTC,,,,2025-05-14,,,,,J1772,US,,,,Public,,public,,,,,,,,,,,,,,,,,,,,false,,,,,,,,,false,
ELEC,ROCKY BRANDS 3,39 E Canal St,,Nelsonville,OH,45764,,888-758-4389,E,,Public,24 hours daily,,,,,,1,,,ChargePoint Network,https://www.chargepoint.com,GPS,39.458228,-82.232269,2026-08-19,395555,2026-08-19 02:52:44 UTC,,,,2025-05-14,,,,,J1772,US,,,,Public,,public,,,,,,,,,,,,,,,,,,,,false,,,,,,,,,false,
ELEC,ROCKY BRANDS 4,39 E Canal St,,Nelsonville,OH,45764,,888-758-4389,E,,Public,24 hours daily,,,,,,1,,,ChargePoint Network,https://www.chargepoint.com,GPS,39.458214,-82.232257,2026-08-19,395556,2026-08-19 02:52:44 UTC,,,,2025-05-14,,,,,J1772,US,,,,Public,,public,,,,,,,,,,,,,,,,,,,,false,,,,,,,,,false,
ELEC,5xNW,1350 West 5th Avenue,,Columbus,OH,43212,,888-998-2546,E,,Public,24 hours daily,,,,,,2,,,Blink Network,https://blinkcharging.com,GPS,39.98924510301834,-83.04267931879548,2026-08-19,395712,2026-08-19 00:44:55 UTC,,,,2025-05-15,,,,,J1772,US,,,,Public,,public,,,,,,,,,,,,,,,,,,,,false,,,,,,,,,false,
ELEC,GMC GMCMOB BLUE 13,332 E State St,Garage L4 north wall,Columbus,OH,43215,,888-758-4389,E,,Public,24 hours daily,,,,,,2,,,ChargePoint Network,https://www.chargepoint.com,GPS,39.961347,-82.991095,2026-08-19,395736,2026-08-19 02:52:16 UTC,,,,2025-05-16,,,,,J1772,US,,,,Public,,public,,,,,,,,,,,,,,,,,,,,false,,,,,,,,,false,
ELEC,GMC GMCMOB BLUE 12,332 E State St,Garage L4 north wall,Columbus,OH,43215,,888-758-4389,E,,Public,24 hours daily,,,,,,2,,,ChargePoint Network,https://www.chargepoint.com,GPS,39.961347,-82.991095,2026-08-19,395737,2026-08-19 02:52:16 UTC,,,,2025-05-16,,,,,J1772,US,,,,Public,,public,,,,,,,,,,,,,,,,,,,,false,,,,,,,,,false,
ELEC,GMC GMCMOB BLUE 10,332 E State St,Garage L4 north wall,Columbus,OH,43215,,888-758-4389,E,,Public,24 hours daily,,,,,,2,,,ChargePoint Network,https://www.chargepoint.com,GPS,39.961347,-82.991095,2026-08-19,395738,2026-08-19 02:52:17 UTC,,,,2025-05-16,,,,,J1772,US,,,,Public,,public,,,,,,,,,,,,,,,,,,,,false,,,,,,,,,false,
ELEC,GMC GMC MOB BLUE 9,332 E State St,Garage L4 north wall,Columbus,OH,43215,,888-758-4389,E,,Public,24 hours daily,,,,,,2,,,ChargePoint Network,https://www.chargepoint.com,GPS,39.961347,-82.991095,2026-08-19,395739,2026-08-19 02:52:17 UTC,,,,2025-05-16,,,,,J1772,US,,,,Public,,public,,,,,,,,,,,,,,,,,,,,false,,,,,,,,,false,
ELEC,GMC GMCMOB BLUE 1,332 E State St,Garage L4 north wall,Columbus,OH,43215,,888-758-4389,E,,Public,24 hours daily,,,,,,2,,,ChargePoint Network,https://www.chargepoint.com,GPS,39.961347,-82.991095,2026-08-19,395740,2026-08-19 02:52:17 UTC,,,,2025-05-16,,,,,J1772,US,,,,Public,,public,,,,,,,,,,,,,,,,,,,,false,,,,,,,,,false,
ELEC,GMC GMC MOB BLUE 2,332 E State St,Garage L4 north wall,Columbus,OH,43215,,888-758-4389,E,,Public,24 hours daily,,,,,,2,,,ChargePoint Network,https://www.chargepoint.com,GPS,39.961347,-82.991095,2026-08-19,395741,2026-08-19 02:52:17 UTC,,,,2025-05-16,,,,,J1772,US,,,,Public,,public,,,,,,,,,,,,,,,,,,,,false,,,,,,,,,false,
ELEC,GMC GMC MOB BLUE 3,332 E State St,Garage L4 north wall,Columbus,OH,43215,,888-758-4389,E,,Public,24 hours daily,,,,,,2,,,ChargePoint Network,https://www.chargepoint.com,GPS,39.961347,-82.991095,2026-08-19,395742,2026-08-19 02:52:18 UTC,,,,2025-05-16,,,,,J1772,US,,,,Public,,public,,,,,,,,,,,,,,,,,,,,false,,,,,,,,,false,
ELEC,GMC GMC MOB BLUE 4,332 E State St,Garage L4 north wall,Columbus,OH,43215,,888-758-4389,E,,Public,24 hours daily,,,,,,2,,,ChargePoint Network,https://www.chargepoint.com,GPS,39.961347,-82.991095,2026-08-19,395743,2026-08-19 02:52:18 UTC,,,,2025-05-16,,,,,J1772,US,,,,Public,,public,,,,,,,,,,,,,,,,,,,,false,,,,,,,,,false,
ELEC,GMC GMC MOB BLUE 5,332 E State St,Garage L4 north wall,Columbus,OH,43215,,888-758-4389,E,,Public,24 hours daily,,,,,,2,,,ChargePoint Network,https://www.chargepoint.com,GPS,39.961347,-82.991095,2026-08-19,395744,2026-08-19 02:52:18 UTC,,,,2025-05-16,,,,,J1772,US,,,,Public,,public,,,,,,,,,,,,,,,,,,,,false,,,,,,,,,false,
ELEC,GMC GMC MOB BLUE 6,332 E State St,Garage L4 north wall,Columbus,OH,43215,,888-758-4389,E,,Public,24 hours daily,,,,,,2,,,ChargePoint Network,https://www.chargepoint.com,GPS,39.961347,-82.991095,2026-08-19,395745,2026-08-19 02:52:18 UTC,,,,2025-05-16,,,,,J1772,US,,,,Public,,public,,,,,,,,,,,,,,,,,,,,false,,,,,,,,,false,
ELEC,GMC GMC MOB BLUE 7,332 E State St,Garage L4 north wall,Columbus,OH,43215,,888-758-4389,E,,Public,24 hours daily,,,,,,2,,,ChargePoint Network,https://www.chargepoint.com,GPS,39.961347,-82.991095,2026-08-19,395746,2026-08-19 02:52:18 UTC,,,,2025-05-16,,,,,J1772,US,,,,Public,,public,,,,,,,,,,,,,,,,,,,,false,,,,,,,,,false,
ELEC,King Street Parking Lot - Level 3 (Fast) Charger,120 Maple Street,,Wadsworth,OH,44281,,888-356-8911,E,,Public,24 hours daily,,,,,,,1,,FLO,https://www.flo.com,GPS,41.026498,-81.730749,2026-08-19,395767,2026-08-19 04:05:35 UTC,,,,2025-05-16,,,,,CHADEMO J1772COMBO,US,,,,Public,,public,,,,,,,,,,,,,,,,,,,,false,,,,,,,,,false,
ELEC,Spitzer Chrysler Dodge Jeep Ram,1777 West 4th Street,,Ontario,OH,44906,,888-998-2546,E,,Public,24 hours daily,,,,,,2,,,Blink Network,https://blinkcharging.com,GPS,40.7698057,-82.5796544,2026-08-19,395966,2026-08-19 00:39:10 UTC,,,,2025-05-20,,,,,J1772,US,,,,Public,,public,,,,,,,,,,,,,,,,,,,,false,,,,,,,,,false,
ELEC,CLOUD CITY HALL 1,6141 Taylorsville Road,,Dayton,OH,45424,,888-758-4389,E,,Public,24 hours daily,,,,,,2,,,ChargePoint Network,https://www.chargepoint.com,GPS,39.863155,-84.130719,2026-08-19,396237,2026-08-19 02:49:15 UTC,,,,2025-05-24,,,,,J1772,US,,,,Public,,public,,,,,,,,,,,,,,,,,,,,false,,,,,,,,,false,
ELEC,VOLVO CARS DUBL BENTLEY OUTSIDE,5875 Venture Dr,,Dublin,OH,43017,,888-758-4389,E,,Public,24 hours daily,,,,,,1,,,ChargePoint Network,https://www.chargepoint.com,GPS,40.099977,-83.149734,2026-08-19,396290,2026-08-19 02:53:29 UTC,,,,2025-05-24,,,,,J1772,US,,,,Public,,public,,,,,,,,,,,,,,,,,,,,false,,,,,,,,,false,
ELEC,Whiteside Chevrolet GMC,50714 National Rd E St,,Clairsville,OH,43950,,313-262-6722,E,,Public,,,,,,,,2,,RED_E,https://www.redecharge.com,GPS,40.07727105615,-80.87257574211,2026-08-19,396973,2026-08-19 05:13:00 UTC,,,,2025-02-14,,,,,CHADEMO J1772COMBO,US,,,,Public,,public,,,PUBLIC,,,,,,,,,,,,,,,,,false,,,,,,,,,false,
ELEC,Keer Automotive,500 W. Broadway St.,,New Lexington,OH,43764,,313-262-6722,E,,Public,,,,,,,2,,,RED_E,https://www.redecharge.com,GPS,39.7212726404,-82.21922622479,2026-08-19,396974,2026-08-19 05:12:39 UTC,,,,2025-03-28,,,,,J1772,US,,,,Public,,public,,,PUBLIC,,,,,,,,,,,,,,,,,false,,,,,,,,,false,
ELEC,Mark Wahlberg Chevrolet of Worthington,700 E Dublin Granville Rd,,Columbus,OH,43085,,313-262-6722,E,,Public,,,,,,,2,6,,RED_E,https://www.redecharge.com,GPS,40.0887106882,-83.0005225259,2026-08-19,396975,2026-08-19 05:12:39 UTC,,,,2024-11-19,,,,,J1772 J1772COMBO,US,,,,Public,,public,,,PUBLIC,,,,,,,,,,,,,,,,,false,,,,,,,,,false,
ELEC,Mark Wahlberg Chevrolet of Avon,37995 Chester Road,,Avon,OH,44011,,313-262-6722,E,,Public,,,,,,,4,6,,RED_E,https://www.redecharge.com,GPS,41.465401,-82.042998,2026-08-19,396976,2026-08-19 05:12:39 UTC,,,,2024-11-19,,,,,J1772 J1772COMBO,US,,,,Public,,public,,,PUBLIC,,,,,,,,,,,,,,,,,false,,,,,,,,,false,
ELEC,DONWOODAUTO DW FORD 1,2065 East State Street,Located next to service department,Athens,OH,45701,,888-758-4389,E,,Public,24 hours daily,,,,,,2,,,ChargePoint Network,https://www.chargepoint.com,GPS,39.332991,-82.035322,2026-08-19,397101,2026-08-19 02:53:36 UTC,,,,2025-05-29,,,,,J1772,US,,,,Public,,public,,,,,,,,,,,,,,,,,,,,false,,,,,,,,,false,
ELEC,DONWOODAUTO DON WOOD FORD 2,2065 East State Street,Next to service department,Athens,OH,45701,,888-758-4389,E,,Public,24 hours daily,,,,,,2,,,ChargePoint Network,https://www.chargepoint.com,GPS,39.333039,-82.035255,2026-08-19,397102,2026-08-19 02:53:36 UTC,,,,2025-05-29,,,,,J1772,US,,,,Public,,public,,,,,,,,,,,,,,,,,,,,false,,,,,,,,,false,
ELEC,DONWOODAUTO DON WOOD FORD 3,2065 E State St,Nest to service department,Athens,OH,45701,,888-758-4389,E,,Public,24 hours daily,,,,,,2,,,ChargePoint Network,https://www.chargepoint.com,GPS,39.333026,-82.035325,2026-08-19,397104,2026-08-19 02:53:37 UTC,,,,2025-05-29,,,,,J1772,US,,,,Public,,public,,,,,,,,,,,,,,,,,,,,false,,,,,,,,,false,
ELEC,LIBERTY LIBRARY STATION 1,6716 Yankee Road,Parking Lot,Liberty Township,OH,45044,,888-758-4389,E,,Public,24 hours daily,,,,,,2,,,ChargePoint Network,https://www.chargepoint.com,GPS,39.38175,-84.384174,2026-08-19,397363,2026-08-19 02:53:35 UTC,,,,2025-05-30,,,,,J1772,US,,,,Public,,public,,,,,,,,,,,,,,,,,,,,false,,,,,,,,,false,
ELEC,LIBERTY LIBRARY STATION 2,6716 Yankee Road,Parking Lot,Liberty Township,OH,45044,,888-758-4389,E,,Public,24 hours daily,,,,,,2,,,ChargePoint Network,https://www.chargepoint.com,GPS,39.381837,-84.384189,2026-08-19,397364,2026-08-19 02:53:35 UTC,,,,2025-05-30,,,,,J1772,US,,,,Public,,public,,,,,,,,,,,,,,,,,,,,false,,,,,,,,,false,
ELEC,West River Branch - EPL,1194 West River Road,,Elyria,OH,44035,,888-356-8911,E,,Public,24 hours daily,,,,,,,1,,FLO,https://www.flo.com,GPS,41.3898076,-82.1049883,2026-08-19,397412,2026-08-19 04:05:45 UTC,,,,2025-05-30,,,,,CHADEMO J1772COMBO,US,,,,Public,,public,,,,,,,,,,,,,,,,,,,,false,,,,,,,,,false,
ELEC,GMC GMCMOB BLUE 11,332 E State St Floor Blue Garage,,Columbus,OH,43215,,888-758-4389,E,,Public,24 hours daily,,,,,,2,,,ChargePoint Network,https://www.chargepoint.com,GPS,39.961347,-82.991095,2026-08-19,397466,2026-08-19 02:52:17 UTC,,,,2025-05-31,,,,,J1772,US,,,,Public,,public,,,,,,,,,,,,,,,,,,,,false,,,,,,,,,false,
ELEC,GMC GMC MOB BLUE 8,332 E State St,Garage L4 north wall,Columbus,OH,43215,,888-758-4389,E,,Public,24 hours daily,,,,,,2,,,ChargePoint Network,https://www.chargepoint.com,GPS,39.961347,-82.991095,2026-08-19,397467,2026-08-19 02:52:17 UTC,,,,2025-05-31,,,,,J1772,US,,,,Public,,public,,,,,,,,,,,,,,,,,,,,false,,,,,,,,,false,
ELEC,DLZ Corp - Cleveland,4208 Prospect Avenue East,,Cleveland,OH,44103,,888-998-2546,E,,Public,24 hours daily,,,,,,2,,,Blink Network,https://blinkcharging.com,GPS,41.502285920417144,-81.65660284608956,2026-08-19,397652,2026-08-19 00:45:15 UTC,,,,2025-06-04,,,,,J1772,US,,,,Public,,public,,,,,,,,,,,,,,,,,,,,false,,,,,,,,,false,
ELEC,LP FLATS LP FLATS 1,1401 Log Pond Dr,,Newark,OH,43055,,888-758-4389,E,,Public,24 hours daily,,,,,,2,,,ChargePoint Network,https://www.chargepoint.com,GPS,40.08506,-82.432813,2026-08-19,397655,2026-08-19 02:44:43 UTC,,,,2025-06-04,,,,,J1772,US,,,,Public,,public,,,,,,,,,,,,,,,,,,,,false,,,,,,,,,false,
ELEC,Yark Ford- Series,5555 Central Avenue,,Toledo,OH,43615,,888-998-2546,E,,Public,24 hours daily,,,,,,3,,,Blink Network,https://blinkcharging.com,GPS,41.67553556632985,-83.67586505102426,2026-08-19,397700,2026-08-19 00:10:41 UTC,,,,2025-06-04,,,,,J1772,US,,,,Public,,public,,,,,,,,,,,,,,,,,,,,false,,,,,,,,,false,
ELEC,MONTGOMERY CNTY REIBOLD,117 South Main Street,,Dayton,OH,45422,,888-758-4389,E,,Public,24 hours daily,,,,,,2,,,ChargePoint Network,https://www.chargepoint.com,GPS,39.757277,-84.19148,2026-08-19,397731,2026-08-19 02:53:20 UTC,,,,2025-06-05,,,,,J1772,US,,,,Public,,public,,,,,,,,,,,,,,,,,,,,false,,,,,,,,,false,
ELEC,255 at Union Station Apartments,2101 Railway Lane,,Marysville,OH,43040,,888-998-2546,E,,Public,24 hours daily,,,,,,12,,,Blink Network,https://blinkcharging.com,GPS,40.22959,-83.34181,2026-08-19,397787,2026-08-19 00:07:16 UTC,,,,2025-06-06,,,,,J1772,US,,,,Public,,public,,,,,,,,,,,,,,,,,,,,false,,,,,,,,,false,
ELEC,Mayfield Village Civic Center,6622 Wilson Mills Road,,Mayfield,OH,44143,,888-356-8911,E,,Public,24 hours daily,,,,,,,1,,FLO,https://www.flo.com,GPS,41.5380687,-81.4405971,2026-08-19,397949,2026-08-19 04:05:46 UTC,,,,2025-06-07,,,,,CHADEMO J1772COMBO,US,,,,Public,,public,,,,,,,,,,,,,,,,,,,,false,,,,,,,,,false,
ELEC,ROBERTS CENTRE UNIT 002,123 Gano Road,"Located directly in front of Ralph's American Grille. Open 24 hours, accepts all major credit cards",Wilmington,OH,45177,,888-758-4389,E,,Public,24 hours daily,,,,,,2,,,ChargePoint Network,https://www.chargepoint.com,GPS,39.522536,-83.843003,2026-08-19,398054,2026-08-19 02:54:33 UTC,,,,2025-06-10,,,,,J1772,US,,,,Public,,public,,,,,,,,,,,,,,,,,,,,false,,,,,,,,,false,
ELEC,ROBERTS CENTRE UNIT 001,123 Gano Road,Located directly in front of Ralph's American Grill,Wilmington,OH,45177,,888-758-4389,E,,Public,24 hours daily,,,,,,2,,,ChargePoint Network,https://www.chargepoint.com,GPS,39.52253,-83.843056,2026-08-19,398055,2026-08-19 02:54:33 UTC,,,,2025-06-10,,,,,J1772,US,,,,Public,,public,,,,,,,,,,,,,,,,,,,,false,,,,,,,,,false,
ELEC,CHAMPION STATION 1,3111 Hayden Rd,Lower Level Garage,Columbus,OH,43235,,888-758-4389,E,,Public,24 hours daily,,,,,,2,,,ChargePoint Network,https://www.chargepoint.com,GPS,40.06766,-83.101225,2026-08-19,398103,2026-08-19 02:50:42 UTC,,,,2025-06-11,,,,,J1772,US,,,,Public,,public,,,,,,,,,,,,,,,,,,,,false,,,,,,,,,false,
ELEC,CHAMPION STATION 3,3111 Hayden Rd,Lower Level Garage,Columbus,OH,43235,,888-758-4389,E,,Public,24 hours daily,,,,,,1,,,ChargePoint Network,https://www.chargepoint.com,GPS,40.067809,-83.101713,2026-08-19,398107,2026-08-19 02:53:40 UTC,,,,2025-06-11,,,,,J1772,US,,,,Public,,public,,,,,,,,,,,,,,,,,,,,false,,,,,,,,,false,
ELEC,CHAMPION STATION 2,3111 Hayden Rd,Lower Level Garage,Columbus,OH,43235,,888-758-4389,E,,Public,24 hours daily,,,,,,2,,,ChargePoint Network,https://www.chargepoint.com,GPS,40.067659,-83.101243,2026-08-19,398108,2026-08-19 02:53:41 UTC,,,,2025-06-11,,,,,J1772,US,,,,Public,,public,,,,,,,,,,,,,,,,,,,,false,,,,,,,,,false,
ELEC,Darke County Parks,404 North Ohio Street,,Greenville,OH,45331,,888-998-2546,E,,Public,Mon: 6:00am-10:00pm; Tue: 6:00am-10:00pm; Wed: 6:00am-10:00pm; Thu: 6:00am-10:00pm; Fri: 6:00am-10:00pm; Sat: 6:00am-10:00pm; Sun: 6:00am-10:00pm,,,,,,2,,,Blink Network,https://blinkcharging.com,GPS,40.104486656528906,-84.6179342568125,2026-08-19,398249,2026-08-19 00:46:36 UTC,,,,2025-06-12,,,,,J1772,US,,,,Public,,public,,,,,,,,,,,,,,,,,,,,false,,,,,,,,,false,
ELEC,"Obetz, OH Rechargery @ Sheetz - Alum Creek Dr",4375 Alum Creek Dr,,Obetz,OH,43207,,833-466-2474,E,,Public,24 hours daily,,,,,,,8,,IONNA,https://www.ionna.com,GPS,39.878483,-82.931627,2026-08-19,398339,2026-08-19 05:05:32 UTC,,,,2025-06-14,,,,,J1772COMBO TESLA,US,,,,Public,,public,,,,,,,,,,,,,,,,,,,,false,,,,,,,,,false,
ELEC,1111 Polaris Parkway,1111 Polaris Pkwy,,Columbus,OH,43240,,888-385-6671,E,,Public - Credit card at all times,24 hours daily,A ACCOUNT_BALANCE ANDROID_PAY APPLE_PAY D M V,,,,,10,,,LOOP,https://loopglobal.com,GPS,40.14223,-82.99614,2026-07-15,399687,2026-07-15 18:38:56 UTC,P,,,2024-08-27,,,,,J1772,US,,,,Public - Carte de crédit en tout temps,,public,CREDIT_CARD_ALWAYS,,OTHER,,,,,,,$15 monthly service fee,,,,,,,,,,false,,,,,,,,LD,false,
ELEC,550 E 4th St,550 E 4th St,,Cincinnati,OH,45202,,888-385-6671,E,,Public - Credit card at all times,24 hours daily,A ACCOUNT_BALANCE ANDROID_PAY APPLE_PAY D M V,,,,,2,,,LOOP,https://loopglobal.com,GPS,39.101742,-84.504204,2026-07-15,399689,2026-07-15 18:38:56 UTC,P,,,2024-06-12,,,,,J1772,US,,,,Public - Carte de crédit en tout temps,,public,CREDIT_CARD_ALWAYS,,OTHER,,,,,,,$1 activation fee; $0.30 per kWh,,,,,,,,,,false,,,,,,,,LD,false,
ELEC,Aspire Kenwood Apartments,4751 Aspire Blvd,,Cincinnati,OH,45236,,888-385-6671,E,,Public - Credit card at all times,24 hours daily,A ACCOUNT_BALANCE ANDROID_PAY APPLE_PAY D M V,,,,,23,,,LOOP,https://loopglobal.com,GPS,39.2041067231476,-84.3811208548265,2026-07-15,399693,2026-07-15 18:38:56 UTC,P,,,2024-06-06,,,,,J1772,US,,,,Public - Carte de crédit en tout temps,,public,CREDIT_CARD_ALWAYS,,OTHER,,,,,,,$15 monthly service fee,,,,,,,,,,false,,,,,,,,LD,false,
ELEC,Gage Crossing - 5927 Avery Woods Ave,5927 Avery Woods Ave,,Dublin,OH,43016,,888-385-6671,E,,Public - Credit card at all times,24 hours daily,A ACCOUNT_BALANCE ANDROID_PAY APPLE_PAY D M V,,,,,4,,,LOOP,https://loopglobal.com,GPS,40.073084,-83.156274,2026-07-15,399694,2026-07-15 18:38:56 UTC,P,,,2024-12-05,,,,,J1772,US,,,,Public - Carte de crédit en tout temps,,public,CREDIT_CARD_ALWAYS,,OTHER,,,,,,,$1 activation fee; $0.35 per kWh,,,,,,,,,,false,,,,,,,,LD,false,
ELEC,Germain Ford,2356 Heller Dr,,Dayton,OH,45434,,888-385-6671,E,,Public - Credit card at all times,24 hours daily,A ACCOUNT_BALANCE ANDROID_PAY APPLE_PAY D M V,,,,,12,6,,LOOP,https://loopglobal.com,GPS,39.7084834473374,-84.022375131763,2026-07-15,399695,2026-07-15 18:38:56 UTC,P,,,2025-02-27,,,,,J1772 J1772COMBO,US,,,,Public - Carte de crédit en tout temps,,public,CREDIT_CARD_ALWAYS,,CAR_DEALER,,,,,,,$1 activation fee; $0.35 per kWh,,,,,,,,,,false,,,,,,,,LD,false,
ELEC,Germain Honda - Beavercreek,2300 Heller Dr,,Beavercreek,OH,45434,,888-385-6671,E,,Public - Credit card at all times,24 hours daily,A ACCOUNT_BALANCE ANDROID_PAY APPLE_PAY D M V,,,,,5,2,,LOOP,https://loopglobal.com,GPS,39.70802,-84.02095,2026-07-15,399696,2026-07-15 18:38:56 UTC,P,,,2024-10-16,,,,,J1772 J1772COMBO,US,,,,Public - Carte de crédit en tout temps,,public,CREDIT_CARD_ALWAYS,,OTHER,,,,,,,$1 activation fee; $0.35 per kWh,,,,,,,,,,false,,,,,,,,LD,false,
ELEC,Strongsville Police Station,18780 Westwood Drive,,Strongsville,OH,44136,,888-356-8911,E,,Public,24 hours daily,,,,,,,1,,FLO,https://www.flo.com,GPS,41.3154139,-81.8336167,2026-08-19,400078,2026-08-19 04:05:48 UTC,,,,2025-06-20,,,,,CHADEMO J1772COMBO,US,,,,Public,,public,,,,,,,,,,,,,,,,,,,,false,,,,,,,,,false,
ELEC,OFFICE-LMRE #4 LMRE HQ,1 Cooperative Way,,Spencer,OH,44275,,888-758-4389,E,,Public,24 hours daily,,,,,,2,,,ChargePoint Network,https://www.chargepoint.com,GPS,41.10837,-82.124098,2026-08-19,400128,2026-08-19 02:54:27 UTC,,,,2025-06-21,,,,,J1772,US,,,,Public,,public,,,,,,,,,,,,,,,,,,,,false,,,,,,,,,false,
ELEC,OFFICE-LMRE #5 LMRE HQ,1 Cooperative Way,,Spencer,OH,44275,,888-758-4389,E,,Public,24 hours daily,,,,,,2,,,ChargePoint Network,https://www.chargepoint.com,GPS,41.108428,-82.124114,2026-08-19,400129,2026-08-19 02:54:27 UTC,,,,2025-06-21,,,,,J1772,US,,,,Public,,public,,,,,,,,,,,,,,,,,,,,false,,,,,,,,,false,
ELEC,ACPL CHARGER #2,30 Home Street,,Athens,OH,45701,,888-758-4389,E,,Public,24 hours daily,,,,,,2,,,ChargePoint Network,https://www.chargepoint.com,GPS,39.334884,-82.083367,2026-08-19,400153,2026-08-19 02:55:10 UTC,,,,2025-06-21,,,,,J1772,US,,,,Public,,public,,,,,,,,,,,,,,,,,,,,false,,,,,,,,,false,
ELEC,LMH LMH ED LOT 2,1320 West Main Street,,Newark,OH,43055,,888-758-4389,E,,Public,24 hours daily,,,,,,2,,,ChargePoint Network,https://www.chargepoint.com,GPS,40.047557,-82.451556,2026-08-19,400574,2026-08-19 02:55:16 UTC,,,,2025-06-24,,,,,J1772,US,,,,Public,,public,,,,,,,,,,,,,,,,,,,,false,,,,,,,,,false,
ELEC,CLOUD SENIOR CENTER,7251 Shull Road,,Huber Heights,OH,45424,,888-758-4389,E,,Public,24 hours daily,,,,,,2,,,ChargePoint Network,https://www.chargepoint.com,GPS,39.877749,-84.100227,2026-08-19,400649,2026-08-19 02:49:26 UTC,,,,2025-06-25,,,,,J1772,US,,,,Public,,public,,,,,,,,,,,,,,,,,,,,false,,,,,,,,,false,
ELEC,Colony Lofts S7,2926 ProMedica Parkway,,Toledo,OH,43606,,888-998-2546,E,,Public,24 hours daily,,,,,,6,,,Blink Network,https://blinkcharging.com,GPS,41.67691828721707,-83.59353727453274,2026-08-19,400689,2026-08-19 00:19:36 UTC,,,,2025-06-25,,,,,J1772,US,,,,Public,,public,,,,,,,,,,,,,,,,,,,,false,,,,,,,,,false,
ELEC,Bellstores Wooster,220 S Columbus Rd,,Wooster,OH,44691,,313-262-6722,E,,Public,,,,,,,,2,,RED_E,https://www.redecharge.com,GPS,40.795615938891,-81.94705643252,2026-08-19,400723,2026-08-19 05:13:00 UTC,,,,2025-06-25,,,,,J1772COMBO,US,,,,Public,,public,,,PUBLIC,,,,,,,,,,,,,,,,,false,,,,,,,,,false,
ELEC,"Massillon, OH Rechargery @ Sheetz - Erie Ave SW",3544 Erie Ave SW,,Massillon,OH,44646,,833-466-2474,E,,Public,24 hours daily,,,,,,,8,,IONNA,https://www.ionna.com,GPS,40.757426,-81.515792,2026-08-19,404843,2026-08-19 05:05:30 UTC,,,,2025-07-01,,,,,J1772COMBO TESLA,US,,,,Public,,public,,,,,,,,,,,,,,,,,,,,false,,,,,,,,,false,
ELEC,Maren Reserve,1274 Maren Street,,Plain City,OH,43064,,888-998-2546,E,,Public,24 hours daily,,,,,,2,,,Blink Network,https://blinkcharging.com,GPS,40.10449740445429,-83.29084750344721,2026-08-19,405380,2026-08-19 00:51:08 UTC,,,,2025-07-03,,,,,J1772,US,,,,Public,,public,,,,,,,,,,,,,,,,,,,,false,,,,,,,,,false,
ELEC,Remington Lake Apartments,11 Taylor Dr,,HAMILTON,OH,45013,,844-226-3873,E,,Public,,,,,,,14,,,ABM,https://info.abm.com/SimplifyEV,GPS,39.4333011,-84.593322,2026-08-19,405527,2026-08-19 04:31:56 UTC,,,,2025-07-06,,,,,J1772,US,,,,Public,,public,,,,,,,,,,,,,,,,,,,,false,,,,,,,,,false,
ELEC,University of Cincinnati - Corbett Dr,2540 Corbett Dr,,Cincinnati,OH,45221,,513-556-2283,E,,Public,Maximum session time of 4 hours,,,,,,3,,,Non-Networked,,GPS,39.128998,-84.517938,2025-08-12,405542,2026-02-02 23:16:24 UTC,P,,,2024-07-01,,,,,J1772,US,,,,Public,,public,,,COLLEGE_CAMPUS,,,,,,,Free,,,,,,,,,,false,,,,,,,,LD,false,
ELEC,DACC EV CHARGER DACC-STATION 1,4565 Columbus Pike,,Delaware,OH,43015,,888-758-4389,E,,Public,24 hours daily,,,,,,2,,,ChargePoint Network,https://www.chargepoint.com,GPS,40.231391,-83.037674,2026-08-19,405644,2026-08-19 02:53:36 UTC,,,,2025-07-08,,,,,J1772 TESLA,US,,,,Public,,public,,,,,,,,,,,,,,,,,,,,false,,,,,,,,,false,
ELEC,DACC EV CHARGER DACC-STATION 2,4565 Columbus Pike,,Delaware,OH,43015,,888-758-4389,E,,Public,24 hours daily,,,,,,2,,,ChargePoint Network,https://www.chargepoint.com,GPS,40.23133,-83.037689,2026-08-19,405645,2026-08-19 02:53:36 UTC,,,,2025-07-08,,,,,J1772 TESLA,US,,,,Public,,public,,,,,,,,,,,,,,,,,,,,false,,,,,,,,,false,
ELEC,Sarchione Automotive,315 South Mill Street,,Dalton,OH,44618,,888-998-2546,E,,Public,24 hours daily,,,,,,3,2,,Blink Network,https://blinkcharging.com,GPS,40.794305157833016,-81.6948500171129,2026-08-19,405858,2026-08-19 00:13:16 UTC,,,,2025-07-10,,,,,J1772 J1772COMBO,US,,,,Public,,public,,,,,,,,,,,,,,,,,,,,false,,,,,,,,,false,
ELEC,"IKEA Store 511 (Columbus, OH)",1900 Ikea Way,,Columbus,OH,43240,,833-632-2778,E,,Public,24 hours daily,,,,,,,6,,Electrify America,https://www.electrifyamerica.com,GPS,40.1498,-82.96557,2026-08-19,405897,2026-08-19 03:34:48 UTC,,,,2025-07-11,,,,,J1772COMBO,US,,,,Public,,public,,,,,,,,,,,,,,,,,,,,false,,,,,,,,,false,
ELEC,Performance Auto Network EV Charger,5530 Union Center Dr,,West Chester Township,OH,45069,,,E,,Private,Contact station for hours of availability,A ANDROID_PAY APPLE_PAY CREDIT D M,,,,,2,,,AMPUP,https://ampup.io,GPS,39.3270872,-84.4379306,2025-08-12,415743,2026-08-05 18:21:35 UTC,P,,,2024-09-17,,,,,J1772,US,,,,Privé,,private,,,AUTO_REPAIR,,,,,,,,,,,,,,,,,,,,,,,,,LD,false,
ELEC,"American Honda Motor Co, Inc",151 Commerce Center Blvd,,Troy,OH,45373,,937-332-6225,E,,Public,Contact station for hours of availability,A ANDROID_PAY APPLE_PAY CREDIT D M,,,,,12,,,AMPUP,https://ampup.io,GPS,40.0450738,-84.235754,2025-08-12,415746,2026-08-05 18:21:35 UTC,P,,,2024-08-26,,,,,J1772,US,,,,Public,,public,,,CAR_DEALER,,,,,,,,,,,,,,,,,false,,,,,,,,LD,false,
ELEC,City of University Heights,2300 Warrensville Center Rd,,University Heights,OH,44118,,216-932-7800,E,,Public,Contact station for hours of availability,A ANDROID_PAY APPLE_PAY CREDIT D M,,,,,2,,,AMPUP,https://ampup.io,GPS,41.49759,-81.537264,2025-08-12,415795,2026-08-05 18:21:35 UTC,P,,,2024-08-08,,,,,J1772,US,,,,Public,,public,,,MUNI_GOV,,,,,,,,,,,,,,,,,false,,,,,,,,LD,false,
ELEC,Plumbing Shop,1927 E Monument Ave,,Dayton,OH,45402,,,E,,Private,Contact station for hours of availability,A ANDROID_PAY APPLE_PAY CREDIT D M,,,,,2,,,AMPUP,https://ampup.io,GPS,39.77187658,-84.16611535,2025-08-12,415796,2026-08-05 18:21:35 UTC,P,,,2024-05-22,,,,,J1772,US,,,,Privé,,private,,,MUNI_GOV,,,,,,,,,,,,,,,,,,,,,,,,,LD,false,
ELEC,Safety Building,335 W Third St,,Dayton,OH,45402,,,E,,Private,Contact station for hours of availability,A ANDROID_PAY APPLE_PAY CREDIT D M,,,,,2,,,AMPUP,https://ampup.io,GPS,39.7589362,-84.1975634,2025-08-12,415797,2026-08-05 18:21:35 UTC,P,,,2024-05-21,,,,,J1772,US,,,,Privé,,private,,,MUNI_GOV,,,,,,,,,,,,,,,,,,,,,,,,,LD,false,
ELEC,Wastewater Operations and Control Building,2800 Guthrie Rd,,Dayton,OH,45417,,,E,,Private,Contact station for hours of availability,A ANDROID_PAY APPLE_PAY CREDIT D M,,,,,2,,,AMPUP,https://ampup.io,GPS,39.7246091,-84.2311212,2025-08-12,415798,2026-08-05 18:21:35 UTC,P,,,2024-04-23,,,,,J1772,US,,,,Privé,,private,,,MUNI_GOV,,,,,,,,,,,,,,,,,,,,,,,,,LD,false,
ELEC,Sylvanwood,1530 Timberwolf Dr,,Holland,OH,43528,,,E,,Private,Contact station for hours of availability,A ANDROID_PAY APPLE_PAY CREDIT D M,,,,,1,,,AMPUP,https://ampup.io,GPS,41.6139567,-83.7249807,2025-08-12,415866,2026-08-05 18:21:35 UTC,P,,,2024-08-23,,,,,J1772,US,,,,Privé,,private,,,OFFICE_BLDG,,,,,,,,,,,,,,,,,,,,,,,,,LD,true,
ELEC,CMH1,870 Corduroy Rd,,Lewis Center,OH,43035,,,E,,Private,Contact station for hours of availability,A ANDROID_PAY APPLE_PAY CREDIT D M,,,,,4,,,AMPUP,https://ampup.io,GPS,40.1872738,-83.0137804,2025-08-12,415940,2026-08-05 18:21:35 UTC,P,,,2024-02-27,,,,,J1772,US,,,,Privé,,private,,,SHOPPING_CENTER,,,,,,,,,,,,,,,,,,,,,,,,,LD,false,
ELEC,CLE1,12875 Corporate Dr,,Parma,OH,44130,,,E,,Private,Contact station for hours of availability,A ANDROID_PAY APPLE_PAY CREDIT D M,,,,,4,,,AMPUP,https://ampup.io,GPS,41.4079358,-81.7799783,2025-08-12,415941,2026-08-05 18:21:35 UTC,P,,,2024-03-01,,,,,J1772,US,,,,Privé,,private,,,SHOPPING_CENTER,,,,,,,,,,,,,,,,,,,,,,,,,LD,false,
ELEC,Store No - 060-XX021 - 10 E Central  Parkway,10 East Central Parkway,,Cincinnati,OH,45202,,888-998-2546,E,,Public,24 hours daily,,,,,,2,,,Blink Network,https://blinkcharging.com,GPS,39.107905712760314,-84.51423854767407,2026-08-19,416153,2026-08-19 00:34:01 UTC,,,,2025-07-14,,,,,J1772,US,,,,Public,,public,,,,,,,,,,,,,,,,,,,,false,,,,,,,,,false,
ELEC,HAMPTON TOLLS STATION 1,57 NE Catawba Rd,Front left side of Building,Port Clinton,OH,43452,,888-758-4389,E,,Public,24 hours daily,,,,,,2,,,ChargePoint Network,https://www.chargepoint.com,GPS,41.525532,-82.857958,2026-08-19,416338,2026-08-19 02:55:40 UTC,,,,2025-07-17,,,,,J1772,US,,,,Public,,public,,,,,,,,,,,,,,,,,,,,false,,,,,,,,,false,
ELEC,HAMPTON TOLLS STATION 2,57 NE Catawba Rd,,Port Clinton,OH,43452,,888-758-4389,E,,Public,24 hours daily,,,,,,2,,,ChargePoint Network,https://www.chargepoint.com,GPS,41.525541,-82.857964,2026-08-19,416339,2026-08-19 02:55:40 UTC,,,,2025-07-17,,,,,J1772,US,,,,Public,,public,,,,,,,,,,,,,,,,,,,,false,,,,,,,,,false,
ELEC,KIA OF NEWARK CPF50,1475 Mt Vernon Rd,Behind service drive building,Newark,OH,43055,,888-758-4389,E,,Public,24 hours daily,,,,,,1,,,ChargePoint Network,https://www.chargepoint.com,GPS,40.096734,-82.423965,2026-08-19,416380,2026-08-19 02:06:10 UTC,,,,2025-07-18,,,,,J1772,US,,,,Public,,public,,,,,,,,,,,,,,,,,,,,false,,,,,,,,,false,
ELEC,KIA OF NEWARK CT4000,1475 Mt Vernon Rd,,Newark,OH,43055,,888-758-4389,E,,Public,Mon: 8:00am-7:45pm; Tue: 8:00am-7:45pm; Wed: 8:00am-7:45pm; Thu: 8:00am-7:45pm; Fri: 8:00am-5:45pm; Sat: 8:00am-5:45pm; Sun: 12:00am-12:15am,,,,,,2,,,ChargePoint Network,https://www.chargepoint.com,GPS,40.096768,-82.423207,2026-08-19,416381,2026-08-19 02:06:49 UTC,,,,2025-07-18,,,,,J1772,US,,,,Public,,public,,,,,,,,,,,,,,,,,,,,false,,,,,,,,,false,
ELEC,KIA OF NEWARK ABB 1,1475 Mt Vernon Rd,Abb is inside service drive of dealership,Newark,OH,43055,,888-758-4389,E,,Public,24 hours daily,,,,,,,1,,ChargePoint Network,https://www.chargepoint.com,GPS,40.096642,-82.423738,2026-08-19,416382,2026-08-19 02:11:56 UTC,,,,2025-07-18,,,,,J1772COMBO,US,,,,Public,,public,,,,,,,,,,,,,,,,,,,,false,,,,,,,,,false,
ELEC,Project Bus,4448 Rickenbacker Pkwy,,Columbus,OH,43217,,888-222-6618,E,,Public,,,,,,,8,,,NOODOE,https://www.noodoe.com,GPS,39.793159,-82.9307778,2026-08-19,416572,2026-08-19 04:31:59 UTC,,,,2025-07-22,,,,,J1772,US,,,,Public,,public,,,,,,,,,,,,,,,,,,,,false,,,,,,,,,false,
ELEC,Beechmont Ford,600 Ohio Pike,,Cincinnati,OH,45245,,888-357-1009,E,,Public,24 hours daily,A ANDROID_PAY APPLE_PAY CREDIT D Debit M V,,,,,,4,,FORD_CHARGE,https://www.ford.com/support/category/electric-vehicle/charging/public-charging/,GPS,39.068265,-84.29639,2026-08-19,416839,2026-08-19 05:17:31 UTC,,,,2025-01-27,,,,,J1772COMBO,US,,,,Public,,public,,,PUBLIC,,,,,,,,,,,,,,,,,false,,,,,,,,,false,
ELEC,Ricart Ford,4255 S Hamilton Rd,,Groveport,OH,43125,,888-357-1009,E,,Public,Mon: 6:00am-6:00pm; Tue: 6:00am-6:00pm; Wed: 6:00am-6:00pm; Thu: 6:00am-6:00pm; Fri: 6:00am-6:00pm; Sat: 8:00am-2:00pm,A ANDROID_PAY APPLE_PAY CREDIT D Debit M V,,,,,,2,,FORD_CHARGE,https://www.ford.com/support/category/electric-vehicle/charging/public-charging/,GPS,39.888487,-82.887765,2026-08-19,416840,2026-08-19 05:17:31 UTC,,,,2025-03-20,,,,,J1772COMBO,US,,,,Public,,public,,,PUBLIC,,,,,,,,,,,,,,,,,false,,,,,,,,,false,
ELEC,Whole Foods Orange Village (ORV),50 Wall St,,Beachwood,OH,44122,,877-455-3833,E,,Public,24 hours daily,,,,,,,4,,eVgo Network,https://www.evgo.com,GPS,41.450002,-81.486212,2026-08-19,416933,2026-08-19 00:02:02 UTC,,,,2025-07-25,,,,,CHADEMO J1772COMBO,US,,,,Public,,public,,,,,,,,,,,,,,,,,,,,false,,,,,,,,,false,
ELEC,DONWOODAUTO DW FORD 4,2065 E State St,Located Next To Service Area Parking.,Athens,OH,45701,,888-758-4389,E,,Public,24 hours daily,,,,,,,2,,ChargePoint Network,https://www.chargepoint.com,GPS,39.333097,-82.035347,2026-08-19,416979,2026-08-19 02:57:08 UTC,,,,2025-07-25,,,,,J1772COMBO,US,,,,Public,,public,,,,,,,,,,,,,,,,,,,,false,,,,,,,,,false,
ELEC,DONWOODAUTO DW FORD 5,2065 E State St,Located near service area parking.,Athens,OH,45701,,888-758-4389,E,,Public,24 hours daily,,,,,,,2,,ChargePoint Network,https://www.chargepoint.com,GPS,39.333039,-82.035312,2026-08-19,416983,2026-08-19 02:57:08 UTC,,,,2025-07-25,,,,,J1772COMBO,US,,,,Public,,public,,,,,,,,,,,,,,,,,,,,false,,,,,,,,,false,
ELEC,DONWOODAUTO DW FORD 6,2065 E State St,-Located near service area parking,Athens,OH,45701,,888-758-4389,E,,Public,24 hours daily,,,,,,,2,,ChargePoint Network,https://www.chargepoint.com,GPS,39.333089,-82.035301,2026-08-19,416990,2026-08-19 02:57:09 UTC,,,,2025-07-25,,,,,J1772COMBO,US,,,,Public,,public,,,,,,,,,,,,,,,,,,,,false,,,,,,,,,false,
ELEC,Hugh White Nissan,250 Columbus Rd Ste D,,Athens,OH,45701,,,E,,Public,Dealership business hours,,,,,,,1,,IN_CHARGE,https://inchargeus.com,GPS,39.3580306,-82.105991,2025-08-12,417228,2026-02-02 23:16:24 UTC,P,,,2023-07-11,,,,,CHADEMO J1772COMBO,US,,,,Public,,public,,,CAR_DEALER,,,,,,,Free,,,,,,,,,,true,,,,,,,,LD,false,
ELEC,TIFFIN FORD CHRG POINT 6000,2020 Ohio 18,SIDE OF SERVICE DEPT,Tiffin,OH,44883,,888-758-4389,E,,Public,24 hours daily,,,,,,2,,,ChargePoint Network,https://www.chargepoint.com,GPS,41.10961,-83.209843,2026-08-19,417249,2026-08-19 02:55:36 UTC,,,,2025-07-30,,,,,J1772,US,,,,Public,,public,,,,,,,,,,,,,,,,,,,,false,,,,,,,,,false,
ELEC,Akron General Medical Center (Bath) - Series 7,4125 Medina Rd,,Akron,OH,44333,,888-998-2546,E,,Public,24 hours daily,,,,,,6,,,Blink Network,https://blinkcharging.com,GPS,41.13692526068739,-81.65865678126889,2026-08-19,417324,2026-08-19 00:51:57 UTC,,,,2025-07-30,,,,,J1772,US,,,,Public,,public,,,,,,,,,,,,,,,,,,,,false,,,,,,,,,false,
ELEC,Oberlin College - Woodland Res Hall,150 Woodland St,,Oberlin,OH,44074,,855-885-9571,E,,Public,24 hours daily,,,,,,4,,,OpConnect,https://opconnect-ev.com,GPS,41.295967,-82.222886,2026-08-19,417527,2026-08-19 03:41:49 UTC,,,,2025-08-05,,,,,J1772,US,,,,Public,,public,,,,,,,,,,,,,,,,,,,,false,,,,,,,,,false,
ELEC,HAMILTON OHIO 2216 S ERIE #1,2216 South Erie Boulevard,,Hamilton,OH,45015,,888-758-4389,E,,Public,24 hours daily,,,,,,,1,,ChargePoint Network,https://www.chargepoint.com,GPS,39.374376,-84.548295,2026-08-19,417670,2026-08-19 02:55:45 UTC,,,,2025-08-08,,,,,CHADEMO J1772COMBO,US,,,,Public,,public,,,,,,,,,,,,,,,,,,,,false,,,,,,,,,false,
ELEC,HAMILTON OHIO 2216 S ERIE #2,2216 South Erie Boulevard,,Hamilton,OH,45015,,888-758-4389,E,,Public,24 hours daily,,,,,,,1,,ChargePoint Network,https://www.chargepoint.com,GPS,39.374391,-84.54823,2026-08-19,417671,2026-08-19 02:55:45 UTC,,,,2025-08-08,,,,,J1772COMBO TESLA,US,,,,Public,,public,,,,,,,,,,,,,,,,,,,,false,,,,,,,,,false,
ELEC,HAMILTON OHIO 2216 S ERIE #4,2216 South Erie Boulevard,,Hamilton,OH,45015,,888-758-4389,E,,Public,24 hours daily,,,,,,,1,,ChargePoint Network,https://www.chargepoint.com,GPS,39.374364,-84.548184,2026-08-19,417672,2026-08-19 02:55:48 UTC,,,,2025-08-08,,,,,CHADEMO J1772COMBO,US,,,,Public,,public,,,,,,,,,,,,,,,,,,,,false,,,,,,,,,false,
ELEC,HAMILTON OHIO 2216 S ERIE #3,2216 South Erie Boulevard,,Hamilton,OH,45015,,888-758-4389,E,,Public,24 hours daily,,,,,,,1,,ChargePoint Network,https://www.chargepoint.com,GPS,39.374372,-84.548236,2026-08-19,417673,2026-08-19 02:55:48 UTC,,,,2025-08-08,,,,,J1772COMBO TESLA,US,,,,Public,,public,,,,,,,,,,,,,,,,,,,,false,,,,,,,,,false,
ELEC,City of Chardon Park Ave Trailhead,326 Park Avenue,,Chardon,OH,44024,,888-356-8911,E,,Public,24 hours daily,,,,,,,2,,FLO,https://www.flo.com,GPS,41.5781404,-81.208804,2026-08-19,417711,2026-08-19 04:05:52 UTC,,,,2025-08-08,,,,,CHADEMO J1772COMBO,US,,,,Public,,public,,,,,,,,,,,,,,,,,,,,false,,,,,,,,,false,
ELEC,Klaben CJDR - Sales,1106 W Main St,,Kent,OH,44240,,,E,,Private,For dealership use only,,,,,,2,,,Blink Network,https://blinkcharging.com,200-8,41.15119,-81.38141,2025-09-12,417841,2026-06-18 18:54:12 UTC,P,,,2024-09-18,,,,,J1772,US,,,,Privé,,private,,,CAR_DEALER,,,,,,,,,,,,,,,,,,,,,,,,,LD,false,
ELEC,Klaben CJDR - Service,1338 W Main St,1 charger located at West side front; 1 charger located at West side inside,Kent,OH,44240,,,E,,Private,For dealership use only,,,,,,4,,,Blink Network,https://blinkcharging.com,200-8,41.15294,-81.39179,2025-09-12,417842,2026-06-18 18:54:12 UTC,P,,,2024-11-19,,,,,J1772,US,,,,Privé,,private,,,CAR_DEALER,,,,,,,,,,,,,,,,,,,,,,,,,LD,false,
ELEC,Klaben CJDR - Service Annex,1090 Hampton Rd,1 charger located at East side South; 1 charger located at East side North,Kent,OH,44240,,,E,,Private,For dealership use only,,,,,,4,,,Blink Network,https://blinkcharging.com,200-8,41.15047,-81.3809,2025-09-12,417843,2026-06-18 18:54:12 UTC,P,,,2024-08-23,,,,,J1772,US,,,,Privé,,private,,,CAR_DEALER,,,,,,,,,,,,,,,,,,,,,,,,,LD,false,
ELEC,Quick Lane Tire & Auto Center,1080 W Main St,Located in rear of the building,Kent,OH,44240,,,E,,Private,For dealership use only,,,,,,2,,,Blink Network,https://blinkcharging.com,200-8,41.15105,-81.38009,2025-09-12,417844,2026-06-18 18:54:12 UTC,P,,,2024-08-23,,,,,J1772,US,,,,Privé,,private,,,CAR_DEALER,,,,,,,,,,,,,,,,,,,,,,,,,LD,false,
ELEC,Klaben Ford - Sales,1089 W Main St,,Kent,OH,44240,,,E,,Private,For dealership use only,,,,,,2,,,Blink Network,https://blinkcharging.com,200-8,41.15166,-81.38018,2025-09-12,417845,2026-06-18 18:54:12 UTC,P,,,2024-12-19,,,,,J1772,US,,,,Privé,,private,,,CAR_DEALER,,,,,,,,,,,,,,,,,,,,,,,,,LD,false,
ELEC,Klaben Ford - Service,1085 W Main St,1 charger located in drive through; 2 chargers located in service bay,Kent,OH,44240,,,E,,Private,For dealership use only,,,,,,6,,,Blink Network,https://blinkcharging.com,200-8,41.15154,-81.37933,2025-09-12,417846,2026-06-18 18:54:12 UTC,P,,,2024-12-19,,,,,J1772,US,,,,Privé,,private,,,CAR_DEALER,,,,,,,,,,,,,,,,,,,,,,,,,LD,false,
ELEC,Klaben Ford - Service Annex,1091 W Main St,Located inside South wall,Kent,OH,44240,,,E,,Private,For dealership use only,,,,,,2,,,Blink Network,https://blinkcharging.com,200-8,41.15231,-81.3806,2025-09-12,417847,2026-06-18 18:54:12 UTC,P,,,2024-12-19,,,,,J1772,US,,,,Privé,,private,,,CAR_DEALER,,,,,,,,,,,,,,,,,,,,,,,,,LD,false,
ELEC,Klaben - Body Shop,2100 E Main St,Located inside drive through,Kent,OH,44240,,,E,,Private,For dealership use only,,,,,,2,,,Blink Network,https://blinkcharging.com,GPS,41.156502,-81.318199,2025-09-12,417848,2026-06-18 18:54:12 UTC,P,,,2024-12-19,,,,,J1772,US,,,,Privé,,private,,,CAR_DEALER,,,,,,,,,,,,,,,,,,,,,,,,,LD,false,
ELEC,One Government Center Parking Garage,640 Jackson St,,Toledo,OH,43604,,419-242-7515,E,,Public - Credit card at all times,24 hours daily,A CREDIT D Debit M V,,,,,1,,,AMPUP,https://ampup.io,GPS,41.657847,-83.534294,2025-09-12,417983,2026-02-02 23:16:24 UTC,P,,,2024-03-08,,,,,J1772,US,,,,Public - Carte de crédit en tout temps,,public,CREDIT_CARD_ALWAYS,,PARKING_GARAGE,,,,,,,Free for first 4 hours; $2 per hour afterwards,,,,,,,,,,false,,,,,,,,LD,false,
ELEC,Eugene F. Kranz Toledo Express Airport,11013 Airport Hwy,,Swanton,OH,43558,,419-242-7515,E,,Public - Credit card at all times,24 hours daily,A CREDIT D Debit M V,,,,,4,,,POWERCHARGE,https://www.powerchargeev.com,GPS,41.592936,-83.806261,2025-09-12,417984,2026-02-02 23:16:24 UTC,P,,,2024-01-17,,,,,J1772,US,,,,Public - Carte de crédit en tout temps,,public,CREDIT_CARD_ALWAYS,,PAY_LOT,,,,,,,Free for first 4 hours; $2 per hour afterwards,,,,,,,,,,false,,,,,,,,LD,false,
ELEC,SWTCH Energy,69 N S St,,Wilmington,OH,45177,,,E,,Public,24 hours daily,A D Debit M V,,,,,4,,,SWTCH,https://swtchenergy.com,GPS,39.44630051,-83.82879639,2026-01-13,419898,2026-02-02 23:16:24 UTC,P,,,2025-06-16,,,,,J1772,US,,,,Public,,public,,,,,,,,,,$0.25 per kWh,,,,,,,,,,false,,,,,,,,LD,false,
ELEC,SWTCH Energy,37 W Locust St,,Wilmington,OH,45177,,,E,,Public,24 hours daily,A D Debit M V,,,,,4,,,SWTCH,https://swtchenergy.com,GPS,39.44680023,-83.82910156,2026-01-13,419900,2026-02-02 23:16:24 UTC,P,,,2025-06-23,,,,,J1772,US,,,,Public,,public,,,,,,,,,,$0.25 per kWh,,,,,,,,,,false,,,,,,,,LD,false,
ELEC,SWTCH Energy,495 Metro PI S,,Dublin,OH,43017,,,E,,Public,24 hours daily; For employee use only,A D Debit M V,,,,,3,,,SWTCH,https://swtchenergy.com,GPS,40.09360123,-83.13210297,2026-01-13,419923,2026-02-02 23:16:24 UTC,P,,,2025-06-30,,,,,J1772,US,,,,Public,,public,,,OFFICE_BLDG,,,,,,,$2 per hour,,,,,,,,,,true,,,,,,,,LD,true,
ELEC,SWTCH Energy,706 N Elm St,,Coldwater,OH,45828,,,E,,Public,24 hours daily,A D Debit M V,,,,,4,,,SWTCH,https://swtchenergy.com,GPS,40.48699951,-84.6339035,2026-01-13,420061,2026-02-02 23:16:24 UTC,P,,,2025-04-03,,,,,J1772,US,,,,Public,,public,,,,,,,,,,$2 per hour,,,,,,,,,,false,,,,,,,,LD,false,
ELEC,SWTCH Energy,707 Butler St,,Coldwater,OH,45828,,,E,,Public,24 hours daily,A D Debit M V,,,,,2,,,SWTCH,https://swtchenergy.com,GPS,40.48749924,-84.63710022,2026-01-13,420062,2026-02-02 23:16:24 UTC,P,,,2025-06-10,,,,,J1772,US,,,,Public,,public,,,REC_SPORTS_FACILITY,,,,,,,$2 per hour,,,,,,,,,,false,,,,,,,,LD,false,
ELEC,SWTCH Energy,610 W Sycamore St,,Coldwater,OH,45828,,,E,,Public,24 hours daily,A D Debit M V,,,,,4,,,SWTCH,https://swtchenergy.com,GPS,40.47660065,-84.6339035,2026-01-13,420063,2026-02-02 23:16:24 UTC,P,,,2025-05-12,,,,,J1772,US,,,,Public,,public,,,PARKING_LOT,,,,,,,$2 per hour,,,,,,,,,,false,,,,,,,,LD,false,
ELEC,Huntington Park Garage,1141 West 3rd Street,,Cleveland,OH,44113,,888-356-8911,E,,Public,24 hours daily,,,,,,4,,,FLO,https://www.flo.com,GPS,41.5041462,-81.69754,2026-08-19,420130,2026-08-19 04:05:53 UTC,,,,2025-08-19,,,,,J1772,US,,,,Public,,public,,,,,,,,,,,,,,,,,,,,false,,,,,,,,,false,
ELEC,HP Gov Pointe,4605 Duke Drive,,Mason,OH,45040,,888-998-2546,E,,Public,24 hours daily,,,,,,4,,,Blink Network,https://blinkcharging.com,GPS,39.3017366,-84.3067145,2026-08-19,420832,2026-08-19 00:47:46 UTC,,,,2022-06-08,,,,,J1772,US,,,,Public,,public,,,,,,,,,,,,,,,,,,,,false,,,,,,,,,false,
ELEC,KETTERING DELCO PARK 1,1700 Delco Park Drive,,Kettering,OH,45420,,888-758-4389,E,,Public,24 hours daily,,,,,,2,,,ChargePoint Network,https://www.chargepoint.com,GPS,39.704525,-84.130743,2026-08-19,421152,2026-08-19 01:55:55 UTC,,,,2025-08-29,,,,,J1772,US,,,,Public,,public,,,,,,,,,,,,,,,,,,,,false,,,,,,,,,false,
ELEC,KETTERING DELCO PARK 2,1700 Delco Park Drive,,Kettering,OH,45420,,888-758-4389,E,,Public,24 hours daily,,,,,,2,,,ChargePoint Network,https://www.chargepoint.com,GPS,39.704539,-84.130933,2026-08-19,421153,2026-08-19 01:55:55 UTC,,,,2025-08-29,,,,,J1772,US,,,,Public,,public,,,,,,,,,,,,,,,,,,,,false,,,,,,,,,false,
ELEC,BLOM ADMIN CANAL FSED 2,625 West Waterloo Street,,Canal Winchester,OH,43110,,888-758-4389,E,,Public,24 hours daily,,,,,,1,,,ChargePoint Network,https://www.chargepoint.com,GPS,39.854364,-82.820654,2026-08-19,421158,2026-08-19 02:56:38 UTC,,,,2025-08-29,,,,,J1772,US,,,,Public,,public,,,,,,,,,,,,,,,,,,,,false,,,,,,,,,false,
ELEC,BLOM ADMIN CANAL FSED 3,625 West Waterloo Street,,Canal Winchester,OH,43110,,888-758-4389,E,,Public,24 hours daily,,,,,,2,,,ChargePoint Network,https://www.chargepoint.com,GPS,39.854464,-82.820828,2026-08-19,421159,2026-08-19 02:56:38 UTC,,,,2025-08-29,,,,,J1772,US,,,,Public,,public,,,,,,,,,,,,,,,,,,,,false,,,,,,,,,false,
ELEC,BLOM ADMIN CANAL FSED 1,625 West Waterloo Street,,Canal Winchester,OH,43110,,888-758-4389,E,,Public,24 hours daily,,,,,,2,,,ChargePoint Network,https://www.chargepoint.com,GPS,39.854538,-82.820752,2026-08-19,421160,2026-08-19 02:56:38 UTC,,,,2025-08-29,,,,,J1772,US,,,,Public,,public,,,,,,,,,,,,,,,,,,,,false,,,,,,,,,false,
ELEC,City Hall Parking Deck,132 North Elmwood Ave,,Medina,OH,44256,,888-356-8911,E,,Public,24 hours daily,,,,,,,1,,FLO,https://www.flo.com,GPS,41.139787,-81.865642,2026-08-19,421197,2026-08-19 04:05:55 UTC,,,,2025-08-29,,,,,CHADEMO J1772COMBO,US,,,,Public,,public,,,,,,,,,,,,,,,,,,,,false,,,,,,,,,false,
ELEC,PERRY proTECH - Toledo Branch,1270 Flagship Dr,,Perrysburg,OH,43551,,949-945-2000,E,,Public,24 hours daily,,,,,,2,,,EVGATEWAY,https://evgateway.com,GPS,41.5353839,-83.645028,2026-08-19,421287,2026-08-19 04:47:32 UTC,,,,2025-09-02,,,,,J1772,US,,,,Public,,public,,,,,,,,,,,,,,,,,,,,false,,,,,,,,,false,
ELEC,PERRY proTECH - Lima Branch,265 Commerce Pkwy,,Lima,OH,45804,,949-945-2000,E,,Public,24 hours daily,,,,,,2,,,EVGATEWAY,https://evgateway.com,GPS,40.696857,-84.102407,2026-08-19,421295,2026-08-19 04:47:42 UTC,,,,2025-09-02,,,,,J1772,US,,,,Public,,public,,,,,,,,,,,,,,,,,,,,false,,,,,,,,,false,
ELEC,City of Seven Hills City Hall,7325 Summit View Drive,,Seven Hills,OH,44131,,888-356-8911,E,,Public,24 hours daily,,,,,,2,1,,FLO,https://www.flo.com,GPS,41.3674471,-81.6803761,2026-08-19,421389,2026-08-19 04:05:56 UTC,,,,2025-09-03,,,,,CHADEMO J1772 J1772COMBO,US,,,,Public,,public,,,,,,,,,,,,,,,,,,,,false,,,,,,,,,false,
ELEC,Coughlin Nissan,1459 Hebron Road,,Heath,OH,43056,,888-998-2546,E,,Public,24 hours daily,,,,,,4,,,Blink Network,https://blinkcharging.com,GPS,40.01178099345658,-82.4593745129726,2026-08-19,421551,2026-08-19 00:22:26 UTC,,,,2025-09-03,,,,,J1772,US,,,,Public,,public,,,,,,,,,,,,,,,,,,,,false,,,,,,,,,false,
ELEC,Kufleitner CDJR - DCFC,7901 Market Street,,Boardman,OH,44512,,888-998-2546,E,,Public,24 hours daily,,,,,,,2,,Blink Network,https://blinkcharging.com,GPS,41.00903822474571,-80.65998626127615,2026-08-19,421609,2026-08-19 00:21:00 UTC,,,,2025-09-04,,,,,J1772COMBO TESLA,US,,,,Public,,public,,,,,,,,,,,,,,,,,,,,false,,,,,,,,,false,
ELEC,SPECTRUMFINDLAY FINDLAYSPECTRUM,15840 Medical Drive South,,Findlay,OH,45840,,888-758-4389,E,,Public,24 hours daily,,,,,,2,,,ChargePoint Network,https://www.chargepoint.com,GPS,41.05939,-83.576391,2026-08-19,421636,2026-08-19 02:58:36 UTC,,,,2025-09-05,,,,,J1772 TESLA,US,,,,Public,,public,,,,,,,,,,,,,,,,,,,,false,,,,,,,,,false,
ELEC,SPECTRUMFINDLAY LIMASPECTRUM,2300 Baton Rouge,,Lima,OH,45805,,888-758-4389,E,,Public,24 hours daily,,,,,,2,,,ChargePoint Network,https://www.chargepoint.com,GPS,40.770063,-84.144261,2026-08-19,421637,2026-08-19 02:58:37 UTC,,,,2025-09-05,,,,,J1772 TESLA,US,,,,Public,,public,,,,,,,,,,,,,,,,,,,,false,,,,,,,,,false,
ELEC,HAMILTON OHIO 141 MARKET #2,141 Market Street,Parking Lot,Hamilton,OH,45011,,888-758-4389,E,,Public,24 hours daily,,,,,,,1,,ChargePoint Network,https://www.chargepoint.com,GPS,39.400674,-84.562897,2026-08-19,421753,2026-08-19 02:59:06 UTC,,,,2025-09-09,,,,,CHADEMO J1772COMBO,US,,,,Public,,public,,,,,,,,,,,,,,,,,,,,false,,,,,,,,,false,
ELEC,HAMILTON OHIO 141 MARKET #1,141 Market Street,,Hamilton,OH,45011,,888-758-4389,E,,Public,24 hours daily,,,,,,,1,,ChargePoint Network,https://www.chargepoint.com,GPS,39.400635,-84.562826,2026-08-19,421754,2026-08-19 02:59:06 UTC,,,,2025-09-09,,,,,J1772COMBO TESLA,US,,,,Public,,public,,,,,,,,,,,,,,,,,,,,false,,,,,,,,,false,
ELEC,Tallmadge Recreation Center,46 N Munroe Road,,Tallmadge,OH,44278,,888-356-8911,E,,Public,24 hours daily,,,,,,2,,,FLO,https://www.flo.com,GPS,41.101907,-81.414015,2026-08-19,421781,2026-08-19 04:05:57 UTC,,,,2025-09-09,,,,,J1772,US,,,,Public,,public,,,,,,,,,,,,,,,,,,,,false,,,,,,,,,false,
ELEC,Tallmadge Fire Station #2,735 Eastwood Avenue,,Tallmadge,OH,44278,,888-356-8911,E,,Public,24 hours daily,,,,,,2,,,FLO,https://www.flo.com,GPS,41.0839517,-81.4162932,2026-08-19,421782,2026-08-19 04:05:57 UTC,,,,2025-09-09,,,,,J1772,US,,,,Public,,public,,,,,,,,,,,,,,,,,,,,false,,,,,,,,,false,
ELEC,Columbiana CJD,100 Commerce Circle,,Columbiana,OH,44408,,888-998-2546,E,,Public,24 hours daily,,,,,,,2,,Blink Network,https://blinkcharging.com,GPS,40.89633252406262,-80.67907358827301,2026-08-19,421837,2026-08-19 00:53:33 UTC,,,,2025-09-09,,,,,J1772COMBO TESLA,US,,,,Public,,public,,,,,,,,,,,,,,,,,,,,false,,,,,,,,,false,
ELEC,Lorain County Transportation Center,40 East Avenue,,Elyria,OH,44035,,888-356-8911,E,,Public,24 hours daily,,,,,,2,,,FLO,https://www.flo.com,GPS,41.3681386,-82.1031205,2026-08-19,421838,2026-08-19 04:05:57 UTC,,,,2025-09-10,,,,,J1772,US,,,,Public,,public,,,,,,,,,,,,,,,,,,,,false,,,,,,,,,false,
ELEC,Hilton Easton,3900 Chagrin Drive,,Columbus,OH,43219,,888-998-2546,E,,Public,24 hours daily,,,,,,3,,,Blink Network,https://blinkcharging.com,GPS,40.04915127365546,-82.91197518995689,2026-08-19,421853,2026-08-19 00:19:34 UTC,,,,2025-09-10,,,,,J1772,US,,,,Public,,public,,,,,,,,,,,,,,,,,,,,false,,,,,,,,,false,
ELEC,GM DELIVERY CUSTOMER PARKIN,2596 W Michigan St,,Sidney,OH,45365,,888-758-4389,E,,Public,24 hours daily,,,,,,,1,,ChargePoint Network,https://www.chargepoint.com,GPS,40.28866,-84.195396,2026-08-19,421862,2026-08-19 02:16:23 UTC,,,,2025-09-11,,,,,CHADEMO J1772COMBO,US,,,,Public,,public,,,,,,,,,,,,,,,,,,,,false,,,,,,,,,false,
ELEC,The Edge,1357 Edgehill Road,,Columbus,OH,43212,,888-998-2546,E,,Public,24 hours daily,,,,,,6,,,Blink Network,https://blinkcharging.com,GPS,39.9877639271101,-83.02947237461726,2026-08-19,422424,2026-08-19 00:36:53 UTC,,,,2025-09-17,,,,,J1772,US,,,,Public,,public,,,,,,,,,,,,,,,,,,,,false,,,,,,,,,false,
ELEC,Jake Sweeney Lebanon,917 Columbus Avenue,,Lebanon,OH,45036,,888-998-2546,E,,Public,24 hours daily,,,,,,,2,,Blink Network,https://blinkcharging.com,GPS,39.449141138143275,-84.18753242176086,2026-08-19,422586,2026-08-19 00:37:00 UTC,,,,2023-09-19,,,,,J1772COMBO,US,,,,Public,,public,,,,,,,,,,,,,,,,,,,,false,,,,,,,,,false,
ELEC,SCITECH SCITECHREV 1,1275 Kinnear Road,Parking lot northwest side,Columbus,OH,43212,,888-758-4389,E,,Public,24 hours daily,,,,,,2,,,ChargePoint Network,https://www.chargepoint.com,GPS,39.997935,-83.0425,2026-08-19,422823,2026-08-19 02:59:20 UTC,,,,2025-09-25,,,,,J1772,US,,,,Public,,public,,,,,,,,,,,,,,,,,,,,false,,,,,,,,,false,
ELEC,RB Hayes EV Charging,Spiegel Grove,,Fremont,OH,43420,,888-222-6618,E,,Public,,,,,,,2,,,NOODOE,https://www.noodoe.com,GPS,41.3417162,-83.1294517,2026-08-19,422954,2026-08-19 04:32:16 UTC,,,,2025-09-26,,,,,J1772,US,,,,Public,,public,,,,,,,,,,,,,,,,,,,,false,,,,,,,,,false,
ELEC,MORPC L02 CCW,101 Columbus Crew Way,,Columbus,OH,43215,,888-758-4389,E,,Public,24 hours daily,,,,,,2,,,ChargePoint Network,https://www.chargepoint.com,GPS,39.968273,-83.01851,2026-08-19,423025,2026-08-19 02:59:15 UTC,,,,2025-09-27,,,,,J1772,US,,,,Public,,public,,,,,,,,,,,,,,,,,,,,false,,,,,,,,,false,EVC-RAA
ELEC,MORPC L01 CCW,101 Columbus Crew Way,,Columbus,OH,43215,,888-758-4389,E,,Public,24 hours daily,,,,,,2,,,ChargePoint Network,https://www.chargepoint.com,GPS,39.96835,-83.01842,2026-08-19,423026,2026-08-19 02:59:15 UTC,,,,2025-09-27,,,,,J1772,US,,,,Public,,public,,,,,,,,,,,,,,,,,,,,false,,,,,,,,,false,EVC-RAA
ELEC,MORPC L03 CCW,101 Columbus Crew Way,,Columbus,OH,43215,,888-758-4389,E,,Public,24 hours daily,,,,,,2,,,ChargePoint Network,https://www.chargepoint.com,GPS,39.968307,-83.018467,2026-08-19,423027,2026-08-19 02:59:15 UTC,,,,2025-09-27,,,,,J1772,US,,,,Public,,public,,,,,,,,,,,,,,,,,,,,false,,,,,,,,,false,
ELEC,MORPC L04 CCW,101 Columbus Crew Way,,Columbus,OH,43215,,888-758-4389,E,,Public,24 hours daily,,,,,,2,,,ChargePoint Network,https://www.chargepoint.com,GPS,39.968292,-83.01847,2026-08-19,423028,2026-08-19 02:59:16 UTC,,,,2025-09-27,,,,,J1772,US,,,,Public,,public,,,,,,,,,,,,,,,,,,,,false,,,,,,,,,false,
ELEC,MORPC APG-6,101 Columbus Crew Way,,Columbus,OH,43215,,888-758-4389,E,,Public,24 hours daily,,,,,,2,,,ChargePoint Network,https://www.chargepoint.com,GPS,39.968282,-83.01851,2026-08-19,429640,2026-08-19 03:00:18 UTC,,,,2025-10-10,,,,,J1772,US,,,,Public,,public,,,,,,,,,,,,,,,,,,,,false,,,,,,,,,false,
ELEC,MORPC APG-5,101 Columbus Crew Way,,Columbus,OH,43215,,888-758-4389,E,,Public,24 hours daily,,,,,,2,,,ChargePoint Network,https://www.chargepoint.com,GPS,39.968312,-83.018452,2026-08-19,429644,2026-08-19 03:00:20 UTC,,,,2025-10-10,,,,,J1772,US,,,,Public,,public,,,,,,,,,,,,,,,,,,,,false,,,,,,,,,false,
ELEC,MORPC APG-8,101 Columbus Crew Way,,Columbus,OH,43215,,888-758-4389,E,,Public,24 hours daily,,,,,,2,,,ChargePoint Network,https://www.chargepoint.com,GPS,39.968291,-83.018471,2026-08-19,429649,2026-08-19 03:00:22 UTC,,,,2025-10-10,,,,,J1772,US,,,,Public,,public,,,,,,,,,,,,,,,,,,,,false,,,,,,,,,false,
ELEC,MORPC APG-7,101 Columbus Crew Way,,Columbus,OH,43215,,888-758-4389,E,,Public,24 hours daily,,,,,,2,,,ChargePoint Network,https://www.chargepoint.com,GPS,39.968294,-83.01846,2026-08-19,429650,2026-08-19 03:00:22 UTC,,,,2025-10-10,,,,,J1772,US,,,,Public,,public,,,,,,,,,,,,,,,,,,,,false,,,,,,,,,false,
ELEC,MORPC APG-10,101 Columbus Crew Way,,Columbus,OH,43215,,888-758-4389,E,,Public,24 hours daily,,,,,,2,,,ChargePoint Network,https://www.chargepoint.com,GPS,39.968296,-83.018484,2026-08-19,429654,2026-08-19 03:00:31 UTC,,,,2025-10-10,,,,,J1772,US,,,,Public,,public,,,,,,,,,,,,,,,,,,,,false,,,,,,,,,false,
ELEC,MORPC APG-9,101 Columbus Crew Way,,Columbus,OH,43215,,888-758-4389,E,,Public,24 hours daily,,,,,,2,,,ChargePoint Network,https://www.chargepoint.com,GPS,39.968266,-83.0184,2026-08-19,429655,2026-08-19 03:00:31 UTC,,,,2025-10-10,,,,,J1772,US,,,,Public,,public,,,,,,,,,,,,,,,,,,,,false,,,,,,,,,false,
ELEC,CLEVELAND FLEET CANAL BASIN 1,1575 Merwin Ave,Pkg Lot - South bay,Cleveland,OH,44113,,888-758-4389,E,,Public,24 hours daily,,,,,,2,,,ChargePoint Network,https://www.chargepoint.com,GPS,41.494981,-81.701344,2026-08-19,429867,2026-08-19 02:13:27 UTC,,,,2025-10-15,,,,,J1772,US,,,,Public,,public,,,,,,,,,,,,,,,,,,,,false,,,,,,,,,false,
ELEC,Miranova,2 Miranova Place,,Columbus,OH,43215,,888-998-2546,E,,Public,24 hours daily,,,,,,2,,,Blink Network,https://blinkcharging.com,GPS,39.95443916877642,-83.00592648996154,2026-08-19,429938,2026-08-19 00:46:26 UTC,,,,2025-10-15,,,,,J1772,US,,,,Public,,public,,,,,,,,,,,,,,,,,,,,false,,,,,,,,,false,
ELEC,CLEVELAND FLEET CANAL BASIN 2,1575 Merwin Ave,Pkg Lot - South bay,Cleveland,OH,44113,,888-758-4389,E,,Public,24 hours daily,,,,,,2,,,ChargePoint Network,https://www.chargepoint.com,GPS,41.494963,-81.70136,2026-08-19,429944,2026-08-19 02:13:27 UTC,,,,2025-10-16,,,,,J1772,US,,,,Public,,public,,,,,,,,,,,,,,,,,,,,false,,,,,,,,,false,
ELEC,North Point Garage,1111 East 9th Street,,Cleveland,OH,44114,,888-998-2546,E,,Public,24 hours daily,,,,,,4,,,Blink Network,https://blinkcharging.com,GPS,41.507977346281905,-81.69192580358131,2026-08-19,430024,2026-08-19 00:36:49 UTC,,,,2023-04-24,,,,,J1772,US,,,,Public,,public,,,,,,,,,,,,,,,,,,,,false,,,,,,,,,false,
ELEC,MIDDLEBERG H CPE250 #2,7700 Pearl Road,,Middleburg Heights,OH,44130,,888-758-4389,E,,Public,24 hours daily,,,,,,,1,,ChargePoint Network,https://www.chargepoint.com,GPS,41.357413,-81.818904,2026-08-19,433994,2026-08-19 03:00:17 UTC,,,,2025-10-18,,,,,CHADEMO J1772COMBO,US,,,,Public,,public,,,,,,,,,,,,,,,,,,,,false,,,,,,,,,false,
ELEC,E BUILDING STATION 2,770 Clocktower Drive,,Kirtland,OH,44094,,888-758-4389,E,,Public,24 hours daily,,,,,,2,,,ChargePoint Network,https://www.chargepoint.com,GPS,41.637529,-81.361909,2026-08-19,434145,2026-08-19 02:58:57 UTC,,,,2025-10-23,,,,,J1772,US,,,,Public,,public,,,,,,,,,,,,,,,,,,,,false,,,,,,,,,false,
ELEC,E BUILDING OABB-D5,7700 Clocktower Dr,,Kirtland,OH,44094,,888-758-4389,E,,Public,24 hours daily,,,,,,2,,,ChargePoint Network,https://www.chargepoint.com,GPS,41.638464,-81.363707,2026-08-19,434163,2026-08-19 03:01:15 UTC,,,,2025-10-23,,,,,J1772,US,,,,Public,,public,,,,,,,,,,,,,,,,,,,,false,,,,,,,,,false,
ELEC,GRANGEEV37C STATION 01,641 S Front St,,Columbus,OH,43206,,888-758-4389,E,,Public,24 hours daily,,,,,,2,,,ChargePoint Network,https://www.chargepoint.com,GPS,39.948671,-83.000868,2026-08-19,434716,2026-08-19 01:22:19 UTC,,,,2025-10-24,,,,,J1772,US,,,,Public,,public,,,,,,,,,,,,,,,,,,,,false,,,,,,,,,false,
ELEC,GRANGEEV37C STATION 02,610s S Front St,Ground floor of the parking garage,Columbus,OH,43215,,888-758-4389,E,,Public,24 hours daily,,,,,,2,,,ChargePoint Network,https://www.chargepoint.com,GPS,39.94978,-82.998439,2026-08-19,434718,2026-08-19 01:37:34 UTC,,,,2025-10-24,,,,,J1772,US,,,,Public,,public,,,,,,,,,,,,,,,,,,,,false,,,,,,,,,false,
ELEC,GRANGEEV37C STATION 03,610s S Front St,Ground floor of the parking garage,Columbus,OH,43215,,888-758-4389,E,,Public,24 hours daily,,,,,,2,,,ChargePoint Network,https://www.chargepoint.com,GPS,39.949268,-82.999208,2026-08-19,434719,2026-08-19 01:37:35 UTC,,,,2025-10-24,,,,,J1772,US,,,,Public,,public,,,,,,,,,,,,,,,,,,,,false,,,,,,,,,false,
ELEC,JEFF WYLER KIA COLERAIN DC,9189 Colerain Avenue,Left end of building in the parking lot.,Cincinnati,OH,45251,,888-758-4389,E,,Public,24 hours daily,,,,,,,1,,ChargePoint Network,https://www.chargepoint.com,GPS,39.236514,-84.592878,2026-08-19,434762,2026-08-19 03:01:22 UTC,,,,2025-10-24,,,,,CHADEMO J1772COMBO,US,,,,Public,,public,,,,,,,,,,,,,,,,,,,,false,,,,,,,,,false,
ELEC,The Electrical Trades Center,947 Goodale Boulevard,,Columbus,OH,43212,,888-998-2546,E,,Public,24 hours daily,,,,,,10,,,Blink Network,https://blinkcharging.com,GPS,39.974199107620095,-83.02862846112494,2026-08-19,435031,2026-08-19 00:47:59 UTC,,,,2025-10-29,,,,,J1772,US,,,,Public,,public,,,,,,,,,,,,,,,,,,,,false,,,,,,,,,false,
ELEC,Holiday Inn Express - Columbus Airport - Easton (CMHAW),3030 Plaza Properties Blvd,,Columbus,OH,43219,,844-437-7275,E,,Public,24 hours daily; for guest use only,,,,,,6,,,ENVIROSPARK,https://envirosparkenergy.com,200-8,40.00327,-82.92746,2025-11-13,438152,2026-03-31 19:37:47 UTC,P,,,2024-11-30,,,,,J1772,US,,,,Public,,public,,,HOTEL,,,,,,,$0.40 per kWh,,,,,,,,,,true,,,,,,,,LD,false,
ELEC,Holiday Inn Express Columbus East (CMHPR),2806 Taylor Rd Extension,,Reynoldsburg,OH,43068,,844-437-7275,E,,Public,24 hours daily; for guest use only,,,,,,2,,,ENVIROSPARK,https://envirosparkenergy.com,200-8,39.93589,-82.78566,2025-11-13,438161,2026-03-31 19:37:47 UTC,P,,,2024-11-30,,,,,J1772,US,,,,Public,,public,,,HOTEL,,,,,,,$0.40 per kWh,,,,,,,,,,true,,,,,,,,LD,false,
ELEC,Midland Atlantic,7737 Kenwood Rd,,Cincinnati,OH,45236,,844-437-7275,E,,Public,24 hours daily,,,,,,14,,,ENVIROSPARK,https://envirosparkenergy.com,200-8,39.20192,-84.38099,2025-11-13,438419,2026-03-31 19:37:47 UTC,P,,,2025-04-30,,,,,J1772,US,,,,Public,,public,,,OFFICE_BLDG,,,,,,,$0.40 per kWh,,,,,,,,,,false,,,,,,,,LD,false,
ELEC,Embassy Suites North Canton Airport,7883 Freedom Ave NW,,North Canton,OH,44720,,844-437-7275,E,,Public,24 hours daily; for guest use only,,,,,,4,,,ENVIROSPARK,https://envirosparkenergy.com,200-8,40.89543,-81.42972,2025-11-13,439378,2026-03-31 19:37:47 UTC,P,,,2024-05-31,,,,,J1772,US,,,,Public,,public,,,HOTEL,,,,,,,$0.40 per kWh,,,,,,,,,,true,,,,,,,,LD,false,
ELEC,Harvard Road Garage,2501 Harvard Avenue,,Newburgh Heights,OH,44105,,888-356-8911,E,,Public,24 hours daily,,,,,,4,,,FLO,https://www.flo.com,GPS,41.4486533,-81.6725615,2026-08-19,439491,2026-08-19 04:05:59 UTC,,,,2025-11-01,,,,,J1772,US,,,,Public,,public,,,,,,,,,,,,,,,,,,,,false,,,,,,,,,false,
ELEC,Marion Franklin Branch,2800 Lockbourne Road,,Columbus,OH,43207,,888-998-2546,E,,Public,Mon: 9:00am-8:00pm; Tue: 9:00am-8:00pm; Wed: 9:00am-8:00pm; Thu: 9:00am-8:00pm; Fri: 9:00am-6:00pm; Sat: 9:00am-6:00pm; Sun: 1:00pm-5:00pm,,,,,,2,,,Blink Network,https://blinkcharging.com,GPS,39.90782862656248,-82.96609451035636,2026-08-19,439842,2026-08-19 00:27:39 UTC,,,,2025-11-06,,,,,J1772,US,,,,Public,,public,,,,,,,,,,,,,,,,,,,,false,,,,,,,,,false,
ELEC,Portsmouth Gaseous Diffusion Plant 1,3930 US Route 23 S,,Piketon,OH,45661,,,E,,Private - Government only,,,,,,,2,,,Non-Networked,,GPS,39.068125,-83.014344,2025-12-12,439953,2026-02-02 23:16:24 UTC,FG,8,U.S. Department of Energy,2025-08-05,,,,,NEMA1450,US,,,,Privé - Réservé au gouvernement,,private,GOVERNMENT,DOE,FED_GOV,,,,,,,,,,,,,,,,,,,,,,,,,LD,true,
ELEC,Portsmouth Gaseous Diffusion Plant 2,3930 US Route 23 S,,Piketon,OH,45661,,,E,,Private - Government only,,,,,,,2,,,Non-Networked,,GPS,39.068125,-83.014344,2025-12-12,439954,2026-02-02 23:16:24 UTC,FG,8,U.S. Department of Energy,2025-08-05,,,,,NEMA1450,US,,,,Privé - Réservé au gouvernement,,private,GOVERNMENT,DOE,FED_GOV,,,,,,,,,,,,,,,,,,,,,,,,,LD,true,
ELEC,Portsmouth Gaseous Diffusion Plant 3,3930 US Route 23 S,,Piketon,OH,45661,,,E,,Private - Government only,,,,,,,2,,,Non-Networked,,GPS,39.068125,-83.014344,2025-12-12,439956,2026-02-02 23:16:24 UTC,FG,8,U.S. Department of Energy,2025-08-05,,,,,NEMA1450,US,,,,Privé - Réservé au gouvernement,,private,GOVERNMENT,DOE,FED_GOV,,,,,,,,,,,,,,,,,,,,,,,,,LD,true,
ELEC,Portsmouth Gaseous Diffusion Plant 4,3930 US Route 23 S,,Piketon,OH,45661,,,E,,Private - Government only,,,,,,,2,,,Non-Networked,,GPS,39.068125,-83.014344,2025-12-12,439957,2026-02-02 23:16:24 UTC,FG,8,U.S. Department of Energy,2025-08-05,,,,,NEMA1450,US,,,,Privé - Réservé au gouvernement,,private,GOVERNMENT,DOE,FED_GOV,,,,,,,,,,,,,,,,,,,,,,,,,LD,true,
ELEC,Portsmouth Gaseous Diffusion Plant 5,3930 US Route 23 S,,Piketon,OH,45661,,,E,,Private - Government only,,,,,,,2,,,Non-Networked,,GPS,39.068125,-83.014344,2025-12-12,439958,2026-02-02 23:16:24 UTC,FG,8,U.S. Department of Energy,2025-08-05,,,,,NEMA1450,US,,,,Privé - Réservé au gouvernement,,private,GOVERNMENT,DOE,FED_GOV,,,,,,,,,,,,,,,,,,,,,,,,,LD,true,
ELEC,Portsmouth Gaseous Diffusion Plant 6,3930 US Route 23 S,,Piketon,OH,45661,,,E,,Private - Government only,,,,,,,2,,,Non-Networked,,GPS,39.068125,-83.014344,2025-12-12,439959,2026-02-02 23:16:24 UTC,FG,8,U.S. Department of Energy,2025-08-05,,,,,NEMA1450,US,,,,Privé - Réservé au gouvernement,,private,GOVERNMENT,DOE,FED_GOV,,,,,,,,,,,,,,,,,,,,,,,,,LD,true,
ELEC,Portsmouth Gaseous Diffusion Plant 14,3930 US Route 23 S,,Piketon,OH,45661,,,E,,Private - Government only,,,,,,,2,,,Non-Networked,,GPS,39.068125,-83.014344,2025-12-12,439960,2026-02-02 23:16:24 UTC,FG,8,U.S. Department of Energy,2025-08-05,,,,,NEMA1450,US,,,,Privé - Réservé au gouvernement,,private,GOVERNMENT,DOE,FED_GOV,,,,,,,,,,,,,,,,,,,,,,,,,LD,true,
ELEC,Portsmouth Gaseous Diffusion Plant 7,3930 US Route 23 S,,Piketon,OH,45661,,,E,,Private - Government only,,,,,,,2,,,Non-Networked,,GPS,39.068125,-83.014344,2025-12-12,439962,2026-02-02 23:16:24 UTC,FG,8,U.S. Department of Energy,2025-08-05,,,,,NEMA1450,US,,,,Privé - Réservé au gouvernement,,private,GOVERNMENT,DOE,FED_GOV,,,,,,,,,,,,,,,,,,,,,,,,,LD,true,
ELEC,Portsmouth Gaseous Diffusion Plant 8,3930 US Route 23 S,,Piketon,OH,45661,,,E,,Private - Government only,,,,,,,2,,,Non-Networked,,GPS,39.068125,-83.014344,2025-12-12,439963,2026-02-02 23:16:24 UTC,FG,8,U.S. Department of Energy,2025-08-05,,,,,NEMA1450,US,,,,Privé - Réservé au gouvernement,,private,GOVERNMENT,DOE,FED_GOV,,,,,,,,,,,,,,,,,,,,,,,,,LD,true,
ELEC,Portsmouth Gaseous Diffusion Plant 9,3930 US Route 23 S,,Piketon,OH,45661,,,E,,Private - Government only,,,,,,,2,,,Non-Networked,,GPS,39.065448,-83.013424,2025-12-12,439965,2026-02-02 23:16:24 UTC,FG,8,U.S. Department of Energy,2025-08-05,,,,,NEMA1450,US,,,,Privé - Réservé au gouvernement,,private,GOVERNMENT,DOE,FED_GOV,,,,,,,,,,,,,,,,,,,,,,,,,LD,true,
ELEC,Portsmouth Gaseous Diffusion Plant 10,3930 US Route 23 S,,Piketon,OH,45661,,,E,,Private - Government only,,,,,,,2,,,Non-Networked,,GPS,39.065448,-83.013424,2025-12-12,439967,2026-02-02 23:16:24 UTC,FG,8,U.S. Department of Energy,2025-08-05,,,,,NEMA1450,US,,,,Privé - Réservé au gouvernement,,private,GOVERNMENT,DOE,FED_GOV,,,,,,,,,,,,,,,,,,,,,,,,,LD,true,
ELEC,Portsmouth Gaseous Diffusion Plant 11,3930 US Route 23 S,,Piketon,OH,45661,,,E,,Private - Government only,,,,,,,2,,,Non-Networked,,GPS,39.068125,-83.014344,2025-12-12,439968,2026-02-02 23:16:24 UTC,FG,8,U.S. Department of Energy,2025-08-05,,,,,NEMA1450,US,,,,Privé - Réservé au gouvernement,,private,GOVERNMENT,DOE,FED_GOV,,,,,,,,,,,,,,,,,,,,,,,,,LD,true,
ELEC,Portsmouth Gaseous Diffusion Plant 15,3930 US Route 23 S,,Piketon,OH,45661,,,E,,Private - Government only,,,,,,,2,,,Non-Networked,,GPS,39.068125,-83.014344,2025-12-12,439969,2026-02-02 23:16:24 UTC,FG,8,U.S. Department of Energy,2025-08-05,,,,,NEMA1450,US,,,,Privé - Réservé au gouvernement,,private,GOVERNMENT,DOE,FED_GOV,,,,,,,,,,,,,,,,,,,,,,,,,LD,true,
ELEC,Portsmouth Gaseous Diffusion Plant 12,3930 US Route 23 S,,Piketon,OH,45661,,,E,,Private - Government only,,,,,,,2,,,Non-Networked,,GPS,39.065448,-83.013424,2025-12-12,439971,2026-02-02 23:16:24 UTC,FG,8,U.S. Department of Energy,2025-08-05,,,,,NEMA1450,US,,,,Privé - Réservé au gouvernement,,private,GOVERNMENT,DOE,FED_GOV,,,,,,,,,,,,,,,,,,,,,,,,,LD,true,
ELEC,Portsmouth Gaseous Diffusion Plant 13,3930 US Route 23 S,,Piketon,OH,45661,,,E,,Private - Government only,,,,,,,2,,,Non-Networked,,GPS,39.065448,-83.013424,2025-12-12,439972,2026-02-02 23:16:24 UTC,FG,8,U.S. Department of Energy,2025-08-05,,,,,NEMA1450,US,,,,Privé - Réservé au gouvernement,,private,GOVERNMENT,DOE,FED_GOV,,,,,,,,,,,,,,,,,,,,,,,,,LD,true,
ELEC,"Fernald GSA Lot, Ohio",7400 Willey Rd,,Hamilton,OH,45013,,,E,,Private - Government only,,,,,,,2,,,Non-Networked,,GPS,39.288162,-84.683688,2025-12-12,440060,2026-02-02 23:16:24 UTC,FG,8,U.S. Department of Energy,2025-08-05,,,,,NEMA1450,US,,,,Privé - Réservé au gouvernement,,private,GOVERNMENT,DOE,FED_GOV,,,,,,,,,,,,,,,,,,,,,,,,,LD,true,
ELEC,"Fernald Visitor Center, Ohio (Beam EV ARC)",7400 Willey Rd,,Hamilton,OH,45013,,,E,,Private - Government only,,,,,,,2,,,Non-Networked,,GPS,39.288162,-84.683688,2025-12-12,440061,2026-02-02 23:16:24 UTC,FG,8,U.S. Department of Energy,2025-08-05,,,,,NEMA1450,US,,,,Privé - Réservé au gouvernement,,private,GOVERNMENT,DOE,FED_GOV,,,,,,,,,,,,,,,,,,,,,,,,,LD,true,
ELEC,"TA Lancaster Road, Hebron, OH",10679 Lancaster Road,,Hebron,OH,43025,,833-277-8573,E,,Public,24 hours daily,,,,,,,8,,BP_PULSE,https://www.bp.com/en_us/united-states/home/what-we-do/customers-and-products/bp-pulse/bp-pulse-products.html,GPS,39.939107,-82.53541,2026-08-19,440829,2026-08-19 04:25:24 UTC,,,,2025-11-11,,,,,J1772COMBO TESLA,US,,,,Public,,public,,,,,,,,,,,,,,,,,,,,false,,,,,,,,,false,
ELEC,Mt. Orab CDJR INC - DCFC,110 Gabbard Way,,Mount Orab,OH,45154,,888-998-2546,E,,Public,24 hours daily,,,,,,,2,,Blink Network,https://blinkcharging.com,GPS,39.04239445640748,-83.92620581718057,2026-08-19,440892,2026-08-19 00:23:58 UTC,,,,2025-11-11,,,,,J1772COMBO,US,,,,Public,,public,,,,,,,,,,,,,,,,,,,,false,,,,,,,,,false,
ELEC,Glenn Research Center,5577 Taylor Rd,,Cleveland,OH,44135,,,E,,Private - Government only,,Proprietor Wright_Exp,,,,5,3,,,Non-Networked,,200-6,41.41197,-81.86329,2025-12-12,440995,2026-02-02 23:16:24 UTC,FG,22,National Aeronautics and Space Administration,2012-08-01,,,,,J1772 NEMA515,US,,,,Privé - Réservé au gouvernement,,private,GOVERNMENT,NASA,RESEARCH_FACILITY,,,,,,,,,,,,,,,,SOLAR,,,,,,,,,LD,false,
ELEC,NHTSA - VRTC,1314 Kinnear Rd,,Columbus,OH,43212,,,E,,Private - Government only,,,,,,,9,,,Non-Networked,,GPS,39.999521,-83.04308,2025-12-12,443038,2026-02-02 23:16:24 UTC,FG,17,Department of Transportation,2025-08-05,,,,,NEMA1450,US,,,,Privé - Réservé au gouvernement,,private,GOVERNMENT,DOT,FED_GOV,,,,,,,,,,,,,,,,,,,,,,,,,LD,true,
ELEC,"Army Reserve 88th Readiness Division (Bldg 2,3 &amp; 4)",3990 E Broad St,,Defense Supply Center Columbus,OH,43213,,,P,2026-01-01,PLANNED - not yet accessible (Private - Government only),,,,,,,4,,,Non-Networked,,GPS,39.974596,-82.894443,2025-12-12,443158,2026-02-02 23:16:24 UTC,FG,3,Defense Agencies,,,,,,NEMA1450,US,,,,PRÉVU - pas encore accessible (Privé - Réservé au gouvernement),,private,GOVERNMENT,DEF,FED_GOV,,,,,,,,,,,,,,,,,,,,,,,,,LD,true,
ELEC,CIVIL AIR PATROL OHIO WING COMMAND (Bldg 11),3990 E Broad St,,Defense Supply Center Columbus,OH,43213,,,P,2026-01-01,PLANNED - not yet accessible (Private - Government only),,,,,,,4,,,Non-Networked,,GPS,39.974596,-82.894443,2025-12-12,443159,2026-02-02 23:16:24 UTC,FG,3,Defense Agencies,,,,,,NEMA1450,US,,,,PRÉVU - pas encore accessible (Privé - Réservé au gouvernement),,private,GOVERNMENT,DEF,FED_GOV,,,,,,,,,,,,,,,,,,,,,,,,,LD,true,
ELEC,DEFENSE CONTRACT MNGMT AGENCY (Bldg 10 &amp; 20),3990 E Broad St,,Defense Supply Center Columbus,OH,43213,,,P,2026-01-01,PLANNED - not yet accessible (Private - Government only),,,,,,,4,,,Non-Networked,,GPS,39.974596,-82.894443,2025-12-12,443161,2026-02-02 23:16:24 UTC,FG,3,Defense Agencies,,,,,,NEMA1450,US,,,,PRÉVU - pas encore accessible (Privé - Réservé au gouvernement),,private,GOVERNMENT,DEF,FED_GOV,,,,,,,,,,,,,,,,,,,,,,,,,LD,true,
ELEC,"DEFENSE FINANCE &amp; ACCOUNTING SV (Bldg 10, 11 &amp; 21)",3990 E Broad St,,Defense Supply Center Columbus,OH,43213,,,P,2026-01-01,PLANNED - not yet accessible (Private - Government only),,,,,,,4,,,Non-Networked,,GPS,39.974596,-82.894443,2025-12-12,443162,2026-02-02 23:16:24 UTC,FG,3,Defense Agencies,,,,,,NEMA1450,US,,,,PRÉVU - pas encore accessible (Privé - Réservé au gouvernement),,private,GOVERNMENT,DEF,FED_GOV,,,,,,,,,,,,,,,,,,,,,,,,,LD,true,
ELEC,"DEFENSE INFORMATION SYSTEMS AGENCY- (Bldg 10, 11, 20 &amp; 23)",3990 E Broad St,,Defense Supply Center Columbus,OH,43213,,,P,2026-01-01,PLANNED - not yet accessible (Private - Government only),,,,,,,4,,,Non-Networked,,GPS,39.974596,-82.894443,2025-12-12,443163,2026-02-02 23:16:24 UTC,FG,3,Defense Agencies,,,,,,NEMA1450,US,,,,PRÉVU - pas encore accessible (Privé - Réservé au gouvernement),,private,GOVERNMENT,DEF,FED_GOV,,,,,,,,,,,,,,,,,,,,,,,,,LD,true,
ELEC,DLA Disposition Services-Columbus (Bldg 30),3990 E Broad St,,Defense Supply Center Columbus,OH,43213,,,P,2026-01-01,PLANNED - not yet accessible (Private - Government only),,,,,,,6,,,Non-Networked,,GPS,39.981865,-82.904805,2025-12-12,443164,2026-02-02 23:16:24 UTC,FG,3,Defense Agencies,,,,,,NEMA1450,US,,,,PRÉVU - pas encore accessible (Privé - Réservé au gouvernement),,private,GOVERNMENT,DEF,FED_GOV,,,,,,,,,,,,,,,,,,,,,,,,,LD,true,
ELEC,DLA Installation Management-Columbus (Bldg 30),3990 E Broad St,,Defense Supply Center Columbus,OH,43213,,,P,2026-01-01,PLANNED - not yet accessible (Private - Government only),,,,,,,23,,,Non-Networked,,GPS,39.974596,-82.894443,2025-12-12,443168,2026-02-02 23:16:24 UTC,FG,3,Defense Agencies,,,,,,NEMA1450,US,,,,PRÉVU - pas encore accessible (Privé - Réservé au gouvernement),,private,GOVERNMENT,DEF,FED_GOV,,,,,,,,,,,,,,,,,,,,,,,,,LD,true,
ELEC,DLA Installation Management-Columbus (Bldg 46),3990 E Broad St,,Defense Supply Center Columbus,OH,43213,,,P,2026-01-01,PLANNED - not yet accessible (Private - Government only),,,,,,,6,,,Non-Networked,,GPS,39.974596,-82.894443,2025-12-12,443169,2026-02-02 23:16:24 UTC,FG,3,Defense Agencies,,,,,,NEMA1450,US,,,,PRÉVU - pas encore accessible (Privé - Réservé au gouvernement),,private,GOVERNMENT,DEF,FED_GOV,,,,,,,,,,,,,,,,,,,,,,,,,LD,true,
ELEC,DLA Installation Management-Columbus (Bldg 58),3990 E Broad St,,Defense Supply Center Columbus,OH,43213,,,P,2026-01-01,PLANNED - not yet accessible (Private - Government only),,,,,,,6,,,Non-Networked,,GPS,39.974596,-82.894443,2025-12-12,443170,2026-02-02 23:16:24 UTC,FG,3,Defense Agencies,,,,,,NEMA1450,US,,,,PRÉVU - pas encore accessible (Privé - Réservé au gouvernement),,private,GOVERNMENT,DEF,FED_GOV,,,,,,,,,,,,,,,,,,,,,,,,,LD,true,
ELEC,DLA Land &amp; Maritime-Columbus (Bldg 30),3990 E Broad St,,Defense Supply Center Columbus,OH,43213,,,P,2026-01-01,PLANNED - not yet accessible (Private - Government only),,,,,,,1,,,Non-Networked,,GPS,39.974596,-82.894443,2025-12-12,443177,2026-02-02 23:16:24 UTC,FG,3,Defense Agencies,,,,,,NEMA1450,US,,,,PRÉVU - pas encore accessible (Privé - Réservé au gouvernement),,private,GOVERNMENT,DEF,FED_GOV,,,,,,,,,,,,,,,,,,,,,,,,,LD,true,
ELEC,DLA OIG-Columbus (Bldg 11),3990 E Broad St,,Defense Supply Center Columbus,OH,43213,,,P,2026-01-01,PLANNED - not yet accessible (Private - Government only),,,,,,,1,,,Non-Networked,,GPS,39.974596,-82.894443,2025-12-12,443178,2026-02-02 23:16:24 UTC,FG,3,Defense Agencies,,,,,,NEMA1450,US,,,,PRÉVU - pas encore accessible (Privé - Réservé au gouvernement),,private,GOVERNMENT,DEF,FED_GOV,,,,,,,,,,,,,,,,,,,,,,,,,LD,true,
ELEC,DoD OFFICE OF INSPECTOR GENERAL (Bldg 10 &amp; 11),3990 E Broad St,,Defense Supply Center Columbus,OH,43213,,,P,2026-01-01,PLANNED - not yet accessible (Private - Government only),,,,,,,2,,,Non-Networked,,GPS,39.974596,-82.894443,2025-12-12,443181,2026-02-02 23:16:24 UTC,FG,3,Defense Agencies,,,,,,NEMA1450,US,,,,PRÉVU - pas encore accessible (Privé - Réservé au gouvernement),,private,GOVERNMENT,DEF,FED_GOV,,,,,,,,,,,,,,,,,,,,,,,,,LD,true,
ELEC,NAVY TALENT ACQUISITION GROUP (NTAG) OHIO RIVER VALLEY (Bldg 10),3990 E Broad St,,Defense Supply Center Columbus,OH,43213,,,P,2026-01-01,PLANNED - not yet accessible (Private - Government only),,,,,,,4,,,Non-Networked,,GPS,39.974596,-82.894443,2025-12-12,443185,2026-02-02 23:16:24 UTC,FG,3,Defense Agencies,,,,,,NEMA1450,US,,,,PRÉVU - pas encore accessible (Privé - Réservé au gouvernement),,private,GOVERNMENT,DEF,FED_GOV,,,,,,,,,,,,,,,,,,,,,,,,,LD,true,
ELEC,"OHIO ARMY NATIONAL GUARD (Bldg 9, 10, 24, 6, 1, 11, 5)",3990 E Broad St,,Defense Supply Center Columbus,OH,43213,,,P,2026-01-01,PLANNED - not yet accessible (Private - Government only),,,,,,,6,,,Non-Networked,,GPS,39.974596,-82.894443,2025-12-12,443186,2026-02-02 23:16:24 UTC,FG,3,Defense Agencies,,,,,,NEMA1450,US,,,,PRÉVU - pas encore accessible (Privé - Réservé au gouvernement),,private,GOVERNMENT,DEF,FED_GOV,,,,,,,,,,,,,,,,,,,,,,,,,LD,true,
ELEC,U.S. SMALL BUSINESS ADMINISTRATION (Bldg 20),3990 E Broad St,,Defense Supply Center Columbus,OH,43213,,,P,2026-01-01,PLANNED - not yet accessible (Private - Government only),,,,,,,4,,,Non-Networked,,GPS,39.974596,-82.894443,2025-12-12,443188,2026-02-02 23:16:24 UTC,FG,3,Defense Agencies,,,,,,NEMA1450,US,,,,PRÉVU - pas encore accessible (Privé - Réservé au gouvernement),,private,GOVERNMENT,DEF,FED_GOV,,,,,,,,,,,,,,,,,,,,,,,,,LD,true,
ELEC,US ARMY CORPS OF ENGINEERS HUNTINGTON (Bldg 10),3990 E Broad St,,Defense Supply Center Columbus,OH,43213,,,P,2026-01-01,PLANNED - not yet accessible (Private - Government only),,,,,,,4,,,Non-Networked,,GPS,39.974596,-82.894443,2025-12-12,443190,2026-02-02 23:16:24 UTC,FG,3,Defense Agencies,,,,,,NEMA1450,US,,,,PRÉVU - pas encore accessible (Privé - Réservé au gouvernement),,private,GOVERNMENT,DEF,FED_GOV,,,,,,,,,,,,,,,,,,,,,,,,,LD,true,
ELEC,US ARMY CORPS OF ENGINEERS LOUISVILLE (Bldg 330),3990 E Broad St,,Defense Supply Center Columbus,OH,43213,,,P,2026-01-01,PLANNED - not yet accessible (Private - Government only),,,,,,,4,,,Non-Networked,,GPS,39.974596,-82.894443,2025-12-12,443191,2026-02-02 23:16:24 UTC,FG,3,Defense Agencies,,,,,,NEMA1450,US,,,,PRÉVU - pas encore accessible (Privé - Réservé au gouvernement),,private,GOVERNMENT,DEF,FED_GOV,,,,,,,,,,,,,,,,,,,,,,,,,LD,true,
ELEC,US ARMY RECRUITING BATTALION (Bldg 10 &amp; 11),3990 E Broad St,,Defense Supply Center Columbus,OH,43213,,,P,2026-01-01,PLANNED - not yet accessible (Private - Government only),,,,,,,6,,,Non-Networked,,GPS,39.974596,-82.894443,2025-12-12,443193,2026-02-02 23:16:24 UTC,FG,3,Defense Agencies,,,,,,NEMA1450,US,,,,PRÉVU - pas encore accessible (Privé - Réservé au gouvernement),,private,GOVERNMENT,DEF,FED_GOV,,,,,,,,,,,,,,,,,,,,,,,,,LD,true,
ELEC,VETERAN AFFAIRS (Bldg 10),3990 E Broad St,,Defense Supply Center Columbus,OH,43213,,,P,2026-01-01,PLANNED - not yet accessible (Private - Government only),,,,,,,4,,,Non-Networked,,GPS,39.974596,-82.894443,2025-12-12,443197,2026-02-02 23:16:24 UTC,FG,3,Defense Agencies,,,,,,NEMA1450,US,,,,PRÉVU - pas encore accessible (Privé - Réservé au gouvernement),,private,GOVERNMENT,DEF,FED_GOV,,,,,,,,,,,,,,,,,,,,,,,,,LD,true,
ELEC,Portsmouth Joint Information Center 1,425 E 2nd St 1,,Piketon,OH,45661,,,E,,Private - Government only,,,,,,,2,,,Non-Networked,,GPS,39.067795,-83.012481,2025-12-12,443795,2026-02-02 23:16:24 UTC,FG,8,U.S. Department of Energy,2025-08-05,,,,,NEMA1450,US,,,,Privé - Réservé au gouvernement,,private,GOVERNMENT,DOE,FED_GOV,,,,,,,,,,,,,,,,,,,,,,,,,LD,true,
ELEC,Portsmouth Joint Information Center 2,425 E 2nd St 2,,Piketon,OH,45661,,,E,,Private - Government only,,,,,,,2,,,Non-Networked,,GPS,39.067795,-83.012481,2025-12-12,443796,2026-02-02 23:16:24 UTC,FG,8,U.S. Department of Energy,2025-08-05,,,,,NEMA1450,US,,,,Privé - Réservé au gouvernement,,private,GOVERNMENT,DOE,FED_GOV,,,,,,,,,,,,,,,,,,,,,,,,,LD,true,
ELEC,CANTON OH SDC,Cleveland Ave NW,,Canton,OH,44711,,,E,,Private - Government only,,,,,,,88,,,Non-Networked,,GPS,40.827442,-81.384877,2025-12-12,443847,2026-02-02 23:16:24 UTC,FG,25,U.S. Postal Service,2025-08-05,,,,,NEMA1450,US,,,,Privé - Réservé au gouvernement,,private,GOVERNMENT,USPS,FED_GOV,,,,,,,,,,,,,,,,,,,,,,,,,LD,true,
ELEC,West Fork Lake,10558 McKelvey Rd,,Cincinnati,OH,45240,,,P,2026-01-01,PLANNED - not yet accessible (Private - Government only),,,,,,,1,,,Non-Networked,,GPS,39.261371,-84.496279,2025-12-12,445329,2026-02-02 23:16:24 UTC,FG,2,"Corps of Engineers, Civil Works",2025-08-05,,,,,NEMA1450,US,,,,PRÉVU - pas encore accessible (Privé - Réservé au gouvernement),,private,GOVERNMENT,USACE_CW,FED_GOV,,,,,,,,,,,,,,,,,,,,,,,,,LD,true,
ELEC,William H. Harsha Lake,2185 Slade Rd,,Batavia,OH,45103,,,P,2026-01-01,PLANNED - not yet accessible (Private - Government only),,,,,,,1,,,Non-Networked,,GPS,39.019261,-84.163847,2025-12-12,445331,2026-02-02 23:16:24 UTC,FG,2,"Corps of Engineers, Civil Works",2025-08-05,,,,,NEMA1450,US,,,,PRÉVU - pas encore accessible (Privé - Réservé au gouvernement),,private,GOVERNMENT,USACE_CW,FED_GOV,,,,,,,,,,,,,,,,,,,,,,,,,LD,true,
ELEC,VISN 10/Chillicothe VAMC,17273 State Route 104,,Chillicothe,OH,45601,,,E,,Private - Government only,,,,,,1,,,,Non-Networked,,GPS,39.387509,-83.012231,2025-12-12,445455,2026-02-02 23:16:24 UTC,FG,19,Department of Veterans Affairs,2025-08-05,,,,,NEMA520,US,,,,Privé - Réservé au gouvernement,,private,GOVERNMENT,VA,FED_GOV,,,,,,,,,,,,,,,,,,,,,,,,,LD,true,
ELEC,C.J. Brown Dam and Reservoir,2630 Croft Rd,,Springfield,OH,45503,,,P,2026-01-01,PLANNED - not yet accessible (Private - Government only),,,,,,,1,,,Non-Networked,,GPS,39.956867,-83.747416,2025-12-12,445473,2026-02-02 23:16:24 UTC,FG,2,"Corps of Engineers, Civil Works",2025-08-05,,,,,NEMA1450,US,,,,PRÉVU - pas encore accessible (Privé - Réservé au gouvernement),,private,GOVERNMENT,USACE_CW,FED_GOV,,,,,,,,,,,,,,,,,,,,,,,,,LD,true,
ELEC,MAIN OFFICE1 STATION 2,6045 Bridgetown Rd,,Cincinnati,OH,45248,,888-758-4389,E,,Public,24 hours daily,,,,,,2,,,ChargePoint Network,https://www.chargepoint.com,GPS,39.157826,-84.647418,2026-08-19,445887,2026-08-19 03:02:25 UTC,,,,2025-11-18,,,,,J1772,US,,,,Public,,public,,,,,,,,,,,,,,,,,,,,false,,,,,,,,,false,
ELEC,MAIN OFFICE1 STATION 1,6045 Bridgetown Rd,Outside Parking,Cincinnati,OH,45248,,888-758-4389,E,,Public,24 hours daily,,,,,,2,,,ChargePoint Network,https://www.chargepoint.com,GPS,39.157884,-84.647418,2026-08-19,445888,2026-08-19 03:02:25 UTC,,,,2025-11-18,,,,,J1772,US,,,,Public,,public,,,,,,,,,,,,,,,,,,,,false,,,,,,,,,false,
ELEC,Pilot Travel Center 281,2786 Salt Springs Road,,Girard,OH,44420,,877-455-3833,E,,Public,24 hours daily,,,,,,,4,,eVgo Network,https://www.evgo.com,GPS,41.14057,-80.71917,2026-08-19,445904,2026-08-19 00:02:14 UTC,,,,2025-11-19,,,,,J1772COMBO,US,,,,Public,,public,,,,,,,,,,,,,,,,,,,,false,,,,,,,,,false,
ELEC,TEXASROADHOUSE1 MAIN ST STATION,1554 Main St,,Hamilton,OH,45013,,888-758-4389,E,,Public,24 hours daily,,,,,,2,,,ChargePoint Network,https://www.chargepoint.com,GPS,39.429365,-84.599484,2026-08-19,445930,2026-08-19 03:00:51 UTC,,,,2025-11-19,,,,,J1772,US,,,,Public,,public,,,,,,,,,,,,,,,,,,,,false,,,,,,,,,false,
ELEC,MORPC FRONT STREET 2,285 N Front St,,Columbus,OH,43215,,888-758-4389,E,,Public,24 hours daily,,,,,,2,,,ChargePoint Network,https://www.chargepoint.com,GPS,39.967381,-83.00402,2026-08-19,446351,2026-08-19 02:55:03 UTC,,,,2025-11-25,,,,,J1772,US,,,,Public,,public,,,,,,,,,,,,,,,,,,,,false,,,,,,,,,false,
ELEC,MORPC FRONT STREET 1,285 N Front St,,Columbus,OH,43215,,888-758-4389,E,,Public,24 hours daily,,,,,,2,,,ChargePoint Network,https://www.chargepoint.com,GPS,39.967379,-83.004047,2026-08-19,446406,2026-08-19 03:02:51 UTC,,,,2025-11-25,,,,,J1772,US,,,,Public,,public,,,,,,,,,,,,,,,,,,,,false,,,,,,,,,false,
ELEC,Gem City Market,324 Salem Ave,,Dayton,OH,45406,,937-741-3240,E,,Public,24 hours daily,A D Debit M V,,,,,1,,,Non-Networked,,GPS,39.765981,-84.209189,2025-12-12,446596,2026-02-02 23:16:24 UTC,P,,,2025-11-27,,,,,J1772,US,,,,Public,,public,,,GROCERY,,,,,,,Free,,,,,,,,,,false,,,,,,,,LD,false,
ELEC,METCLE RESIDENTIAL 2-4,1060 Bolivar Road,,Cleveland,OH,44115,,888-758-4389,E,,Public,24 hours daily,,,,,,1,,,ChargePoint Network,https://www.chargepoint.com,GPS,41.49851,-81.682447,2026-08-19,447238,2026-08-19 02:59:37 UTC,,,,2025-12-11,,,,,J1772,US,,,,Public,,public,,,,,,,,,,,,,,,,,,,,false,,,,,,,,,false,
ELEC,METCLE RESIDENTIAL 2-2,1060 Bolivar Road,,Cleveland,OH,44115,,888-758-4389,E,,Public,24 hours daily,,,,,,1,,,ChargePoint Network,https://www.chargepoint.com,GPS,41.498831,-81.68263,2026-08-19,447239,2026-08-19 02:59:37 UTC,,,,2025-12-11,,,,,J1772,US,,,,Public,,public,,,,,,,,,,,,,,,,,,,,false,,,,,,,,,false,
ELEC,METCLE RESIDENTIAL 2-1,1060 Bolivar Road,,Cleveland,OH,44115,,888-758-4389,E,,Public,24 hours daily,,,,,,1,,,ChargePoint Network,https://www.chargepoint.com,GPS,41.498681,-81.682463,2026-08-19,447241,2026-08-19 02:59:37 UTC,,,,2025-12-11,,,,,J1772,US,,,,Public,,public,,,,,,,,,,,,,,,,,,,,false,,,,,,,,,false,
ELEC,METCLE PUBLIC 1-2,1123 Bolivar Rd,,Cleveland,OH,44115,,888-758-4389,E,,Public,24 hours daily,,,,,,1,,,ChargePoint Network,https://www.chargepoint.com,GPS,41.498573,-81.682886,2026-08-19,447243,2026-08-19 02:59:37 UTC,,,,2025-12-11,,,,,J1772,US,,,,Public,,public,,,,,,,,,,,,,,,,,,,,false,,,,,,,,,false,
ELEC,METCLE PUBLIC 1-1,1060 Bolivar Road,,Cleveland,OH,44115,,888-758-4389,E,,Public,24 hours daily,,,,,,1,,,ChargePoint Network,https://www.chargepoint.com,GPS,41.498553,-81.682824,2026-08-19,447244,2026-08-19 02:59:37 UTC,,,,2025-12-11,,,,,J1772,US,,,,Public,,public,,,,,,,,,,,,,,,,,,,,false,,,,,,,,,false,
ELEC,METCLE RESIDENTIAL 2-3,1060 Bolivar Road,,Cleveland,OH,44115,,888-758-4389,E,,Public,24 hours daily,,,,,,1,,,ChargePoint Network,https://www.chargepoint.com,GPS,41.498825,-81.682452,2026-08-19,447256,2026-08-19 03:03:45 UTC,,,,2025-12-11,,,,,J1772,US,,,,Public,,public,,,,,,,,,,,,,,,,,,,,false,,,,,,,,,false,
ELEC,SALT FORK STATE SALT FORK EDC,R-21 Road,,Lore city,OH,43755,,888-758-4389,E,,Public,24 hours daily,,,,,,2,,,ChargePoint Network,https://www.chargepoint.com,GPS,40.089551,-81.467718,2026-08-19,447881,2026-08-19 02:42:58 UTC,,,,2025-12-19,,,,,J1772,US,,,,Public,,public,,,,,,,,,,,,,,,,,,,,false,,,,,,,,,false,
ELEC,QuikTrip 7096 Dayton OH,2121 S Edwin C Moses Blvd,,Dayton,OH,45417,,313-262-6722,E,,Public,,,,,,,,4,,RED_E,https://www.redecharge.com,GPS,39.733988822832,-84.20709709188,2026-08-19,448063,2026-08-19 05:14:05 UTC,,,,2025-12-17,,,,,J1772COMBO,US,,,,Public,,public,,,PUBLIC,,,,,,,,,,,,,,,,,false,,,,,,,,,false,
ELEC,MIDDLEBERG H CUSTOMERPARKING,7700 Pearl Rd Floor 5 star Mit,,Middleburg Heights,OH,44130,,888-758-4389,E,,Public,24 hours daily,,,,,,2,,,ChargePoint Network,https://www.chargepoint.com,GPS,41.358385,-81.817506,2026-08-19,448229,2026-08-19 02:15:40 UTC,,,,2025-12-24,,,,,J1772,US,,,,Public,,public,,,,,,,,,,,,,,,,,,,,false,,,,,,,,,false,
ELEC,BROWNHONDA STATION 1,5626 Central Avenue,,Toledo,OH,43615,,888-758-4389,E,,Public,24 hours daily,,,,,,,1,,ChargePoint Network,https://www.chargepoint.com,GPS,41.675891,-83.676718,2026-08-19,448244,2026-08-19 03:03:11 UTC,,,,2025-12-24,,,,,CHADEMO J1772COMBO,US,,,,Public,,public,,,,,,,,,,,,,,,,,,,,false,,,,,,,,,false,
ELEC,BROWNHONDA STATION 2,5625 Central Avenue,,Toledo,OH,43615,,888-758-4389,E,,Public,24 hours daily,,,,,,,1,,ChargePoint Network,https://www.chargepoint.com,GPS,41.675865,-83.676716,2026-08-19,448245,2026-08-19 03:03:17 UTC,,,,2025-12-24,,,,,CHADEMO J1772COMBO,US,,,,Public,,public,,,,,,,,,,,,,,,,,,,,false,,,,,,,,,false,
ELEC,Lewis Center,55 Meadow Park Ave,,Lewis Center,OH,43035,,877-455-3833,E,,Public,24 hours daily,,,,,,,6,,eVgo Network,https://www.evgo.com,GPS,40.1605828,-83.0186814,2026-08-18,448307,2026-08-19 00:00:16 UTC,,,,2025-12-24,,,,,J1772COMBO,US,,,,Public,,public,,,,,,,,,,,,,,,,,,,,false,,,,,,,,,false,
ELEC,Independence Family Health Center,5001 Rockside Road,,Independence,OH,44131,,888-998-2546,E,,Public,24 hours daily,,,,,,6,,,Blink Network,https://blinkcharging.com,GPS,41.3989,-81.65549,2026-08-19,448721,2026-08-19 00:09:43 UTC,,,,2026-01-02,,,,,J1772,US,,,,Public,,public,,,,,,,,,,,,,,,,,,,,false,,,,,,,,,false,
ELEC,NAL EV CHARGER 5,785 Beech Road Southwest,,Pataskala,OH,43062,,888-758-4389,E,,Public,24 hours daily,,,,,,2,,,ChargePoint Network,https://www.chargepoint.com,GPS,40.054574,-82.75648,2026-08-19,448730,2026-08-19 03:01:43 UTC,,,,2026-01-03,,,,,J1772,US,,,,Public,,public,,,,,,,,,,,,,,,,,,,,false,,,,,,,,,false,
ELEC,NAL EV CHARGER 4,785 Beech Road Southwest,,Pataskala,OH,43062,,888-758-4389,E,,Public,24 hours daily,,,,,,2,,,ChargePoint Network,https://www.chargepoint.com,GPS,40.054472,-82.756751,2026-08-19,448731,2026-08-19 03:01:44 UTC,,,,2026-01-03,,,,,J1772,US,,,,Public,,public,,,,,,,,,,,,,,,,,,,,false,,,,,,,,,false,
ELEC,NAL EV CHARGER 2,785 Beech Road Southwest,,Pataskala,OH,43062,,888-758-4389,E,,Public,24 hours daily,,,,,,2,,,ChargePoint Network,https://www.chargepoint.com,GPS,40.054655,-82.756291,2026-08-19,448732,2026-08-19 03:01:44 UTC,,,,2026-01-03,,,,,J1772,US,,,,Public,,public,,,,,,,,,,,,,,,,,,,,false,,,,,,,,,false,
ELEC,NAL EV CHARGER 1,785 Beech Road Southwest,,Pataskala,OH,43062,,888-758-4389,E,,Public,24 hours daily,,,,,,2,,,ChargePoint Network,https://www.chargepoint.com,GPS,40.054579,-82.756213,2026-08-19,448733,2026-08-19 03:01:44 UTC,,,,2026-01-03,,,,,J1772,US,,,,Public,,public,,,,,,,,,,,,,,,,,,,,false,,,,,,,,,false,
ELEC,NAL EV CHARGER 3,785 Beech Road Southwest,,Pataskala,OH,43062,,888-758-4389,E,,Public,24 hours daily,,,,,,2,,,ChargePoint Network,https://www.chargepoint.com,GPS,40.054606,-82.75632,2026-08-19,448734,2026-08-19 03:01:44 UTC,,,,2026-01-03,,,,,J1772,US,,,,Public,,public,,,,,,,,,,,,,,,,,,,,false,,,,,,,,,false,
ELEC,COTA STATION 1,6675 Shook Road,Behind building,Columbus,OH,43217,,888-758-4389,E,,Public,24 hours daily,,,,,,1,,,ChargePoint Network,https://www.chargepoint.com,GPS,39.829859,-82.94594,2026-08-19,449257,2026-08-19 03:05:09 UTC,,,,2026-01-10,,,,,J1772,US,,,,Public,,public,,,,,,,,,,,,,,,,,,,,false,,,,,,,,,false,
ELEC,COTA STATION 2,6675 Shook Road,Behind building,Columbus,OH,43217,,888-758-4389,E,,Public,24 hours daily,,,,,,1,,,ChargePoint Network,https://www.chargepoint.com,GPS,39.829926,-82.945918,2026-08-19,449258,2026-08-19 03:05:10 UTC,,,,2026-01-10,,,,,J1772,US,,,,Public,,public,,,,,,,,,,,,,,,,,,,,false,,,,,,,,,false,
ELEC,Buckeye Nissan,2480 N Memorial Dr Suite D,,Lancaster,OH,43130,,866-213-3970,E,,Public,Dealership business hours,,,,,,,2,,IN_CHARGE,https://inchargeus.com,GPS,39.74115015,-82.636728563,2026-01-13,449388,2026-02-02 23:16:24 UTC,P,,,2016-02-29,,,,,CHADEMO J1772COMBO,US,,,,Public,,public,,,CAR_DEALER,,,,,,,,,,,,,,,,,false,,,,,,,,LD,false,
ELEC,TRU EV CHARGER TRU1,17500 Rosbough Boulevard,,Cleveland,OH,44130,,888-758-4389,E,,Public,24 hours daily,,,,,,2,,,ChargePoint Network,https://www.chargepoint.com,GPS,41.374917,-81.820872,2026-08-19,449524,2026-08-19 03:01:40 UTC,,,,2026-01-15,,,,,J1772,US,,,,Public,,public,,,,,,,,,,,,,,,,,,,,false,,,,,,,,,false,
ELEC,COTA STATION 3,6675 Shook Road,Behind the COTA building,Columbus,OH,43217,,888-758-4389,E,,Public,24 hours daily,,,,,,1,,,ChargePoint Network,https://www.chargepoint.com,GPS,39.830129,-82.945715,2026-08-19,449647,2026-08-19 03:05:56 UTC,,,,2026-01-16,,,,,J1772,US,,,,Public,,public,,,,,,,,,,,,,,,,,,,,false,,,,,,,,,false,
ELEC,"Menards Avon 3357 (Avon, OH)",35700 Chester Rd,,Avon,OH,44011,,833-632-2778,E,,Public,24 hours daily,,,,,,,12,,Electrify America,https://www.electrifyamerica.com,GPS,41.46781,-82.014,2026-08-19,449650,2026-08-19 03:36:21 UTC,,,,2026-01-16,,,,,J1772COMBO,US,,,,Public,,public,,,,,,,,,,,,,,,,,,,,false,,,,,,,,,false,
ELEC,Maple Heights City Hall,"5353 Lee Road, Rear Side",,Maple Heights,OH,44137,,888-356-8911,T,2026-07-10,TEMPORARILY UNAVAILABLE (Public),24 hours daily,,,,,,,1,,FLO,https://www.flo.com,GPS,41.415227,-81.565429,2026-08-19,449652,2026-08-19 04:06:07 UTC,,,,2026-01-16,,,,,CHADEMO J1772COMBO,US,,,,TEMPORAIREMENT SUSPENDU (Public),,public,,,,,,,,,,,,,,,,,,,,false,,,,,,,,,false,
ELEC,150 Tallmadge Circle,150 Tallmadge Circle,,Tallmadge,OH,44278,,888-356-8911,E,,Public,24 hours daily,,,,,,2,,,FLO,https://www.flo.com,GPS,41.1017811,-81.4426541,2026-08-19,449658,2026-08-19 04:06:08 UTC,,,,2026-01-16,,,,,J1772,US,,,,Public,,public,,,,,,,,,,,,,,,,,,,,false,,,,,,,,,false,
ELEC,Lincoln Electric Training Center,22800 St Clair Ave,,Euclid,OH,44117,,216-481-8100,E,,Public,5am-10pm daily,A D Debit M V,,,,,,3,,Non-Networked,,GPS,41.58519097,-81.52224004,2026-07-15,449666,2026-07-15 18:38:56 UTC,P,,,2026-01-16,,,,,J1772COMBO TESLA,US,,,,Public,,public,,,OFFICE_BLDG,,,,,,,$0.40 per kWh,,,,,,,,,,false,,,,,,,,LD,false,
ELEC,North Ridgeville City Hall - DC,7307 Avon Belden Road,,North Ridgeville,OH,44039,,888-356-8911,E,,Public,24 hours daily,,,,,,,1,,FLO,https://www.flo.com,GPS,41.3852548,-82.017054,2026-08-19,449774,2026-08-19 04:06:09 UTC,,,,2026-01-20,,,,,CHADEMO J1772COMBO,US,,,,Public,,public,,,,,,,,,,,,,,,,,,,,false,,,,,,,,,false,
ELEC,North Ridgeville City Hall,7307 Avon Belden Road,,North Ridgeville,OH,44039,,888-356-8911,E,,Public,24 hours daily,,,,,,2,,,FLO,https://www.flo.com,GPS,41.3852629,-82.0170754,2026-08-19,449928,2026-08-19 04:06:09 UTC,,,,2026-01-22,,,,,J1772,US,,,,Public,,public,,,,,,,,,,,,,,,,,,,,false,,,,,,,,,false,
ELEC,"Meijer West Chester, OH #147",7390 Tylersville Rd.,,West Chester,OH,45069,,877-455-3833,E,,Public,24 hours daily,,,,,,,4,,eVgo Network,https://www.evgo.com,GPS,39.356436,-84.375175,2026-08-19,449965,2026-08-19 00:02:21 UTC,,,,2026-01-23,,,,,J1772COMBO,US,,,,Public,,public,,,,,,,,,,,,,,,,,,,,false,,,,,,,,,false,NEVI
ELEC,"Meijer Troy, OH #112",1900 W. Main St.,,Troy,OH,45373,,877-455-3833,E,,Public,24 hours daily,,,,,,,4,,eVgo Network,https://www.evgo.com,GPS,40.05468,-84.24318,2026-08-19,449969,2026-08-19 00:02:23 UTC,,,,2026-01-23,,,,,J1772COMBO,US,,,,Public,,public,,,,,,,,,,,,,,,,,,,,false,,,,,,,,,false,NEVI
ELEC,"Meijer Brimfield Twp, OH #317",247 Tallmadge Rd.,,Kent,OH,44240,,877-455-3833,E,,Public,24 hours daily,,,,,,,4,,eVgo Network,https://www.evgo.com,GPS,41.1015893,-81.383764,2026-08-19,449971,2026-08-19 00:02:24 UTC,,,,2026-01-23,,,,,J1772COMBO,US,,,,Public,,public,,,,,,,,,,,,,,,,,,,,false,,,,,,,,,false,NEVI
ELEC,BLOM ADMIN BING SURFACE 2,550 Thomas Lane,Surface Lot,Columbus,OH,43214,,888-758-4389,E,,Public,24 hours daily,,,,,,2,,,ChargePoint Network,https://www.chargepoint.com,GPS,40.032767,-83.033023,2026-08-19,450114,2026-08-19 02:58:38 UTC,,,,2026-01-27,,,,,J1772,US,,,,Public,,public,,,,,,,,,,,,,,,,,,,,false,,,,,,,,,false,
ELEC,COPPER1 STATION 1,17769 OH-31,Behind 300 Ironway Clubhouse,Marysville,OH,43040,,888-758-4389,E,,Public,24 hours daily,,,,,,2,,,ChargePoint Network,https://www.chargepoint.com,GPS,40.257164,-83.374134,2026-08-19,450746,2026-08-19 02:54:48 UTC,,,,2026-02-05,,,,,J1772,US,,,,Public,,public,,,,,,,,,,,,,,,,,,,,false,,,,,,,,,false,
ELEC,Pilot Travel Center 213,3600 Interchange Road,,Columbus,OH,43204,,877-455-3833,E,,Public,24 hours daily,,,,,,,6,,eVgo Network,https://www.evgo.com,GPS,39.97308,-83.09956,2026-08-18,450922,2026-08-19 00:00:41 UTC,,,,2026-02-07,,,,,J1772COMBO,US,,,,Public,,public,,,,,,,,,,,,,,,,,,,,false,,,,,,,,,false,
ELEC,VC ACRES VC ACRES 1,7181 N Hamilton Rd,Located behind the fitness building,Columbus,OH,43081,,888-758-4389,E,,Public,24 hours daily,,,,,,2,,,ChargePoint Network,https://www.chargepoint.com,GPS,40.107859,-82.847682,2026-08-19,451005,2026-08-19 03:06:38 UTC,,,,2026-02-11,,,,,J1772,US,,,,Public,,public,,,,,,,,,,,,,,,,,,,,false,,,,,,,,,false,
ELEC,VC ACRES VC ACRES 2,7181 N Hamilton Rd,,Westerville,OH,43081,,888-758-4389,E,,Public,24 hours daily,,,,,,2,,,ChargePoint Network,https://www.chargepoint.com,GPS,40.108022,-82.848171,2026-08-19,451006,2026-08-19 03:06:38 UTC,,,,2026-02-11,,,,,J1772,US,,,,Public,,public,,,,,,,,,,,,,,,,,,,,false,,,,,,,,,false,
ELEC,BLOM ADMIN BING SURFACE 3,550 Thomas Lane,Surface Lot,Columbus,OH,43214,,888-758-4389,E,,Public,24 hours daily,,,,,,2,,,ChargePoint Network,https://www.chargepoint.com,GPS,40.032848,-83.03301,2026-08-19,451592,2026-08-19 02:58:38 UTC,,,,2026-02-19,,,,,J1772,US,,,,Public,,public,,,,,,,,,,,,,,,,,,,,false,,,,,,,,,false,
ELEC,BLOM ADMIN BING SURFACE 1,550 Thomas Lane,Surface Lot,Columbus,OH,43214,,888-758-4389,E,,Public,24 hours daily,,,,,,2,,,ChargePoint Network,https://www.chargepoint.com,GPS,40.032848,-83.033001,2026-08-19,451731,2026-08-19 02:58:39 UTC,,,,2026-02-21,,,,,J1772,US,,,,Public,,public,,,,,,,,,,,,,,,,,,,,false,,,,,,,,,false,
ELEC,Towpath Service Plaza,10037 Broadview Rd,,Broadview Heights,OH,44147,,888-557-7099,E,,Public,24 hours daily,ANDROID_PAY APPLE_PAY CREDIT D M V,,,,,,4,,APPLEGREEN,https://www.applegreenelectric.com,GPS,41.29235,-81.67631,2026-03-12,451853,2026-03-12 20:29:51 UTC,P,,,2026-01-06,,,,,J1772COMBO TESLA,US,,,,Public,,public,,,REST_STOP,,,,,,,$0.55 per kWh,,,,,,,,,,false,,,,,,,,LD,false,
ELEC,Great Lakes Service Plaza,2000 E Edgerton Rd,,Broadview Heights,OH,44147,,888-557-7099,E,,Public,24 hours daily,ANDROID_PAY APPLE_PAY CREDIT D M V,,,,,,4,,APPLEGREEN,https://www.applegreenelectric.com,GPS,41.29182,-81.67072,2026-03-12,451854,2026-03-12 20:29:51 UTC,P,,,2026-01-06,,,,,J1772COMBO TESLA,US,,,,Public,,public,,,REST_STOP,,,,,,,$0.55 per kWh,,,,,,,,,,false,,,,,,,,LD,false,
ELEC,Glacier Hills Service Plaza,Ohio Turnpike Milepost 237.2 E,,New Springfield,OH,44443,,888-557-7099,E,,Public,24 hours daily,ANDROID_PAY APPLE_PAY CREDIT D M V,,,,,,4,,APPLEGREEN,https://www.applegreenelectric.com,GPS,40.93893,-80.58811,2026-03-12,451855,2026-03-12 20:29:51 UTC,P,,,2026-01-06,,,,,J1772COMBO TESLA,US,,,,Public,,public,,,REST_STOP,,,,,,,$0.55 per kWh,,,,,,,,,,false,,,,,,,,LD,false,
ELEC,Mahoning Valley Service Plaza,Ohio Turnpike Milepost 237.2 W,,New Springfield,OH,44443,,888-557-7099,E,,Public,24 hours daily,ANDROID_PAY APPLE_PAY CREDIT D M V,,,,,,4,,APPLEGREEN,https://www.applegreenelectric.com,GPS,40.94022,-80.58507,2026-03-12,451856,2026-03-12 20:29:51 UTC,P,,,2026-01-06,,,,,J1772COMBO TESLA,US,,,,Public,,public,,,REST_STOP,,,,,,,$0.55 per kWh,,,,,,,,,,false,,,,,,,,LD,false,
ELEC,CPR EV CHARGER EV CHARGER,2117 Dana Avenue,,Cincinnati,OH,45207,,888-758-4389,E,,Public,24 hours daily,,,,,,2,,,ChargePoint Network,https://www.chargepoint.com,GPS,39.145002,-84.460778,2026-08-19,452237,2026-08-19 03:07:29 UTC,,,,2026-04-01,,,,,J1772 TESLA,US,,,,Public,,public,,,,,,,,,,,,,,,,,,,,false,,,,,,,,,false,
ELEC,WELSH HILLS INN WELSH HILLS INN,2133 Cambria Mill Rd.,,Granville,OH,43023,,888-758-4389,E,,Public,24 hours daily,,,,,,1,,,ChargePoint Network,https://www.chargepoint.com,GPS,40.108723,-82.498634,2026-08-19,452305,2026-08-19 03:06:07 UTC,,,,2026-03-03,,,,,J1772,US,,,,Public,,public,,,,,,,,,,,,,,,,,,,,false,,,,,,,,,false,
ELEC,1651 S. Elm St.,1651 S. Elm St.,,West Carollton,OH,45449,,888-807-4522,E,,Public,24 hours daily,,,,,,4,,,SYNERGEV,https://synergev.com,GPS,39.650272,-84.237758,2026-08-19,452510,2026-08-19 05:29:35 UTC,,,,2026-03-04,,,,,J1772,US,,,,Public,,public,,,,,,,,,,,,,,,,,,,,false,,,,,,,,,false,
ELEC,3401 Morse Crossing,3401 Morse Crossing,,Columbus,OH,43219,,888-385-6671,E,,Public,24 hours daily,A ACCOUNT_BALANCE ANDROID_PAY APPLE_PAY D M V,,,,,10,,,LOOP,https://loopglobal.com,GPS,40.04297582587,-82.9189013892642,2026-07-15,453131,2026-07-15 18:38:56 UTC,P,,,2025-10-28,,,,,J1772,US,,,,Public,,public,,,OTHER,,,,,,,$15 monthly service fee,,,,,,,,,,false,,,,,,,,LD,false,
ELEC,Alkire Meadows,4300 Alkire Rd,,Columbus,OH,43228,,888-385-6671,E,,Public,24 hours daily,A ACCOUNT_BALANCE ANDROID_PAY APPLE_PAY D M V,,,,,2,,,LOOP,https://loopglobal.com,GPS,39.91392,-83.11056,2026-07-15,453144,2026-07-15 18:38:56 UTC,P,,,2025-07-31,,,,,J1772,US,,,,Public,,public,,,OTHER,,,,,,,$1 activation fee; $0.35 per kWh,,,,,,,,,,false,,,,,,,,LD,false,
ELEC,JPMC Vision,3415 Vision Dr,,Columbus,OH,43219,,888-385-6671,E,,Public,24 hours daily,A ACCOUNT_BALANCE ANDROID_PAY APPLE_PAY D M V,,,,,40,,,LOOP,https://loopglobal.com,GPS,40.0429800258729,-82.9213867744061,2026-07-15,453239,2026-07-15 18:38:56 UTC,P,,,2025-11-06,,,,,J1772,US,,,,Public,,public,,,OTHER,,,,,,,$15 monthly service fee,,,,,,,,,,false,,,,,,,,LD,false,
ELEC,Kendall 769 Center Dr,769 Center Dr,,Vandalia,OH,45377,,888-385-6671,E,,Public,24 hours daily,A ACCOUNT_BALANCE ANDROID_PAY APPLE_PAY D M V,,,,,2,,,LOOP,https://loopglobal.com,GPS,39.8858805502106,-84.186236432479,2026-07-15,453240,2026-07-15 18:38:56 UTC,P,,,2025-06-10,,,,,J1772,US,,,,Public,,public,,,OTHER,,,,,,,$1 activation fee,,,,,,,,,,false,,,,,,,,LD,false,
ELEC,THS LEVIS 1,5501 South Wilkinson Way,,Perrysburg,OH,43551,,888-758-4389,E,,Public,24 hours daily,,,,,,2,,,ChargePoint Network,https://www.chargepoint.com,GPS,41.523047,-83.641256,2026-08-19,453326,2026-08-19 03:07:10 UTC,,,,2026-03-08,,,,,J1772,US,,,,Public,,public,,,,,,,,,,,,,,,,,,,,false,,,,,,,,,false,
ELEC,THS LEVIS 2,5501 South Wilkinson Way,,Perrysburg,OH,43551,,888-758-4389,E,,Public,24 hours daily,,,,,,2,,,ChargePoint Network,https://www.chargepoint.com,GPS,41.52309,-83.641259,2026-08-19,453327,2026-08-19 03:07:10 UTC,,,,2026-03-08,,,,,J1772,US,,,,Public,,public,,,,,,,,,,,,,,,,,,,,false,,,,,,,,,false,
ELEC,THS LEVIS 3,5501 South Wilkinson Way,,Perrysburg,OH,43551,,888-758-4389,E,,Public,24 hours daily,,,,,,2,,,ChargePoint Network,https://www.chargepoint.com,GPS,41.523196,-83.641251,2026-08-19,453328,2026-08-19 03:07:10 UTC,,,,2026-03-08,,,,,J1772,US,,,,Public,,public,,,,,,,,,,,,,,,,,,,,false,,,,,,,,,false,
ELEC,Symmes Township Branch,11850 Enyart Rd,,Loveland,OH,45140,,888-222-6618,E,,Public,,,,,,,5,,,NOODOE,https://www.noodoe.com,GPS,39.285009,-84.31019,2026-08-19,453484,2026-08-19 04:32:37 UTC,,,,2026-03-27,,,,,J1772,US,,,,Public,,public,,,,,,,,,,,,,,,,,,,,false,,,,,,,,,false,
ELEC,"Cambridge, OH Rechargery Relay - Southgate Rd",61600 Southgate Rd,,Cambridge,OH,43725,,833-466-2474,E,,Public,24 hours daily,,,,,,,8,,IONNA,https://www.ionna.com,GPS,39.995699,-81.573693,2026-08-19,454141,2026-08-19 05:06:04 UTC,,,,2026-03-14,,,,,J1772COMBO TESLA,US,,,,Public,,public,,,,,,,,,,,,,,,,,,,,false,,,,,,,,,false,
ELEC,#1 Cochran Ford Austintown,4702 Mahoning Ave,,Youngstown,OH,44515,,888-357-1009,E,,Public,24 hours daily,A ANDROID_PAY APPLE_PAY CREDIT D Debit M V,,,,,,4,,FORD_CHARGE,https://www.ford.com/support/category/electric-vehicle/charging/public-charging/,GPS,41.101291,-80.741272,2026-08-19,454144,2026-08-19 05:17:50 UTC,,,,2026-03-13,,,,,J1772COMBO,US,,,,Public,,public,,,PUBLIC,,,,,,,,,,,,,,,,,false,,,,,,,,,false,
ELEC,Urban Community School,2025 West 47th Street,,Cleveland,OH,44102,,888-998-2546,E,,Public,24 hours daily,,,,,,2,,,Blink Network,https://blinkcharging.com,GPS,41.4774469,-81.7187466,2026-08-19,454173,2026-08-19 00:41:26 UTC,,,,2026-03-16,,,,,J1772,US,,,,Public,,public,,,,,,,,,,,,,,,,,,,,false,,,,,,,,,false,
ELEC,"Lima, OH Rechargery Relay @ Wawa - W Breese Rd",1355 W Breese Rd,,Lima,OH,45804,,833-466-2474,E,,Public,24 hours daily,,,,,,,18,,IONNA,https://www.ionna.com,GPS,40.686131,-84.128394,2026-08-19,454179,2026-08-19 05:05:56 UTC,,,,2026-03-17,,,,,J1772COMBO TESLA,US,,,,Public,,public,,,,,,,,,,,,,,,,,,,,false,,,,,,,,,false,
ELEC,"Menards Columbus 3280 (Columbus, OH)",6800 E Broad St,,Columbus,OH,43213,,833-632-2778,E,,Public,24 hours daily,,,,,,,12,,Electrify America,https://www.electrifyamerica.com,GPS,39.98217,-82.8221,2026-08-19,454250,2026-08-19 03:36:20 UTC,,,,2026-03-18,,,,,J1772COMBO,US,,,,Public,,public,,,,,,,,,,,,,,,,,,,,false,,,,,,,,,false,
ELEC,Array Springdale,1911 Sheraton LN,,Cincinnati,OH,45246,,800-636-0986,E,,Public,,,,,,,6,,,CHARGELAB,https://chargelab.co,GPS,39.297057,-84.486199,2026-08-19,455344,2026-08-19 05:25:06 UTC,,,,2026-03-18,,,,,J1772,US,,,,Public,,public,,,,,,,,,,,,,,,,,,,,false,,,,,,,,,false,
ELEC,Terminal Tower Garage,50 Terminal Tower Garage,,Cleveland,OH,44113,,800-636-0986,T,2026-03-18,TEMPORARILY UNAVAILABLE (Public),,,,,,,3,,,CHARGELAB,https://chargelab.co,GPS,41.49838,-81.695934,2026-08-19,455381,2026-08-19 05:25:21 UTC,,,,2026-03-18,,,,,J1772,US,,,,TEMPORAIREMENT SUSPENDU (Public),,public,,,,,,,,,,,,,,,,,,,,false,,,,,,,,,false,
ELEC,Summit County Public Health,1867 W Market St,,Akron,OH,44313,,800-636-0986,E,,Public,,,,,,,,4,,CHARGELAB,https://chargelab.co,GPS,41.114487,-81.573932,2026-08-19,455712,2026-08-19 05:26:43 UTC,,,,2026-03-18,,,,,J1772COMBO,US,,,,Public,,public,,,,,,,,,,,,,,,,,,,,false,,,,,,,,,false,
ELEC,Mercer Commons Garage,5 Mercer St,,Cincinnati,OH,45202,,949-945-2000,E,,Public,24 hours daily,,,,,,6,,,EVGATEWAY,https://evgateway.com,GPS,39.1101473,-84.5145534,2026-08-19,456311,2026-08-19 04:46:57 UTC,,,,2026-03-24,,,,,J1772,US,,,,Public,,public,,,,,,,,,,,,,,,,,,,,false,,,,,,,,,false,
ELEC,Deacons Chrysler Dodge Jeep Ram,835 SOM Center Road,,Mayfield Village,OH,44143,,888-807-4522,E,,Public,24 hours daily,,,,,,,2,,SYNERGEV,https://synergev.com,GPS,41.538388,-81.438033,2026-08-19,456728,2026-08-19 05:29:50 UTC,,,,2026-04-01,,,,,J1772COMBO,US,,,,Public,,public,,,,,,,,,,,,,,,,,,,,false,,,,,,,,,false,
ELEC,OHIO STATE UNV SCHUMAKER3,630 Trumbull Ct,Lot on Irving Schottenstein Dr. NW of Schumaker building,Columbus,OH,43210,,888-758-4389,T,2026-04-07,TEMPORARILY UNAVAILABLE (Public),24 hours daily,,,,,,2,,,ChargePoint Network,https://www.chargepoint.com,GPS,40.013046,-83.02635,2026-08-19,456917,2026-08-19 03:07:35 UTC,,,,2026-04-03,,,,,J1772,US,,,,TEMPORAIREMENT SUSPENDU (Public),,public,,,,,,,,,,,,,,,,,,,,false,,,,,,,,,false,
ELEC,VC YARD VC YARD 1,1000 North Kuther Road,,Sidney,OH,45365,,888-758-4389,E,,Public,24 hours daily,,,,,,2,,,ChargePoint Network,https://www.chargepoint.com,GPS,40.291732,-84.20667,2026-08-19,457101,2026-08-19 03:09:14 UTC,,,,2026-04-04,,,,,J1772 TESLA,US,,,,Public,,public,,,,,,,,,,,,,,,,,,,,false,,,,,,,,,false,
ELEC,VC YARD VC YARD 2,1000 North Kuther Road,Located in front of the Clubhouse,Sidney,OH,45365,,888-758-4389,E,,Public,24 hours daily,,,,,,2,,,ChargePoint Network,https://www.chargepoint.com,GPS,40.291689,-84.206643,2026-08-19,457102,2026-08-19 03:09:14 UTC,,,,2026-04-04,,,,,J1772 TESLA,US,,,,Public,,public,,,,,,,,,,,,,,,,,,,,false,,,,,,,,,false,
ELEC,Stonemill,"1070 Ghent Road, Line 2",,Akron,OH,44333,,888-401-3738,E,,Public,,,,,,,,2,,DIRT_ROAD,https://www.carbonsolutionsgroup.com/ev-charging/drivers/,GPS,41.153088,-81.6339257,2026-08-19,457333,2026-08-19 05:31:41 UTC,,,,2026-04-09,,,,,J1772COMBO,US,,,,Public,,public,,,,,,,,,,,,,,,,,,,,false,,,,,,,,,false,
ELEC,Sandvik Cleveland,1214 Marquette,,Cleveland,OH,44114,,888-401-3738,E,,Public,,,,,,,2,,,DIRT_ROAD,https://www.carbonsolutionsgroup.com/ev-charging/drivers/,GPS,41.5236045,-81.6575699,2026-08-19,457350,2026-08-19 05:31:47 UTC,,,,2026-04-09,,,,,J1772,US,,,,Public,,public,,,,,,,,,,,,,,,,,,,,false,,,,,,,,,false,
ELEC,COPPER1 GARAGE 18,264 Township Hwy 143,Located next to Garage 18 of Copper Run Apartments,Marysville,OH,43040,,888-758-4389,E,,Public,24 hours daily,,,,,,2,,,ChargePoint Network,https://www.chargepoint.com,GPS,40.255719,-83.376368,2026-08-19,457490,2026-08-19 02:59:47 UTC,,,,2026-04-11,,,,,J1772,US,,,,Public,,public,,,,,,,,,,,,,,,,,,,,false,,,,,,,,,false,
ELEC,VAN AKEN DIST EV 1,3401 tuttle rd,Garage 1st level,Shaker Heights,OH,44122,,888-758-4389,E,,Public,24 hours daily,,,,,,2,,,ChargePoint Network,https://www.chargepoint.com,GPS,41.467186,-81.536635,2026-08-19,457606,2026-08-19 03:09:15 UTC,,,,2026-04-14,,,,,J1772 TESLA,US,,,,Public,,public,,,,,,,,,,,,,,,,,,,,false,,,,,,,,,false,
ELEC,JEFF WYLER HOC NE EXP 250,8810 Colerain Avenue,parking lot,Cincinnati,OH,45251,,888-758-4389,E,,Public,24 hours daily,,,,,,,1,,ChargePoint Network,https://www.chargepoint.com,GPS,39.232141,-84.589369,2026-08-19,457790,2026-08-19 03:04:24 UTC,,,,2026-04-17,,,,,CHADEMO J1772COMBO,US,,,,Public,,public,,,,,,,,,,,,,,,,,,,,false,,,,,,,,,false,
ELEC,Valley Ford of Columbus,5575 Keim Cir,,Columbus,OH,43228,,888-357-1009,E,,Public,24 hours daily,,,,,,,4,,FORD_CHARGE,https://www.ford.com/support/category/electric-vehicle/charging/public-charging/,GPS,39.980216,-83.1536,2026-08-19,457944,2026-08-19 05:17:52 UTC,,,,2026-02-25,,,,,J1772COMBO,US,,,,Public,,public,,,PUBLIC,,,,,,,,,,,,,,,,,false,,,,,,,,,false,
ELEC,5th and Race Garage,120 W 5th St,,Cincinnati,OH,45202,,949-945-2000,E,,Public,24 hours daily,,,,,,10,,,EVGATEWAY,https://evgateway.com,GPS,39.1015496,-84.51535129999999,2026-08-19,458075,2026-08-19 04:46:54 UTC,,,,2026-04-23,,,,,J1772,US,,,,Public,,public,,,,,,,,,,,,,,,,,,,,false,,,,,,,,,false,
ELEC,Fountain Square Garage,520 Vine St,,Cincinnati,OH,45202,,949-945-2000,E,,Public,24 hours daily,,,,,,10,,,EVGATEWAY,https://evgateway.com,GPS,39.1017693,-84.5127768,2026-08-19,458076,2026-08-19 04:46:49 UTC,,,,2026-04-23,,,,,J1772,US,,,,Public,,public,,,,,,,,,,,,,,,,,,,,false,,,,,,,,,false,
ELEC,Washington Park Garage,1310 Elm St,,Cincinnati,OH,45202,,949-945-2000,E,,Public,24 hours daily,,,,,,8,,,EVGATEWAY,https://evgateway.com,GPS,39.1094043,-84.5181842,2026-08-19,458077,2026-08-19 04:46:20 UTC,,,,2026-04-23,,,,,J1772,US,,,,Public,,public,,,,,,,,,,,,,,,,,,,,false,,,,,,,,,false,
ELEC,1400 Vine St. Parking Lot,1400 Vine St,,Cincinnati,OH,45202,,949-945-2000,E,,Public,24 hours daily,,,,,,6,,,EVGATEWAY,https://evgateway.com,GPS,39.1110615,-84.51533189999999,2026-08-19,458078,2026-08-19 04:46:36 UTC,,,,2026-04-23,,,,,J1772,US,,,,Public,,public,,,,,,,,,,,,,,,,,,,,false,,,,,,,,,false,
ELEC,CCPLWVH1 CCPLPAH1,6200 Pearl Road,,Parma Heights,OH,44130,,888-758-4389,E,,Public,24 hours daily,,,,,,2,,,ChargePoint Network,https://www.chargepoint.com,GPS,41.394134,-81.761018,2026-08-19,458155,2026-08-19 03:09:55 UTC,,,,2026-04-24,,,,,J1772,US,,,,Public,,public,,,,,,,,,,,,,,,,,,,,false,,,,,,,,,false,
ELEC,Copley MB.HPC,4161 Heritage Center Drive,,Copley,OH,44321,,833-622-4743,E,,Public,Open to all EV drivers,,,,,,,8,,MERCEDES_BENZ,https://www.mbusa.com/en/ev-charging-stations,GPS,41.134861,-81.658892,2026-08-19,458939,2026-08-19 05:34:20 UTC,,,,2026-05-06,,,,,J1772COMBO TESLA,US,,,,Public,,public,,,,,,,,,,,,,,,,,,,,false,,,,,,,,,false,
ELEC,Paragon Ranch,11600 Grooms Rd,,Cincinnati,OH,45242,,813-492-5220,E,,Public,24 hours daily,,,,,,4,,,EVOKE,https://evokesystems.com,GPS,39.2793193,-84.3667216,2026-06-12,459309,2026-06-12 17:15:57 UTC,P,,,2025-12-15,,,,,J1772,US,,,,Public,,public,,,MULTI_UNIT_DWELLING,,,,,,,$1 initiation fee; $0.29 per kWh,,,,,,,,,,false,,,,,,,,LD,false,
ELEC,Aspire Kenwood - Parking Garage,7974 Aspire Blvd,,Cincinnati,OH,45236,,813-492-5220,E,,Public,24 hours daily,,,,,,19,,,EVOKE,https://evokesystems.com,GPS,39.2038931,-84.3814742,2026-06-12,459361,2026-06-12 17:15:57 UTC,P,,,2025-08-28,,,,,J1772,US,,,,Public,,public,,,PARKING_GARAGE,,,,,,,$1 initiation fee; $0.39 per kWh,,,,,,,,,,false,,,,,,,,LD,false,
ELEC,YALCARS CHARGEPOINT EV,152 Continental Drive,Under the Canopy Near Service Entrance,Salem,OH,44460,,888-758-4389,E,,Public,24 hours daily,,,,,,2,,,ChargePoint Network,https://www.chargepoint.com,GPS,40.902066,-80.824977,2026-08-19,459392,2026-08-19 03:10:56 UTC,,,,2026-05-09,,,,,J1772 TESLA,US,,,,Public,,public,,,,,,,,,,,,,,,,,,,,false,,,,,,,,,false,
ELEC,Byers Imports DCFC (Zerova),401 North Hamilton Road,,Columbus,OH,43213,,888-998-2546,T,2026-08-04,TEMPORARILY UNAVAILABLE (Public),24 hours daily,,,,,,,2,,Blink Network,https://blinkcharging.com,GPS,39.984188718226946,-82.87046879204894,2026-08-19,459525,2026-08-19 00:46:58 UTC,,,,2024-07-02,,,,,J1772COMBO,US,,,,TEMPORAIREMENT SUSPENDU (Public),,public,,,,,,,,,,,,,,,,,,,,false,,,,,,,,,false,
ELEC,Warner Middle School,600 Buckskin Trail,,Xenia,OH,45385,,949-945-2000,E,,Public,24 hours daily,,,,,,6,,,EVGATEWAY,https://evgateway.com,GPS,39.6787407,-83.9571649,2026-08-19,459629,2026-08-19 04:46:59 UTC,,,,2026-05-14,,,,,J1772,US,,,,Public,,public,,,,,,,,,,,,,,,,,,,,false,,,,,,,,,false,
ELEC,BUCKINGHAMEV CONTRAST OTR 2,1617 Elm St,,Cincinnati,OH,45202,,888-758-4389,E,,Public,24 hours daily,,,,,,2,,,ChargePoint Network,https://www.chargepoint.com,GPS,39.113375,-84.519536,2026-08-19,459714,2026-08-19 03:09:04 UTC,,,,2026-05-16,,,,,J1772,US,,,,Public,,public,,,,,,,,,,,,,,,,,,,,false,,,,,,,,,false,
ELEC,JEFF WYLER EXPRESS 250,8810 Colerain Avenue,,Cincinnati,OH,45251,,888-758-4389,E,,Public,24 hours daily,,,,,,,1,,ChargePoint Network,https://www.chargepoint.com,GPS,39.232185,-84.589504,2026-08-19,459892,2026-08-19 03:10:52 UTC,,,,2026-05-20,,,,,CHADEMO J1772COMBO,US,,,,Public,,public,,,,,,,,,,,,,,,,,,,,false,,,,,,,,,false,
ELEC,TSCC TERRACH1 LEFT,2830 Napoleon Road,NE Charger - Parking Lot D  Near Building F,Fremont,OH,43420,,888-758-4389,E,,Public,24 hours daily,,,,,,2,,,ChargePoint Network,https://www.chargepoint.com,GPS,41.354926,-83.158398,2026-08-19,459895,2026-08-19 03:11:04 UTC,,,,2026-05-20,,,,,J1772 TESLA,US,,,,Public,,public,,,,,,,,,,,,,,,,,,,,false,,,,,,,,,false,
ELEC,TSCC TERRACH1 RIGHT,2830 Napoleon Rd,Near Building F,Fremont,OH,43420,,888-758-4389,E,,Public,24 hours daily,,,,,,2,,,ChargePoint Network,https://www.chargepoint.com,GPS,41.349349,-83.155822,2026-08-19,459909,2026-08-19 03:11:16 UTC,,,,2026-05-20,,,,,J1772 TESLA,US,,,,Public,,public,,,,,,,,,,,,,,,,,,,,false,,,,,,,,,false,
ELEC,FIRSTENERGY A-BRSC-L1,3601 Ridge Rd,,Cleveland,OH,44102,,888-758-4389,E,,Public,24 hours daily,,,,,,2,,,ChargePoint Network,https://www.chargepoint.com,GPS,41.45616,-81.736368,2026-08-19,459967,2026-08-19 03:09:24 UTC,,,,2026-05-22,,,,,J1772,US,,,,Public,,public,,,,,,,,,,,,,,,,,,,,false,,,,,,,,,false,
ELEC,AAA Car Care Plus Grandview,686 Grandview Ave,,Columbus,OH,43215,,833-789-1400,E,,Public,24 hours daily,,,,,,1,,,CHARGEUP,https://novacharge.net/chargeup/,GPS,39.971206,-83.045554,2026-08-19,460045,2026-08-19 03:59:00 UTC,,,,2026-05-22,,,,,J1772,US,,,,Public,,public,,,,,,,,,,,,,,,,,,,,false,,,,,,,,,false,
ELEC,WRH SOUTH 1,1900 23rd St,,Cuyahoga Falls,OH,44223,,888-758-4389,E,,Public,24 hours daily,,,,,,2,,,ChargePoint Network,https://www.chargepoint.com,GPS,41.133683,-81.510023,2026-08-19,460156,2026-08-19 01:52:55 UTC,,,,2026-05-27,,,,,J1772,US,,,,Public,,public,,,,,,,,,,,,,,,,,,,,false,,,,,,,,,false,
ELEC,WRH NORTH 1,1900 23rd st,,Cuyahoga Falls,OH,44223,,888-758-4389,E,,Public,24 hours daily,,,,,,2,,,ChargePoint Network,https://www.chargepoint.com,GPS,41.133731,-81.510028,2026-08-19,460157,2026-08-19 01:52:55 UTC,,,,2026-05-27,,,,,J1772,US,,,,Public,,public,,,,,,,,,,,,,,,,,,,,false,,,,,,,,,false,
ELEC,North College Hill Admin Bldg - Phase 2,1500 W. Galbraith Road,,Cincinnati,OH,45231,,888-356-8911,E,,Public,24 hours daily,,,,,,4,,,FLO,https://www.flo.com,GPS,39.217678,-84.542267,2026-08-19,460243,2026-08-19 04:06:17 UTC,,,,2026-05-28,,,,,J1772,US,,,,Public,,public,,,,,,,,,,,,,,,,,,,,false,,,,,,,,,false,
ELEC,Findlay Community Center Lot,19 West Elder Street,,Cincinnati,OH,45202,,888-222-6618,E,,Public,,,,,,,4,,,NOODOE,https://www.noodoe.com,GPS,39.1153264,-84.5174023,2026-08-19,460244,2026-08-19 04:32:44 UTC,,,,2026-06-03,,,,,J1772,US,,,,Public,,public,,,,,,,,,,,,,,,,,,,,false,,,,,,,,,false,
ELEC,BUCKINGHAMEV CONTRAST OTR 1,1617 Elm St,,Cincinnati,OH,45202,,888-758-4389,E,,Public,24 hours daily,,,,,,2,,,ChargePoint Network,https://www.chargepoint.com,GPS,39.113389,-84.519541,2026-08-19,460404,2026-08-19 01:59:16 UTC,,,,2026-05-30,,,,,J1772,US,,,,Public,,public,,,,,,,,,,,,,,,,,,,,false,,,,,,,,,false,
ELEC,EV STATION LSQ STATION 2,5101 Bridewell St,In front of Dog park/beside gar # 45,Hilliard,OH,43026,,888-758-4389,E,,Public,24 hours daily,,,,,,2,,,ChargePoint Network,https://www.chargepoint.com,GPS,40.061439,-83.156288,2026-08-19,460447,2026-08-19 03:11:39 UTC,,,,2026-05-30,,,,,J1772,US,,,,Public,,public,,,,,,,,,,,,,,,,,,,,false,,,,,,,,,false,
ELEC,KENT FREE LIB KENT FREE LIBRA,143 River Street,,Kent,OH,44240,,888-758-4389,E,,Public,24 hours daily,,,,,,2,,,ChargePoint Network,https://www.chargepoint.com,GPS,41.152831,-81.361396,2026-08-19,460699,2026-08-19 03:11:59 UTC,,,,2026-06-05,,,,,J1772,US,,,,Public,,public,,,,,,,,,,,,,,,,,,,,false,,,,,,,,,false,
ELEC,"Menards Kent 3371 (Kent, OH)",4161 Maplecrest Pkwy,,Kent,OH,44240,,833-632-2778,E,,Public,24 hours daily,,,,,,,12,,Electrify America,https://www.electrifyamerica.com,GPS,41.10185,-81.38679,2026-08-19,460766,2026-08-19 03:33:10 UTC,,,,2026-06-06,,,,,J1772COMBO,US,,,,Public,,public,,,,,,,,,,,,,,,,,,,,false,,,,,,,,,false,
ELEC,EV STATION LSQ NF UDF,5139 Raglan Street 5155 Ragian St.,In front of Paris baguette,Hilliard,OH,43026,,888-758-4389,E,,Public,24 hours daily,,,,,,2,,,ChargePoint Network,https://www.chargepoint.com,GPS,40.061918,-83.157693,2026-08-19,460928,2026-08-19 03:11:50 UTC,,,,2026-06-11,,,,,J1772,US,,,,Public,,public,,,,,,,,,,,,,,,,,,,,false,,,,,,,,,false,
ELEC,Klaben Lincoln in Kent,1238 West Main Street,,Kent,OH,44240,,888-998-2546,E,,Public,24 hours daily,,,,,,4,,,Blink Network,https://blinkcharging.com,GPS,41.152048,-81.387971,2026-08-19,461087,2026-08-19 00:04:34 UTC,,,,2024-09-18,,,,,J1772,US,,,,Public,,public,,,,,,,,,,,,,,,,,,,,false,,,,,,,,,false,
ELEC,"Oregon, OH - Tesla Supercharger",2839 N Curtice Rd,,Curtice,OH,43412,,877-798-3752,E,,Public,24 hours daily. NACS partner enabled.,,,,,,,12,,Tesla,https://www.tesla.com/supercharger,GPS,41.617484,-83.48179,2026-06-18,461327,2026-06-18 14:46:21 UTC,P,,,2025-09-09,,,,,TESLA,US,,,,Public,,public,,,GROCERY,,,,,,,,,,,,,,,,,false,,,,,,,,,true,
ELEC,WESTERVILLE CITY HALL 4,21 S State Street,,Westerville,OH,43081,,888-758-4389,E,,Public,24 hours daily,,,,,,2,,,ChargePoint Network,https://www.chargepoint.com,GPS,40.124444,-82.932123,2026-08-19,461421,2026-08-19 03:12:34 UTC,,,,2026-06-20,,,,,J1772 TESLA,US,,,,Public,,public,,,,,,,,,,,,,,,,,,,,false,,,,,,,,,false,
ELEC,WESTERVILLE CITY HALL 3,21 S State Street,,Westerville,OH,43081,,888-758-4389,E,,Public,24 hours daily,,,,,,2,,,ChargePoint Network,https://www.chargepoint.com,GPS,40.124496,-82.932086,2026-08-19,461422,2026-08-19 03:12:34 UTC,,,,2026-06-20,,,,,J1772 TESLA,US,,,,Public,,public,,,,,,,,,,,,,,,,,,,,false,,,,,,,,,false,
ELEC,The Station at Trolly District S7's,1599 Oak Street,,Columbus,OH,43205,,888-998-2546,E,,Public,24 hours daily,,,,,,4,,,Blink Network,https://blinkcharging.com,GPS,39.96229021939151,-82.95749976096052,2026-08-19,461559,2026-08-19 00:18:52 UTC,,,,2025-06-22,,,,,J1772,US,,,,Public,,public,,,,,,,,,,,,,,,,,,,,false,,,,,,,,,false,
ELEC,SARTA CHARGERS MASSILLON,227 Tommy Henrich Dr NW,,Massillon,OH,44647,,888-758-4389,E,,Public,24 hours daily,,,,,,2,,,ChargePoint Network,https://www.chargepoint.com,GPS,40.797325,-81.52792,2026-08-19,461683,2026-08-19 02:39:50 UTC,,,,2026-06-24,,,,,J1772,US,,,,Public,,public,,,,,,,,,,,,,,,,,,,,false,,,,,,,,,false,
ELEC,Columbus MB.HPC,7990 State Route 37 E,,Sunbury,OH,43074,,833-622-4743,E,,Public,Open to all EV drivers,,,,,,,6,,MERCEDES_BENZ,https://www.mbusa.com/en/ev-charging-stations,GPS,40.265434,-82.920124,2026-08-19,461771,2026-08-19 05:33:58 UTC,,,,2026-06-24,,,,,J1772COMBO TESLA,US,,,,Public,,public,,,,,,,,,,,,,,,,,,,,false,,,,,,,,,false,
ELEC,Acura Dublin Bridge Park,4340 West Dublin-Granville Road,,Dublin,OH,43017,,888-998-2546,E,,Public,24 hours daily,,,,,,2,,,Blink Network,https://blinkcharging.com,GPS,40.100673564325675,-83.10760871095378,2026-08-19,462149,2026-08-19 00:49:23 UTC,,,,2026-06-24,,,,,J1772,US,,,,Public,,public,,,,,,,,,,,,,,,,,,,,false,,,,,,,,,false,
ELEC,SPRING HILL ONE,6402 Milan Rd,Station is on the Back side of the building,Sandusky,OH,44870,,888-758-4389,E,,Public,24 hours daily,,,,,,2,,,ChargePoint Network,https://www.chargepoint.com,GPS,41.393736,-82.649712,2026-08-19,462176,2026-08-19 03:12:29 UTC,,,,2026-06-25,,,,,J1772,US,,,,Public,,public,,,,,,,,,,,,,,,,,,,,false,,,,,,,,,false,
ELEC,SPRING HILL THREE,6300 Milan Rd,Station is on the back side of the buildin,Sandusky,OH,44870,,888-758-4389,E,,Public,24 hours daily,,,,,,2,,,ChargePoint Network,https://www.chargepoint.com,GPS,41.393736,-82.649594,2026-08-19,462177,2026-08-19 03:12:29 UTC,,,,2026-06-25,,,,,J1772,US,,,,Public,,public,,,,,,,,,,,,,,,,,,,,false,,,,,,,,,false,
ELEC,SPRING HILL TWO,6300 Milan Rd,Station is on the back side of the building,Sandusky,OH,44870,,888-758-4389,E,,Public,24 hours daily,,,,,,2,,,ChargePoint Network,https://www.chargepoint.com,GPS,41.393768,-82.649412,2026-08-19,462178,2026-08-19 03:12:31 UTC,,,,2026-06-25,,,,,J1772,US,,,,Public,,public,,,,,,,,,,,,,,,,,,,,false,,,,,,,,,false,
ELEC,Coastal Ridge Real Estate,9060 Heirloom Lane,,Reynoldsburg,OH,43068,,888-998-2546,E,,Public,24 hours daily,,,,,,2,,,Blink Network,https://blinkcharging.com,GPS,39.977567,-82.760323,2026-08-19,462237,2026-08-19 00:34:03 UTC,,,,2024-07-25,,,,,J1772,US,,,,Public,,public,,,,,,,,,,,,,,,,,,,,false,,,,,,,,,false,
ELEC,Roush Ford,5575 Keim Cir,,Columbus,OH,43228,,888-380-0264,T,2025-01-01,TEMPORARILY UNAVAILABLE (Public),24 hours daily,,,,,,,2,,Non-Networked,,GPS,39.9801422194764,-83.1539433814003,2026-07-15,462925,2026-07-15 18:38:56 UTC,P,,,,,,,,J1772COMBO,US,,,,TEMPORAIREMENT SUSPENDU (Public),,public,,,CAR_DEALER,,,,,,,,,,,,,,,,,false,,,,,,,,,false,
ELEC,1250 Mead Rd,1250 Mead Rd,,Bellbrook,OH,45305,,888-385-6671,E,,Public - Credit card at all times,24 hours daily,A ACCOUNT_BALANCE ANDROID_PAY APPLE_PAY D M V,,,,,2,,,LOOP,https://loopglobal.com,GPS,39.65436,-84.03421,2026-07-15,463229,2026-07-15 18:38:56 UTC,P,,,2025-08-11,,,,,J1772,US,,,,Public - Carte de crédit en tout temps,,public,CREDIT_CARD_ALWAYS,,OTHER,,,,,,,$20 monthly service fee; $0.30 per kWh,,,,,,,,,,false,,,,,,,,LD,false,
ELEC,Baumann Ford Genoa,22110 Ohio 51,,Genoa,OH,43430,,888-998-2546,E,,Public,24 hours daily,,,,,,,4,,Blink Network,https://blinkcharging.com,GPS,41.531733838171334,-83.3606234178658,2026-08-19,463251,2026-08-19 00:41:21 UTC,,,,2026-07-07,,,,,J1772COMBO,US,,,,Public,,public,,,,,,,,,,,,,,,,,,,,false,,,,,,,,,false,
ELEC,Jeff Wyler Honda - Colerain,8950 Colerain Ave,,Cincinnati,OH,45251,,513-741-3700,E,,Public - Credit card at all times,24 hours daily,,,,,,,1,,Non-Networked,,GPS,39.2343059603957,-84.5903739051014,2026-07-15,463331,2026-08-14 15:33:43 UTC,P,,,2025-10-10,,,,,J1772COMBO,US,,,,Public - Carte de crédit en tout temps,,public,CREDIT_CARD_ALWAYS,,CAR_DEALER,,,,,,,,,,,,,,,,,true,,,,,,,,,false,
ELEC,Baumann Ford Genoa,22110 OH-51,,Genoa,OH,43430,,419-855-8366,E,,Public,24 hours daily,,,,,,,2,,Non-Networked,,GPS,41.5318369254433,-83.3603073076742,2026-07-15,463340,2026-07-15 18:38:56 UTC,P,,,2026-07-15,,,,,J1772COMBO,US,,,,Public,,public,,,CAR_DEALER,,,,,,,$0.59 kWh,,,,,,,,,,false,,,,,,,,,false,
ELEC,GENESIS OF MENT OUTSIDE S,8494 Tyler Blvd,,Mentor,OH,44060,,888-758-4389,E,,Public,24 hours daily,,,,,,,1,,ChargePoint Network,https://www.chargepoint.com,GPS,41.683416,-81.335386,2026-08-19,463461,2026-08-19 02:22:01 UTC,,,,2026-07-10,,,,,CHADEMO J1772COMBO,US,,,,Public,,public,,,,,,,,,,,,,,,,,,,,false,,,,,,,,,false,
ELEC,GENESIS OF MENT OUTSIDE N,8490 Tyler Blvd,,Mentor,OH,44060,,888-758-4389,E,,Public,24 hours daily,,,,,,,1,,ChargePoint Network,https://www.chargepoint.com,GPS,41.683685,-81.335632,2026-08-19,463462,2026-08-19 02:22:01 UTC,,,,2026-07-10,,,,,CHADEMO J1772COMBO,US,,,,Public,,public,,,,,,,,,,,,,,,,,,,,false,,,,,,,,,false,
ELEC,GENESIS OF MENT SHOWROOM EAST,8494 Tyler Blvd,,Mentor,OH,44060,,888-758-4389,E,,Public,24 hours daily,,,,,,1,,,ChargePoint Network,https://www.chargepoint.com,GPS,41.683624,-81.33538,2026-08-19,463463,2026-08-19 02:22:01 UTC,,,,2026-07-10,,,,,J1772,US,,,,Public,,public,,,,,,,,,,,,,,,,,,,,false,,,,,,,,,false,
ELEC,GENESIS OF MENT SERVICE MIDDLE,8494 Tyler Blvd,,Mentor,OH,44060,,888-758-4389,E,,Public,24 hours daily,,,,,,1,,,ChargePoint Network,https://www.chargepoint.com,GPS,41.683466,-81.335109,2026-08-19,463464,2026-08-19 02:22:01 UTC,,,,2026-07-10,,,,,J1772,US,,,,Public,,public,,,,,,,,,,,,,,,,,,,,false,,,,,,,,,false,
ELEC,GENESIS OF MENT DELIVERY BAY,8494 Tyler Blvd,,Mentor,OH,44060,,888-758-4389,E,,Public,24 hours daily,,,,,,1,,,ChargePoint Network,https://www.chargepoint.com,GPS,41.683582,-81.335278,2026-08-19,463465,2026-08-19 02:22:02 UTC,,,,2026-07-10,,,,,J1772,US,,,,Public,,public,,,,,,,,,,,,,,,,,,,,false,,,,,,,,,false,
ELEC,Dutro Ford,132 S 5th St,,Zanesville,OH,43701,,888-357-1009,E,,Public,24 hours daily,A ANDROID_PAY APPLE_PAY CREDIT D Debit M V,,,,,,2,,FORD_CHARGE,https://www.ford.com/support/category/electric-vehicle/charging/public-charging/,GPS,39.9369077,-82.006393,2026-08-19,463480,2026-08-19 05:17:53 UTC,,,,2026-07-09,,,,,J1772COMBO,US,,,,Public,,public,,,PUBLIC,,,,,,,,,,,,,,,,,false,,,,,,,,,false,
ELEC,Dutro Ford,132 S 5th St,,Zanesville,OH,43701,,888-357-1009,E,,Public,24 hours daily,A ANDROID_PAY APPLE_PAY CREDIT D Debit M V,,,,,,2,,FORD_CHARGE,https://www.ford.com/support/category/electric-vehicle/charging/public-charging/,GPS,39.937403,-82.005737,2026-08-19,463481,2026-08-19 05:17:53 UTC,,,,2026-07-09,,,,,J1772COMBO,US,,,,Public,,public,,,PUBLIC,,,,,,,,,,,,,,,,,false,,,,,,,,,false,
ELEC,Walmart EV Charging,4000 Red Bank Rd,,Cincinnati,OH,45227,,833-886-9393,E,,Public,24 hours daily,CREDIT Debit,,,,,,8,,WALMART,https://www.walmart.com/cp/ev/9145505,GPS,39.148747,-84.402598,2026-08-11,463492,2026-08-11 19:06:23 UTC,P,,,2026-06-30,,,,,J1772COMBO TESLA,US,,,,Public,,public,,,SHOPPING_CENTER,,,,,,,$0.47 Peak / $0.29 Off-Peak per kWh,,,,,,,,,,false,,,,,,,,LD,false,
ELEC,UMU 149 E Simpson,149 East Simpson Street,,Alliance,OH,44601,,888-356-8911,E,,Public,24 hours daily,,,,,,1,,,FLO,https://www.flo.com,GPS,40.9049598,-81.1040333,2026-08-19,463652,2026-08-19 04:06:19 UTC,,,,2026-07-15,,,,,J1772,US,,,,Public,,public,,,,,,,,,,,,,,,,,,,,false,,,,,,,,,false,
ELEC,AKRON METRO RTA METRO PUBLIC DC,310 Kenmore Boulevard,ground level public station,Akron,OH,44301,,888-758-4389,E,,Public,24 hours daily,,,,,,,1,,ChargePoint Network,https://www.chargepoint.com,GPS,41.051695,-81.538534,2026-08-19,463900,2026-08-19 03:14:07 UTC,,,,2026-07-22,,,,,CHADEMO J1772COMBO,US,,,,Public,,public,,,,,,,,,,,,,,,,,,,,false,,,,,,,,,false,
ELEC,Pioneer Coffee - Tesla Supercharger (Pioneer Coffee),60 Lincolnview Dr,,Dalton,OH,44618,,877-798-3752,E,,Public,24 hours daily,A D Debit M V,,,,,,4,,Tesla,https://www.tesla.com/supercharger,GPS,40.795804,-81.696208,2026-08-11,465055,2026-08-11 19:06:23 UTC,P,,,2026-07-24,,,,,J1772COMBO TESLA,US,,,,Public,,public,,,RESTAURANT,,,,,,,$0.49 per kWh,,,,,,,,,,false,,,,,,,,LD,false,
ELEC,LCK63 0B97A0,8619 Industrial Pkwy,,Plain City,OH,43064,,888-758-4389,E,,Public,24 hours daily,,,,,,2,,,ChargePoint Network,https://www.chargepoint.com,GPS,40.136383,-83.211069,2026-08-19,465337,2026-08-19 03:10:59 UTC,,,,2026-07-31,,,,,J1772,US,,,,Public,,public,,,,,,,,,,,,,,,,,,,,false,,,,,,,,,false,
ELEC,Coughlin Kia of Dublin,7770 Weldon Road,,Plain City,OH,43064,,888-998-2546,E,,Public,24 hours daily,,,,,,,2,,Blink Network,https://blinkcharging.com,GPS,40.11590097969391,-83.1810420897893,2026-08-19,465615,2026-08-19 00:05:14 UTC,,,,2026-08-05,,,,,J1772COMBO,US,,,,Public,,public,,,,,,,,,,,,,,,,,,,,false,,,,,,,,,false,
ELEC,WOOSTER PD03 PD04,3401 Old Airport Rd,,Wooster,OH,44691,,888-758-4389,E,,Public,24 hours daily,,,,,,2,,,ChargePoint Network,https://www.chargepoint.com,GPS,40.83817,-81.906671,2026-08-19,465816,2026-08-19 03:03:46 UTC,,,,2026-08-11,,,,,J1772,US,,,,Public,,public,,,,,,,,,,,,,,,,,,,,false,,,,,,,,,false,
ELEC,City Express Findlay OH,941 Interstate Drive,,Findlay,OH,45840,,866-816-7584,E,,Public,24 hours daily,,,,,,2,,,EV Connect,https://www.evconnect.com,GPS,41.061059,-83.669128,2026-08-19,466003,2026-08-19 03:48:46 UTC,,,,2026-08-12,,,,,J1772,US,,,,Public,,public,,,,,,,,,,,,,,,,,,,,false,,,,,,,,,false,
ELEC,Lake County Admin-105 Main Street,105 Main Street,,Painesville,OH,44077,,888-356-8911,E,,Public,24 hours daily,,,,,,,1,,FLO,https://www.flo.com,GPS,41.7260162,-81.2440885,2026-08-19,466110,2026-08-19 04:06:20 UTC,,,,2026-08-14,,,,,CHADEMO J1772COMBO,US,,,,Public,,public,,,,,,,,,,,,,,,,,,,,false,,,,,,,,,false,
ELEC,PNC CENTER GARG RIGHT SIDE,8100 Mohawk Dr,,Strongsville,OH,44136,,888-758-4389,E,,Public,24 hours daily,,,,,,2,,,ChargePoint Network,https://www.chargepoint.com,GPS,41.349761,-81.812708,2026-08-19,466176,2026-08-19 03:14:43 UTC,,,,2026-08-15,,,,,J1772,US,,,,Public,,public,,,,,,,,,,,,,,,,,,,,false,,,,,,,,,false,
ELEC,PNC CENTER GARG LEFT SIDE,8100 Mohawk Dr,,Strongsville,OH,44136,,888-758-4389,E,,Public,24 hours daily,,,,,,2,,,ChargePoint Network,https://www.chargepoint.com,GPS,41.349845,-81.812617,2026-08-19,466177,2026-08-19 03:14:44 UTC,,,,2026-08-15,,,,,J1772,US,,,,Public,,public,,,,,,,,,,,,,,,,,,,,false,,,,,,,,,false,
ELEC,SOUTH EUCLID BEXLEY PARK #2,1630 Wrenford Road,,South Euclid,OH,44121,,888-758-4389,E,,Public,24 hours daily,,,,,,2,,,ChargePoint Network,https://www.chargepoint.com,GPS,41.514575,-81.530133,2026-08-19,466247,2026-08-19 03:14:45 UTC,,,,2026-08-18,,,,,J1772 TESLA,US,,,,Public,,public,,,,,,,,,,,,,,,,,,,,false,,,,,,,,,false,
